2026-07-22 08:58:58,738 [INFO] 
============================================================
2026-07-22 08:58:58,738 [INFO]   funzioni_ai_filter — avvio (versione ottimizzata)
2026-07-22 08:58:58,740 [INFO] ============================================================
2026-07-22 08:58:58,741 [INFO]   Excel     : C:\__SCRIPTS\AskTrainMind\DB Flotte ETR1000 Ver_1.7_00.xlsx
2026-07-22 08:58:58,741 [INFO]   AI model  : Ollama / llama3.2
2026-07-22 08:58:58,741 [INFO]   Partenza  : inizio foglio
2026-07-22 08:59:02,661 [INFO] HTTP Request: GET http://127.0.0.1:11434/api/tags "HTTP/1.1 200 OK"
2026-07-22 08:59:02,662 [INFO] ✅ Ollama OK — modello 'llama3.2' disponibile.
2026-07-22 08:59:03,495 [INFO]   [Cartelle] Base URL (da D5 data_only): https://gruppofsitaliane.sharepoint.com/:f:/r/sites/IngegneriaETReMezziLeggeri-Trenitalia/Shared%20Documents/DB_ETR1000/DOC_FLOTTE/
2026-07-22 08:59:03,496 [INFO]   [CONFIG] Configurazioni trovate in riga 1: ['VZI_Base', 'VZI_New14', 'VZ_FR', 'VZ_ES', 'VZI-6_R1', 'VZI-4_R1', 'VZ_DAI', 'VZ_Esxx']
2026-07-22 08:59:03,498 [INFO]   [CONFIG] 106 documenti caricati. Esempi: ['SW_Config', 'FPD_Drive Control', 'FPD_Conventional Train Control', 'FPD_Train Protection - ATP', 'FPD_TCMS Architecture', 'FPD_Propulsion and Auxiliary', 'FPD_Line Voltage', 'FPD_Auxiliary Electrical Supply']
2026-07-22 08:59:03,498 [INFO]   [MAN_CPR] Configurazioni trovate in riga 1: ['VZI_Base', 'VZI_New14', 'VZ_FR', 'VZ-ES', 'VZI-6_R1', 'VZI-4_R1']
2026-07-22 08:59:03,500 [INFO]   [MAN_CPR] 77 documenti caricati. Esempi: ['PBC_01A', 'PBC_01B', 'PBS_01A', 'MR1_01A', 'MR1_02A', 'MR1_03A', 'MR1_04A', 'MR1_05A']
2026-07-22 08:59:03,501 [INFO] Struttura foglio rilevata:
  FUNC ID=1, DESCRIZIONE=2, DOC CARTELLA=3, DOC ID=4, Info=5
  Configurazioni (6): ['VZI_Base', 'VZI_New14', 'VZ_FR', 'VZ_ES', 'VZI-6_R1', 'VZI-4_R1']
2026-07-22 08:59:03,502 [INFO] ▶ Elaborazione dall'inizio del foglio.
2026-07-22 08:59:03,502 [INFO]   Doc 'FS_DM1' [cartella: CONFIG] (riga 3): 2/6 configurazioni con link
2026-07-22 08:59:03,503 [INFO]   Doc 'FS_TT2' [cartella: CONFIG] (riga 7): 2/6 configurazioni con link
2026-07-22 08:59:03,503 [INFO]   Doc 'FRS_Brake Control' [cartella: CONFIG] (riga 11): 2/6 configurazioni con link
2026-07-22 08:59:03,503 [INFO]   Doc 'FPD_Brake Control' [cartella: CONFIG] (riga 14): 2/6 configurazioni con link
2026-07-22 08:59:03,504 [INFO]   Doc 'FS_DM1' [cartella: CONFIG] (riga 17): 2/6 configurazioni con link
2026-07-22 08:59:03,504 [INFO]   Doc 'FRS_Bogies' [cartella: CONFIG] (riga 21): 3/6 configurazioni con link
2026-07-22 08:59:03,504 [INFO]   Doc 'FPD_xx' [cartella: CONFIG] (riga 24): 0/6 configurazioni con link
2026-07-22 08:59:03,504 [INFO]   Doc 'FS_DM1' [cartella: CONFIG] (riga 27): 2/6 configurazioni con link
2026-07-22 08:59:03,505 [INFO]   Doc 'FRS_xx' [cartella: CONFIG] (riga 29): 0/6 configurazioni con link
2026-07-22 08:59:03,505 [INFO]   Doc 'FPD_xx' [cartella: CONFIG] (riga 31): 0/6 configurazioni con link
2026-07-22 08:59:03,505 [INFO]   Doc 'PBC_01A' [cartella: MAN_CPR] (riga 33): 2/6 configurazioni con link
2026-07-22 08:59:03,505 [INFO]   Doc 'DIA_Regole' [cartella: DIAGNOSTIC] (riga 36): 1/6 configurazioni con link
2026-07-22 08:59:03,506 [INFO]   Doc 'FD_TCMS' [cartella: GENERAL] (riga 38): 1/6 configurazioni con link
2026-07-22 08:59:03,506 [INFO]   Doc 'FRS_Line Voltage' [cartella: CONFIG] (riga 41): 4/6 configurazioni con link
2026-07-22 08:59:03,506 [INFO] 
───────────────────────────────────────────────────────
  FUNZIONE    : LV_Country_code_selection — Selezione su IDU del paese corrente, per informare
  DOCUMENTO   : FRS_Line Voltage
  DOC CARTELLA: CONFIG
  RIGA Doc    : 41 | RIGA AI: 43
───────────────────────────────────────────────────────
2026-07-22 08:59:03,506 [INFO]   [VZI_Base]
    URL    : https://gruppofsitaliane.sharepoint.com/:f:/r/sites/IngegneriaETReMezziLeggeri-Trenitalia/Shared%20Documents/DB_ETR1000/DOC_FLOTTE/VZI_Base/CONFIG/FRS/3EST000225-7907.pdf#page=7
    Pagina : '7' → 7
2026-07-22 08:59:03,507 [INFO]   [VZI_New14] nessun link — skip
2026-07-22 08:59:03,507 [INFO]   [VZ_FR]
    URL    : https://gruppofsitaliane.sharepoint.com/:f:/r/sites/IngegneriaETReMezziLeggeri-Trenitalia/Shared%20Documents/DB_ETR1000/DOC_FLOTTE/VZ_FR/CONFIG/FRS/3ECP413571-0401.pdf#page=7
    Pagina : '7' → 7
2026-07-22 08:59:03,507 [INFO]   [VZ_ES]
    URL    : https://gruppofsitaliane.sharepoint.com/:f:/r/sites/IngegneriaETReMezziLeggeri-Trenitalia/Shared%20Documents/DB_ETR1000/DOC_FLOTTE/VZ_ES/CONFIG/FRS/3EGH489028-2358.pdf#page=7
    Pagina : '7' → 7
2026-07-22 08:59:03,507 [INFO]   [VZI-6_R1]
    URL    : https://gruppofsitaliane.sharepoint.com/:f:/r/sites/IngegneriaETReMezziLeggeri-Trenitalia/Shared%20Documents/DB_ETR1000/DOC_FLOTTE/VZI-6_R1/CONFIG/FRS/FA020022045.pdf#page=12
    Pagina : '12' → 12
2026-07-22 08:59:03,508 [INFO]   [VZI-4_R1] nessun link — skip
2026-07-22 08:59:03,508 [INFO]   Doc 'FRS_Line Voltage' [cartella: CONFIG] (riga 45): 4/6 configurazioni con link
2026-07-22 08:59:03,508 [INFO] 
───────────────────────────────────────────────────────
  FUNZIONE    : LV_Pantograph_Lifting — Comando di alzamento pantografo 1 o 2 sulla base d
  DOCUMENTO   : FRS_Line Voltage
  DOC CARTELLA: CONFIG
  RIGA Doc    : 45 | RIGA AI: 47
───────────────────────────────────────────────────────
2026-07-22 08:59:03,508 [INFO]   [VZI_Base]
    URL    : https://gruppofsitaliane.sharepoint.com/:f:/r/sites/IngegneriaETReMezziLeggeri-Trenitalia/Shared%20Documents/DB_ETR1000/DOC_FLOTTE/VZI_Base/CONFIG/FRS/3EST000225-7907.pdf#page=8
    Pagina : '8' → 8
2026-07-22 08:59:03,509 [INFO]   [VZI_New14] nessun link — skip
2026-07-22 08:59:03,509 [INFO]   [VZ_FR]
    URL    : https://gruppofsitaliane.sharepoint.com/:f:/r/sites/IngegneriaETReMezziLeggeri-Trenitalia/Shared%20Documents/DB_ETR1000/DOC_FLOTTE/VZ_FR/CONFIG/FRS/3ECP413571-0401.pdf#page=8
    Pagina : '8' → 8
2026-07-22 08:59:03,509 [INFO]   [VZ_ES]
    URL    : https://gruppofsitaliane.sharepoint.com/:f:/r/sites/IngegneriaETReMezziLeggeri-Trenitalia/Shared%20Documents/DB_ETR1000/DOC_FLOTTE/VZ_ES/CONFIG/FRS/3EGH489028-2358.pdf#page=8
    Pagina : '8' → 8
2026-07-22 08:59:03,510 [INFO]   [VZI-6_R1]
    URL    : https://gruppofsitaliane.sharepoint.com/:f:/r/sites/IngegneriaETReMezziLeggeri-Trenitalia/Shared%20Documents/DB_ETR1000/DOC_FLOTTE/VZI-6_R1/CONFIG/FRS/FA020022045.pdf#page=13
    Pagina : '13' → 13
2026-07-22 08:59:03,510 [INFO]   [VZI-4_R1] nessun link — skip
2026-07-22 08:59:03,510 [INFO]   Doc 'FRS_Line Voltage' [cartella: CONFIG] (riga 49): 4/6 configurazioni con link
2026-07-22 08:59:03,510 [INFO] 
───────────────────────────────────────────────────────
  FUNZIONE    : LV_Pantograph_Lowering — Comando di abbassamento pantografo manuale/automat
  DOCUMENTO   : FRS_Line Voltage
  DOC CARTELLA: CONFIG
  RIGA Doc    : 49 | RIGA AI: 51
───────────────────────────────────────────────────────
2026-07-22 08:59:03,511 [INFO]   [VZI_Base]
    URL    : https://gruppofsitaliane.sharepoint.com/:f:/r/sites/IngegneriaETReMezziLeggeri-Trenitalia/Shared%20Documents/DB_ETR1000/DOC_FLOTTE/VZI_Base/CONFIG/FRS/3EST000225-7907.pdf#page=14
    Pagina : '14' → 14
2026-07-22 08:59:03,511 [INFO]   [VZI_New14] nessun link — skip
2026-07-22 08:59:03,511 [INFO]   [VZ_FR]
    URL    : https://gruppofsitaliane.sharepoint.com/:f:/r/sites/IngegneriaETReMezziLeggeri-Trenitalia/Shared%20Documents/DB_ETR1000/DOC_FLOTTE/VZ_FR/CONFIG/FRS/3ECP413571-0401.pdf#page=16
    Pagina : '16' → 16
2026-07-22 08:59:03,511 [INFO]   [VZ_ES]
    URL    : https://gruppofsitaliane.sharepoint.com/:f:/r/sites/IngegneriaETReMezziLeggeri-Trenitalia/Shared%20Documents/DB_ETR1000/DOC_FLOTTE/VZ_ES/CONFIG/FRS/3EGH489028-2358.pdf#page=14
    Pagina : '14' → 14
2026-07-22 08:59:03,511 [INFO]   [VZI-6_R1]
    URL    : https://gruppofsitaliane.sharepoint.com/:f:/r/sites/IngegneriaETReMezziLeggeri-Trenitalia/Shared%20Documents/DB_ETR1000/DOC_FLOTTE/VZI-6_R1/CONFIG/FRS/FA020022045.pdf#page=19
    Pagina : '19' → 19
2026-07-22 08:59:03,512 [INFO]   [VZI-4_R1] nessun link — skip
2026-07-22 08:59:03,512 [INFO]   Doc 'FRS_Line Voltage' [cartella: CONFIG] (riga 53): 4/6 configurazioni con link
2026-07-22 08:59:03,512 [INFO] 
───────────────────────────────────────────────────────
  FUNZIONE    : LV_Automatic_Dropping_Device_(ADD) — Dispositivo di abbassamento automatico del pantogr
  DOCUMENTO   : FRS_Line Voltage
  DOC CARTELLA: CONFIG
  RIGA Doc    : 53 | RIGA AI: 55
───────────────────────────────────────────────────────
2026-07-22 08:59:03,512 [INFO]   [VZI_Base]
    URL    : https://gruppofsitaliane.sharepoint.com/:f:/r/sites/IngegneriaETReMezziLeggeri-Trenitalia/Shared%20Documents/DB_ETR1000/DOC_FLOTTE/VZI_Base/CONFIG/FRS/3EST000225-7907.pdf#page=16
    Pagina : '16' → 16
2026-07-22 08:59:03,513 [INFO]   [VZI_New14] nessun link — skip
2026-07-22 08:59:03,513 [INFO]   [VZ_FR]
    URL    : https://gruppofsitaliane.sharepoint.com/:f:/r/sites/IngegneriaETReMezziLeggeri-Trenitalia/Shared%20Documents/DB_ETR1000/DOC_FLOTTE/VZ_FR/CONFIG/FRS/3ECP413571-0401.pdf#page=18
    Pagina : '18' → 18
2026-07-22 08:59:03,513 [INFO]   [VZ_ES]
    URL    : https://gruppofsitaliane.sharepoint.com/:f:/r/sites/IngegneriaETReMezziLeggeri-Trenitalia/Shared%20Documents/DB_ETR1000/DOC_FLOTTE/VZ_ES/CONFIG/FRS/3EGH489028-2358.pdf#page=16
    Pagina : '16' → 16
2026-07-22 08:59:03,513 [INFO]   [VZI-6_R1]
    URL    : https://gruppofsitaliane.sharepoint.com/:f:/r/sites/IngegneriaETReMezziLeggeri-Trenitalia/Shared%20Documents/DB_ETR1000/DOC_FLOTTE/VZI-6_R1/CONFIG/FRS/FA020022045.pdf#page=22
    Pagina : '22' → 22
2026-07-22 08:59:03,514 [INFO]   [VZI-4_R1] nessun link — skip
2026-07-22 08:59:03,514 [INFO]   Doc 'FRS_Line Voltage' [cartella: CONFIG] (riga 57): 4/6 configurazioni con link
2026-07-22 08:59:03,514 [INFO] 
───────────────────────────────────────────────────────
  FUNZIONE    : LV_Pantograph_Interlock — Interblocco automatico dei pantografi in caso di g
  DOCUMENTO   : FRS_Line Voltage
  DOC CARTELLA: CONFIG
  RIGA Doc    : 57 | RIGA AI: 59
───────────────────────────────────────────────────────
2026-07-22 08:59:03,514 [INFO]   [VZI_Base]
    URL    : https://gruppofsitaliane.sharepoint.com/:f:/r/sites/IngegneriaETReMezziLeggeri-Trenitalia/Shared%20Documents/DB_ETR1000/DOC_FLOTTE/VZI_Base/CONFIG/FRS/3EST000225-7907.pdf#page=18
    Pagina : '18' → 18
2026-07-22 08:59:03,514 [INFO]   [VZI_New14] nessun link — skip
2026-07-22 08:59:03,515 [INFO]   [VZ_FR]
    URL    : https://gruppofsitaliane.sharepoint.com/:f:/r/sites/IngegneriaETReMezziLeggeri-Trenitalia/Shared%20Documents/DB_ETR1000/DOC_FLOTTE/VZ_FR/CONFIG/FRS/3ECP413571-0401.pdf#page=21
    Pagina : '21' → 21
2026-07-22 08:59:03,515 [INFO]   [VZ_ES]
    URL    : https://gruppofsitaliane.sharepoint.com/:f:/r/sites/IngegneriaETReMezziLeggeri-Trenitalia/Shared%20Documents/DB_ETR1000/DOC_FLOTTE/VZ_ES/CONFIG/FRS/3EGH489028-2358.pdf#page=21
    Pagina : '21' → 21
2026-07-22 08:59:03,515 [INFO]   [VZI-6_R1]
    URL    : https://gruppofsitaliane.sharepoint.com/:f:/r/sites/IngegneriaETReMezziLeggeri-Trenitalia/Shared%20Documents/DB_ETR1000/DOC_FLOTTE/VZI-6_R1/CONFIG/FRS/FA020022045.pdf#page=26
    Pagina : '26' → 26
2026-07-22 08:59:03,515 [INFO]   [VZI-4_R1] nessun link — skip
2026-07-22 08:59:03,516 [INFO]   Doc 'FRS_Line Voltage' [cartella: CONFIG] (riga 61): 4/6 configurazioni con link
2026-07-22 08:59:03,516 [INFO] 
───────────────────────────────────────────────────────
  FUNZIONE    : LV_Pantograph_Selection — Selezione del pantografo in base al paese (tipolog
  DOCUMENTO   : FRS_Line Voltage
  DOC CARTELLA: CONFIG
  RIGA Doc    : 61 | RIGA AI: 63
───────────────────────────────────────────────────────
2026-07-22 08:59:03,516 [INFO]   [VZI_Base]
    URL    : https://gruppofsitaliane.sharepoint.com/:f:/r/sites/IngegneriaETReMezziLeggeri-Trenitalia/Shared%20Documents/DB_ETR1000/DOC_FLOTTE/VZI_Base/CONFIG/FRS/3EST000225-7907.pdf#page=20
    Pagina : '20' → 20
2026-07-22 08:59:03,516 [INFO]   [VZI_New14] nessun link — skip
2026-07-22 08:59:03,516 [INFO]   [VZ_FR]
    URL    : https://gruppofsitaliane.sharepoint.com/:f:/r/sites/IngegneriaETReMezziLeggeri-Trenitalia/Shared%20Documents/DB_ETR1000/DOC_FLOTTE/VZ_FR/CONFIG/FRS/3ECP413571-0401.pdf#page=22
    Pagina : '22' → 22
2026-07-22 08:59:03,517 [INFO]   [VZ_ES]
    URL    : https://gruppofsitaliane.sharepoint.com/:f:/r/sites/IngegneriaETReMezziLeggeri-Trenitalia/Shared%20Documents/DB_ETR1000/DOC_FLOTTE/VZ_ES/CONFIG/FRS/3EGH489028-2358.pdf#page=22
    Pagina : '22' → 22
2026-07-22 08:59:03,517 [INFO]   [VZI-6_R1]
    URL    : https://gruppofsitaliane.sharepoint.com/:f:/r/sites/IngegneriaETReMezziLeggeri-Trenitalia/Shared%20Documents/DB_ETR1000/DOC_FLOTTE/VZI-6_R1/CONFIG/FRS/FA020022045.pdf#page=28
    Pagina : '28' → 28
2026-07-22 08:59:03,517 [INFO]   [VZI-4_R1] nessun link — skip
2026-07-22 08:59:03,517 [INFO]   Doc 'FRS_Line Voltage' [cartella: CONFIG] (riga 65): 4/6 configurazioni con link
2026-07-22 08:59:03,517 [INFO] 
───────────────────────────────────────────────────────
  FUNZIONE    : LV_Pantograph_Control_of_Static_Contact_Force — Controllo della forza statica/pressione del pantog
  DOCUMENTO   : FRS_Line Voltage
  DOC CARTELLA: CONFIG
  RIGA Doc    : 65 | RIGA AI: 67
───────────────────────────────────────────────────────
2026-07-22 08:59:03,518 [INFO]   [VZI_Base]
    URL    : https://gruppofsitaliane.sharepoint.com/:f:/r/sites/IngegneriaETReMezziLeggeri-Trenitalia/Shared%20Documents/DB_ETR1000/DOC_FLOTTE/VZI_Base/CONFIG/FRS/3EST000225-7907.pdf#page=21
    Pagina : '21' → 21
2026-07-22 08:59:03,518 [INFO]   [VZI_New14] nessun link — skip
2026-07-22 08:59:03,518 [INFO]   [VZ_FR]
    URL    : https://gruppofsitaliane.sharepoint.com/:f:/r/sites/IngegneriaETReMezziLeggeri-Trenitalia/Shared%20Documents/DB_ETR1000/DOC_FLOTTE/VZ_FR/CONFIG/FRS/3ECP413571-0401.pdf#page=24
    Pagina : '24' → 24
2026-07-22 08:59:03,518 [INFO]   [VZ_ES]
    URL    : https://gruppofsitaliane.sharepoint.com/:f:/r/sites/IngegneriaETReMezziLeggeri-Trenitalia/Shared%20Documents/DB_ETR1000/DOC_FLOTTE/VZ_ES/CONFIG/FRS/3EGH489028-2358.pdf#page=23
    Pagina : '23' → 23
2026-07-22 08:59:03,518 [INFO]   [VZI-6_R1]
    URL    : https://gruppofsitaliane.sharepoint.com/:f:/r/sites/IngegneriaETReMezziLeggeri-Trenitalia/Shared%20Documents/DB_ETR1000/DOC_FLOTTE/VZI-6_R1/CONFIG/FRS/FA020022045.pdf#page=29
    Pagina : '29' → 29
2026-07-22 08:59:03,519 [INFO]   [VZI-4_R1] nessun link — skip
2026-07-22 08:59:03,519 [INFO]   Doc 'FRS_Line Voltage' [cartella: CONFIG] (riga 69): 4/6 configurazioni con link
2026-07-22 08:59:03,520 [INFO] 
───────────────────────────────────────────────────────
  FUNZIONE    : LV_Line_Voltage_Supervision — Controllo della tensione di linea tramite sensori 
  DOCUMENTO   : FRS_Line Voltage
  DOC CARTELLA: CONFIG
  RIGA Doc    : 69 | RIGA AI: 71
───────────────────────────────────────────────────────
2026-07-22 08:59:03,523 [INFO]   [VZI_Base]
    URL    : https://gruppofsitaliane.sharepoint.com/:f:/r/sites/IngegneriaETReMezziLeggeri-Trenitalia/Shared%20Documents/DB_ETR1000/DOC_FLOTTE/VZI_Base/CONFIG/FRS/3EST000225-7907.pdf#page=23
    Pagina : '23' → 23
2026-07-22 08:59:03,523 [INFO]   [VZI_New14] nessun link — skip
2026-07-22 08:59:03,524 [INFO]   [VZ_FR]
    URL    : https://gruppofsitaliane.sharepoint.com/:f:/r/sites/IngegneriaETReMezziLeggeri-Trenitalia/Shared%20Documents/DB_ETR1000/DOC_FLOTTE/VZ_FR/CONFIG/FRS/3ECP413571-0401.pdf#page=25
    Pagina : '25' → 25
2026-07-22 08:59:03,525 [INFO]   [VZ_ES]
    URL    : https://gruppofsitaliane.sharepoint.com/:f:/r/sites/IngegneriaETReMezziLeggeri-Trenitalia/Shared%20Documents/DB_ETR1000/DOC_FLOTTE/VZ_ES/CONFIG/FRS/3EGH489028-2358.pdf#page=24
    Pagina : '24' → 24
2026-07-22 08:59:03,525 [INFO]   [VZI-6_R1]
    URL    : https://gruppofsitaliane.sharepoint.com/:f:/r/sites/IngegneriaETReMezziLeggeri-Trenitalia/Shared%20Documents/DB_ETR1000/DOC_FLOTTE/VZI-6_R1/CONFIG/FRS/FA020022045.pdf#page=30
    Pagina : '30' → 30
2026-07-22 08:59:03,526 [INFO]   [VZI-4_R1] nessun link — skip
2026-07-22 08:59:03,526 [INFO]   Doc 'FRS_Line Voltage' [cartella: CONFIG] (riga 73): 4/6 configurazioni con link
2026-07-22 08:59:03,526 [INFO] 
───────────────────────────────────────────────────────
  FUNZIONE    : LV_Line_Current_Supervision — Controllo della corrente di linea
  DOCUMENTO   : FRS_Line Voltage
  DOC CARTELLA: CONFIG
  RIGA Doc    : 73 | RIGA AI: 75
───────────────────────────────────────────────────────
2026-07-22 08:59:03,527 [INFO]   [VZI_Base]
    URL    : https://gruppofsitaliane.sharepoint.com/:f:/r/sites/IngegneriaETReMezziLeggeri-Trenitalia/Shared%20Documents/DB_ETR1000/DOC_FLOTTE/VZI_Base/CONFIG/FRS/3EST000225-7907.pdf#page=25
    Pagina : '25' → 25
2026-07-22 08:59:03,527 [INFO]   [VZI_New14] nessun link — skip
2026-07-22 08:59:03,528 [INFO]   [VZ_FR]
    URL    : https://gruppofsitaliane.sharepoint.com/:f:/r/sites/IngegneriaETReMezziLeggeri-Trenitalia/Shared%20Documents/DB_ETR1000/DOC_FLOTTE/VZ_FR/CONFIG/FRS/3ECP413571-0401.pdf#page=29
    Pagina : '29' → 29
2026-07-22 08:59:03,528 [INFO]   [VZ_ES]
    URL    : https://gruppofsitaliane.sharepoint.com/:f:/r/sites/IngegneriaETReMezziLeggeri-Trenitalia/Shared%20Documents/DB_ETR1000/DOC_FLOTTE/VZ_ES/CONFIG/FRS/3EGH489028-2358.pdf#page=27
    Pagina : '27' → 27
2026-07-22 08:59:03,528 [INFO]   [VZI-6_R1]
    URL    : https://gruppofsitaliane.sharepoint.com/:f:/r/sites/IngegneriaETReMezziLeggeri-Trenitalia/Shared%20Documents/DB_ETR1000/DOC_FLOTTE/VZI-6_R1/CONFIG/FRS/FA020022045.pdf#page=36
    Pagina : '36' → 36
2026-07-22 08:59:03,528 [INFO]   [VZI-4_R1] nessun link — skip
2026-07-22 08:59:03,529 [INFO]   Doc 'FRS_Line Voltage' [cartella: CONFIG] (riga 77): 4/6 configurazioni con link
2026-07-22 08:59:03,529 [INFO] 
───────────────────────────────────────────────────────
  FUNZIONE    : LV_Line_Interference_Monitor — Controllo correnti/interferenze indesiderate di li
  DOCUMENTO   : FRS_Line Voltage
  DOC CARTELLA: CONFIG
  RIGA Doc    : 77 | RIGA AI: 79
───────────────────────────────────────────────────────
2026-07-22 08:59:03,529 [INFO]   [VZI_Base]
    URL    : https://gruppofsitaliane.sharepoint.com/:f:/r/sites/IngegneriaETReMezziLeggeri-Trenitalia/Shared%20Documents/DB_ETR1000/DOC_FLOTTE/VZI_Base/CONFIG/FRS/3EST000225-7907.pdf#page=27
    Pagina : '27' → 27
2026-07-22 08:59:03,529 [INFO]   [VZI_New14] nessun link — skip
2026-07-22 08:59:03,530 [INFO]   [VZ_FR]
    URL    : https://gruppofsitaliane.sharepoint.com/:f:/r/sites/IngegneriaETReMezziLeggeri-Trenitalia/Shared%20Documents/DB_ETR1000/DOC_FLOTTE/VZ_FR/CONFIG/FRS/3ECP413571-0401.pdf#page=31
    Pagina : '31' → 31
2026-07-22 08:59:03,530 [INFO]   [VZ_ES]
    URL    : https://gruppofsitaliane.sharepoint.com/:f:/r/sites/IngegneriaETReMezziLeggeri-Trenitalia/Shared%20Documents/DB_ETR1000/DOC_FLOTTE/VZ_ES/CONFIG/FRS/3EGH489028-2358.pdf#page=29
    Pagina : '29' → 29
2026-07-22 08:59:03,531 [INFO]   [VZI-6_R1]
    URL    : https://gruppofsitaliane.sharepoint.com/:f:/r/sites/IngegneriaETReMezziLeggeri-Trenitalia/Shared%20Documents/DB_ETR1000/DOC_FLOTTE/VZI-6_R1/CONFIG/FRS/FA020022045.pdf#page=39
    Pagina : '39' → 39
2026-07-22 08:59:03,531 [INFO]   [VZI-4_R1] nessun link — skip
2026-07-22 08:59:03,532 [INFO]   Doc 'FRS_Line Voltage' [cartella: CONFIG] (riga 81): 4/6 configurazioni con link
2026-07-22 08:59:03,532 [INFO] 
───────────────────────────────────────────────────────
  FUNZIONE    : LV_LIM_50Hz_protection_bypass — Bypass della protezione LIM 50 Hz
  DOCUMENTO   : FRS_Line Voltage
  DOC CARTELLA: CONFIG
  RIGA Doc    : 81 | RIGA AI: 83
───────────────────────────────────────────────────────
2026-07-22 08:59:03,533 [INFO]   [VZI_Base]
    URL    : https://gruppofsitaliane.sharepoint.com/:f:/r/sites/IngegneriaETReMezziLeggeri-Trenitalia/Shared%20Documents/DB_ETR1000/DOC_FLOTTE/VZI_Base/CONFIG/FRS/3EST000225-7907.pdf#page=29
    Pagina : '29' → 29
2026-07-22 08:59:03,533 [INFO]   [VZI_New14] nessun link — skip
2026-07-22 08:59:03,533 [INFO]   [VZ_FR]
    URL    : https://gruppofsitaliane.sharepoint.com/:f:/r/sites/IngegneriaETReMezziLeggeri-Trenitalia/Shared%20Documents/DB_ETR1000/DOC_FLOTTE/VZ_FR/CONFIG/FRS/3ECP413571-0401.pdf#page=34
    Pagina : '34' → 34
2026-07-22 08:59:03,534 [INFO]   [VZ_ES]
    URL    : https://gruppofsitaliane.sharepoint.com/:f:/r/sites/IngegneriaETReMezziLeggeri-Trenitalia/Shared%20Documents/DB_ETR1000/DOC_FLOTTE/VZ_ES/CONFIG/FRS/3EGH489028-2358.pdf#page=31
    Pagina : '31' → 31
2026-07-22 08:59:03,534 [INFO]   [VZI-6_R1]
    URL    : https://gruppofsitaliane.sharepoint.com/:f:/r/sites/IngegneriaETReMezziLeggeri-Trenitalia/Shared%20Documents/DB_ETR1000/DOC_FLOTTE/VZI-6_R1/CONFIG/FRS/FA020022045.pdf#page=42
    Pagina : '42' → 42
2026-07-22 08:59:03,534 [INFO]   [VZI-4_R1] nessun link — skip
2026-07-22 08:59:03,535 [INFO]   Doc 'FRS_Line Voltage' [cartella: CONFIG] (riga 85): 4/6 configurazioni con link
2026-07-22 08:59:03,535 [INFO] 
───────────────────────────────────────────────────────
  FUNZIONE    : LV_Neutral_Section_Passing — Gestione del passaggio in sezione neutra:
- automa
  DOCUMENTO   : FRS_Line Voltage
  DOC CARTELLA: CONFIG
  RIGA Doc    : 85 | RIGA AI: 87
───────────────────────────────────────────────────────
2026-07-22 08:59:03,535 [INFO]   [VZI_Base]
    URL    : https://gruppofsitaliane.sharepoint.com/:f:/r/sites/IngegneriaETReMezziLeggeri-Trenitalia/Shared%20Documents/DB_ETR1000/DOC_FLOTTE/VZI_Base/CONFIG/FRS/3EST000225-7907.pdf#page=30
    Pagina : '30' → 30
2026-07-22 08:59:03,536 [INFO]   [VZI_New14] nessun link — skip
2026-07-22 08:59:03,536 [INFO]   [VZ_FR]
    URL    : https://gruppofsitaliane.sharepoint.com/:f:/r/sites/IngegneriaETReMezziLeggeri-Trenitalia/Shared%20Documents/DB_ETR1000/DOC_FLOTTE/VZ_FR/CONFIG/FRS/3ECP413571-0401.pdf#page=35
    Pagina : '35' → 35
2026-07-22 08:59:03,537 [INFO]   [VZ_ES]
    URL    : https://gruppofsitaliane.sharepoint.com/:f:/r/sites/IngegneriaETReMezziLeggeri-Trenitalia/Shared%20Documents/DB_ETR1000/DOC_FLOTTE/VZ_ES/CONFIG/FRS/3EGH489028-2358.pdf#page=32
    Pagina : '32' → 32
2026-07-22 08:59:03,537 [INFO]   [VZI-6_R1]
    URL    : https://gruppofsitaliane.sharepoint.com/:f:/r/sites/IngegneriaETReMezziLeggeri-Trenitalia/Shared%20Documents/DB_ETR1000/DOC_FLOTTE/VZI-6_R1/CONFIG/FRS/FA020022045.pdf#page=43
    Pagina : '43' → 43
2026-07-22 08:59:03,538 [INFO]   [VZI-4_R1] nessun link — skip
2026-07-22 08:59:03,538 [INFO]   Doc 'FRS_Line Voltage' [cartella: CONFIG] (riga 89): 4/6 configurazioni con link
2026-07-22 08:59:03,538 [INFO] 
───────────────────────────────────────────────────────
  FUNZIONE    : LV_System_Selection — Selezione tramite commutatore a 4 posizioni della 
  DOCUMENTO   : FRS_Line Voltage
  DOC CARTELLA: CONFIG
  RIGA Doc    : 89 | RIGA AI: 91
───────────────────────────────────────────────────────
2026-07-22 08:59:03,539 [INFO]   [VZI_Base]
    URL    : https://gruppofsitaliane.sharepoint.com/:f:/r/sites/IngegneriaETReMezziLeggeri-Trenitalia/Shared%20Documents/DB_ETR1000/DOC_FLOTTE/VZI_Base/CONFIG/FRS/3EST000225-7907.pdf#page=34
    Pagina : '34' → 34
2026-07-22 08:59:03,539 [INFO]   [VZI_New14] nessun link — skip
2026-07-22 08:59:03,539 [INFO]   [VZ_FR]
    URL    : https://gruppofsitaliane.sharepoint.com/:f:/r/sites/IngegneriaETReMezziLeggeri-Trenitalia/Shared%20Documents/DB_ETR1000/DOC_FLOTTE/VZ_FR/CONFIG/FRS/3ECP413571-0401.pdf#page=39
    Pagina : '39' → 39
2026-07-22 08:59:03,539 [INFO]   [VZ_ES]
    URL    : https://gruppofsitaliane.sharepoint.com/:f:/r/sites/IngegneriaETReMezziLeggeri-Trenitalia/Shared%20Documents/DB_ETR1000/DOC_FLOTTE/VZ_ES/CONFIG/FRS/3EGH489028-2358.pdf#page=35
    Pagina : '35' → 35
2026-07-22 08:59:03,539 [INFO]   [VZI-6_R1]
    URL    : https://gruppofsitaliane.sharepoint.com/:f:/r/sites/IngegneriaETReMezziLeggeri-Trenitalia/Shared%20Documents/DB_ETR1000/DOC_FLOTTE/VZI-6_R1/CONFIG/FRS/FA020022045.pdf#page=47
    Pagina : '47' → 47
2026-07-22 08:59:03,540 [INFO]   [VZI-4_R1] nessun link — skip
2026-07-22 08:59:03,540 [INFO]   Doc 'FRS_Line Voltage' [cartella: CONFIG] (riga 93): 4/6 configurazioni con link
2026-07-22 08:59:03,541 [INFO] 
───────────────────────────────────────────────────────
  FUNZIONE    : LV_Line_Circuit_Breaker_Closing — Chiusura dell’interruttore di linea (LCB) per coll
  DOCUMENTO   : FRS_Line Voltage
  DOC CARTELLA: CONFIG
  RIGA Doc    : 93 | RIGA AI: 95
───────────────────────────────────────────────────────
2026-07-22 08:59:03,541 [INFO]   [VZI_Base]
    URL    : https://gruppofsitaliane.sharepoint.com/:f:/r/sites/IngegneriaETReMezziLeggeri-Trenitalia/Shared%20Documents/DB_ETR1000/DOC_FLOTTE/VZI_Base/CONFIG/FRS/3EST000225-7907.pdf#page=37
    Pagina : '37' → 37
2026-07-22 08:59:03,542 [INFO]   [VZI_New14] nessun link — skip
2026-07-22 08:59:03,542 [INFO]   [VZ_FR]
    URL    : https://gruppofsitaliane.sharepoint.com/:f:/r/sites/IngegneriaETReMezziLeggeri-Trenitalia/Shared%20Documents/DB_ETR1000/DOC_FLOTTE/VZ_FR/CONFIG/FRS/3ECP413571-0401.pdf#page=42
    Pagina : '42' → 42
2026-07-22 08:59:03,543 [INFO]   [VZ_ES]
    URL    : https://gruppofsitaliane.sharepoint.com/:f:/r/sites/IngegneriaETReMezziLeggeri-Trenitalia/Shared%20Documents/DB_ETR1000/DOC_FLOTTE/VZ_ES/CONFIG/FRS/3EGH489028-2358.pdf#page=38
    Pagina : '38' → 38
2026-07-22 08:59:03,543 [INFO]   [VZI-6_R1]
    URL    : https://gruppofsitaliane.sharepoint.com/:f:/r/sites/IngegneriaETReMezziLeggeri-Trenitalia/Shared%20Documents/DB_ETR1000/DOC_FLOTTE/VZI-6_R1/CONFIG/FRS/FA020022045.pdf#page=50
    Pagina : '50' → 50
2026-07-22 08:59:03,544 [INFO]   [VZI-4_R1] nessun link — skip
2026-07-22 08:59:03,544 [INFO]   Doc 'FRS_Line Voltage' [cartella: CONFIG] (riga 97): 4/6 configurazioni con link
2026-07-22 08:59:03,544 [INFO] 
───────────────────────────────────────────────────────
  FUNZIONE    : LV_Line_Circuit_Breaker_Opening — Apertura LCB su comando o per intervento protezion
  DOCUMENTO   : FRS_Line Voltage
  DOC CARTELLA: CONFIG
  RIGA Doc    : 97 | RIGA AI: 99
───────────────────────────────────────────────────────
2026-07-22 08:59:03,545 [INFO]   [VZI_Base]
    URL    : https://gruppofsitaliane.sharepoint.com/:f:/r/sites/IngegneriaETReMezziLeggeri-Trenitalia/Shared%20Documents/DB_ETR1000/DOC_FLOTTE/VZI_Base/CONFIG/FRS/3EST000225-7907.pdf#page=40
    Pagina : '40' → 40
2026-07-22 08:59:03,547 [INFO]   [VZI_New14] nessun link — skip
2026-07-22 08:59:03,547 [INFO]   [VZ_FR]
    URL    : https://gruppofsitaliane.sharepoint.com/:f:/r/sites/IngegneriaETReMezziLeggeri-Trenitalia/Shared%20Documents/DB_ETR1000/DOC_FLOTTE/VZ_FR/CONFIG/FRS/3ECP413571-0401.pdf#page=46
    Pagina : '46' → 46
2026-07-22 08:59:03,548 [INFO]   [VZ_ES]
    URL    : https://gruppofsitaliane.sharepoint.com/:f:/r/sites/IngegneriaETReMezziLeggeri-Trenitalia/Shared%20Documents/DB_ETR1000/DOC_FLOTTE/VZ_ES/CONFIG/FRS/3EGH489028-2358.pdf#page=42
    Pagina : '42' → 42
2026-07-22 08:59:03,548 [INFO]   [VZI-6_R1]
    URL    : https://gruppofsitaliane.sharepoint.com/:f:/r/sites/IngegneriaETReMezziLeggeri-Trenitalia/Shared%20Documents/DB_ETR1000/DOC_FLOTTE/VZI-6_R1/CONFIG/FRS/FA020022045.pdf#page=56
    Pagina : '56' → 56
2026-07-22 08:59:03,548 [INFO]   [VZI-4_R1] nessun link — skip
2026-07-22 08:59:03,548 [INFO]   Doc 'FRS_Line Voltage' [cartella: CONFIG] (riga 101): 4/6 configurazioni con link
2026-07-22 08:59:03,549 [INFO] 
───────────────────────────────────────────────────────
  FUNZIONE    : LV_Isolate_High_Voltage — Isolamento di sezioni HV guaste per mantenere disp
  DOCUMENTO   : FRS_Line Voltage
  DOC CARTELLA: CONFIG
  RIGA Doc    : 101 | RIGA AI: 103
───────────────────────────────────────────────────────
2026-07-22 08:59:03,549 [INFO]   [VZI_Base]
    URL    : https://gruppofsitaliane.sharepoint.com/:f:/r/sites/IngegneriaETReMezziLeggeri-Trenitalia/Shared%20Documents/DB_ETR1000/DOC_FLOTTE/VZI_Base/CONFIG/FRS/3EST000225-7907.pdf#page=45
    Pagina : '45' → 45
2026-07-22 08:59:03,549 [INFO]   [VZI_New14] nessun link — skip
2026-07-22 08:59:03,549 [INFO]   [VZ_FR]
    URL    : https://gruppofsitaliane.sharepoint.com/:f:/r/sites/IngegneriaETReMezziLeggeri-Trenitalia/Shared%20Documents/DB_ETR1000/DOC_FLOTTE/VZ_FR/CONFIG/FRS/3ECP413571-0401.pdf#page=52
    Pagina : '52' → 52
2026-07-22 08:59:03,550 [INFO]   [VZ_ES]
    URL    : https://gruppofsitaliane.sharepoint.com/:f:/r/sites/IngegneriaETReMezziLeggeri-Trenitalia/Shared%20Documents/DB_ETR1000/DOC_FLOTTE/VZ_ES/CONFIG/FRS/3EGH489028-2358.pdf#page=47
    Pagina : '47' → 47
2026-07-22 08:59:03,550 [INFO]   [VZI-6_R1]
    URL    : https://gruppofsitaliane.sharepoint.com/:f:/r/sites/IngegneriaETReMezziLeggeri-Trenitalia/Shared%20Documents/DB_ETR1000/DOC_FLOTTE/VZI-6_R1/CONFIG/FRS/FA020022045.pdf#page=61
    Pagina : '61' → 61
2026-07-22 08:59:03,550 [INFO]   [VZI-4_R1] nessun link — skip
2026-07-22 08:59:03,551 [INFO]   Doc 'FRS_Line Voltage' [cartella: CONFIG] (riga 105): 1/6 configurazioni con link
2026-07-22 08:59:03,551 [INFO] 
───────────────────────────────────────────────────────
  FUNZIONE    : LV_Main_Transformer_cooling_control — Controllo da parte della PCU della velocità delle 
  DOCUMENTO   : FRS_Line Voltage
  DOC CARTELLA: CONFIG
  RIGA Doc    : 105 | RIGA AI: 107
───────────────────────────────────────────────────────
2026-07-22 08:59:03,551 [INFO]   [VZI_Base] nessun link — skip
2026-07-22 08:59:03,552 [INFO]   [VZI_New14] nessun link — skip
2026-07-22 08:59:03,553 [INFO]   [VZ_FR] nessun link — skip
2026-07-22 08:59:03,553 [INFO]   [VZ_ES] nessun link — skip
2026-07-22 08:59:03,553 [INFO]   [VZI-6_R1]
    URL    : https://gruppofsitaliane.sharepoint.com/:f:/r/sites/IngegneriaETReMezziLeggeri-Trenitalia/Shared%20Documents/DB_ETR1000/DOC_FLOTTE/VZI-6_R1/CONFIG/FRS/FA020022045.pdf#page=65
    Pagina : '65' → 65
2026-07-22 08:59:03,554 [INFO]   [VZI-4_R1] nessun link — skip
2026-07-22 08:59:03,554 [INFO]   Doc 'FRS_Line Voltage' [cartella: CONFIG] (riga 109): 1/6 configurazioni con link
2026-07-22 08:59:03,554 [INFO] 
───────────────────────────────────────────────────────
  FUNZIONE    : LV_Main_Transformer_Supervision — Controllo da parte della PCU della temperatura del
  DOCUMENTO   : FRS_Line Voltage
  DOC CARTELLA: CONFIG
  RIGA Doc    : 109 | RIGA AI: 111
───────────────────────────────────────────────────────
2026-07-22 08:59:03,555 [INFO]   [VZI_Base] nessun link — skip
2026-07-22 08:59:03,555 [INFO]   [VZI_New14] nessun link — skip
2026-07-22 08:59:03,555 [INFO]   [VZ_FR] nessun link — skip
2026-07-22 08:59:03,555 [INFO]   [VZ_ES] nessun link — skip
2026-07-22 08:59:03,556 [INFO]   [VZI-6_R1]
    URL    : https://gruppofsitaliane.sharepoint.com/:f:/r/sites/IngegneriaETReMezziLeggeri-Trenitalia/Shared%20Documents/DB_ETR1000/DOC_FLOTTE/VZI-6_R1/CONFIG/FRS/FA020022045.pdf#page=68
    Pagina : '68' → 68
2026-07-22 08:59:03,556 [INFO]   [VZI-4_R1] nessun link — skip
2026-07-22 08:59:03,556 [INFO]   Doc 'FRS_Line Voltage' [cartella: CONFIG] (riga 113): 3/6 configurazioni con link
2026-07-22 08:59:03,557 [INFO] 
───────────────────────────────────────────────────────
  FUNZIONE    : LV_Energy_Meter — Sistema di lettura dell'evergia assorbita dal tren
  DOCUMENTO   : FRS_Line Voltage
  DOC CARTELLA: CONFIG
  RIGA Doc    : 113 | RIGA AI: 115
───────────────────────────────────────────────────────
2026-07-22 08:59:03,557 [INFO]   [VZI_Base] nessun link — skip
2026-07-22 08:59:03,558 [INFO]   [VZI_New14] nessun link — skip
2026-07-22 08:59:03,559 [INFO]   [VZ_FR]
    URL    : https://gruppofsitaliane.sharepoint.com/:f:/r/sites/IngegneriaETReMezziLeggeri-Trenitalia/Shared%20Documents/DB_ETR1000/DOC_FLOTTE/VZ_FR/CONFIG/FRS/3ECP413571-0401.pdf#page=54
    Pagina : '54' → 54
2026-07-22 08:59:03,560 [INFO]   [VZ_ES]
    URL    : https://gruppofsitaliane.sharepoint.com/:f:/r/sites/IngegneriaETReMezziLeggeri-Trenitalia/Shared%20Documents/DB_ETR1000/DOC_FLOTTE/VZ_ES/CONFIG/FRS/3EGH489028-2358.pdf#page=49
    Pagina : '49' → 49
2026-07-22 08:59:03,561 [INFO]   [VZI-6_R1]
    URL    : https://gruppofsitaliane.sharepoint.com/:f:/r/sites/IngegneriaETReMezziLeggeri-Trenitalia/Shared%20Documents/DB_ETR1000/DOC_FLOTTE/VZI-6_R1/CONFIG/FRS/FA020022045.pdf#page=71
    Pagina : '71' → 71
2026-07-22 08:59:03,561 [INFO]   [VZI-4_R1] nessun link — skip
2026-07-22 08:59:03,562 [INFO]   Doc 'FRS_Line Voltage' [cartella: CONFIG] (riga 117): 4/6 configurazioni con link
2026-07-22 08:59:03,562 [INFO] 
───────────────────────────────────────────────────────
  FUNZIONE    : LV_Key_interlocking — Interblocco tramite giro chiavi del sistema alta t
  DOCUMENTO   : FRS_Line Voltage
  DOC CARTELLA: CONFIG
  RIGA Doc    : 117 | RIGA AI: 119
───────────────────────────────────────────────────────
2026-07-22 08:59:03,562 [INFO]   [VZI_Base]
    URL    : https://gruppofsitaliane.sharepoint.com/:f:/r/sites/IngegneriaETReMezziLeggeri-Trenitalia/Shared%20Documents/DB_ETR1000/DOC_FLOTTE/VZI_Base/CONFIG/FRS/3EST000225-7907.pdf#page=48
    Pagina : '48' → 48
2026-07-22 08:59:03,562 [INFO]   [VZI_New14] nessun link — skip
2026-07-22 08:59:03,562 [INFO]   [VZ_FR]
    URL    : https://gruppofsitaliane.sharepoint.com/:f:/r/sites/IngegneriaETReMezziLeggeri-Trenitalia/Shared%20Documents/DB_ETR1000/DOC_FLOTTE/VZ_FR/CONFIG/FRS/3ECP413571-0401.pdf#page=55
    Pagina : '55' → 55
2026-07-22 08:59:03,563 [INFO]   [VZ_ES]
    URL    : https://gruppofsitaliane.sharepoint.com/:f:/r/sites/IngegneriaETReMezziLeggeri-Trenitalia/Shared%20Documents/DB_ETR1000/DOC_FLOTTE/VZ_ES/CONFIG/FRS/3EGH489028-2358.pdf#page=51
    Pagina : '51' → 51
2026-07-22 08:59:03,563 [INFO]   [VZI-6_R1]
    URL    : https://gruppofsitaliane.sharepoint.com/:f:/r/sites/IngegneriaETReMezziLeggeri-Trenitalia/Shared%20Documents/DB_ETR1000/DOC_FLOTTE/VZI-6_R1/CONFIG/FRS/FA020022045.pdf#page=73
    Pagina : '73' → 73
2026-07-22 08:59:03,564 [INFO]   [VZI-4_R1] nessun link — skip
2026-07-22 08:59:03,564 [INFO]   Doc 'FRS_Line Voltage' [cartella: CONFIG] (riga 121): 4/6 configurazioni con link
2026-07-22 08:59:03,564 [INFO] 
───────────────────────────────────────────────────────
  FUNZIONE    : LV_Function_Earthing_of_High_Voltage_Supply — Messa a terra dell'alta tensione per consentire la
  DOCUMENTO   : FRS_Line Voltage
  DOC CARTELLA: CONFIG
  RIGA Doc    : 121 | RIGA AI: 123
───────────────────────────────────────────────────────
2026-07-22 08:59:03,564 [INFO]   [VZI_Base]
    URL    : https://gruppofsitaliane.sharepoint.com/:f:/r/sites/IngegneriaETReMezziLeggeri-Trenitalia/Shared%20Documents/DB_ETR1000/DOC_FLOTTE/VZI_Base/CONFIG/FRS/3EST000225-7907.pdf#page=49
    Pagina : '49' → 49
2026-07-22 08:59:03,565 [INFO]   [VZI_New14] nessun link — skip
2026-07-22 08:59:03,565 [INFO]   [VZ_FR]
    URL    : https://gruppofsitaliane.sharepoint.com/:f:/r/sites/IngegneriaETReMezziLeggeri-Trenitalia/Shared%20Documents/DB_ETR1000/DOC_FLOTTE/VZ_FR/CONFIG/FRS/3ECP413571-0401.pdf#page=56
    Pagina : '56' → 56
2026-07-22 08:59:03,565 [INFO]   [VZ_ES]
    URL    : https://gruppofsitaliane.sharepoint.com/:f:/r/sites/IngegneriaETReMezziLeggeri-Trenitalia/Shared%20Documents/DB_ETR1000/DOC_FLOTTE/VZ_ES/CONFIG/FRS/3EGH489028-2358.pdf#page=52
    Pagina : '52' → 52
2026-07-22 08:59:03,566 [INFO]   [VZI-6_R1]
    URL    : https://gruppofsitaliane.sharepoint.com/:f:/r/sites/IngegneriaETReMezziLeggeri-Trenitalia/Shared%20Documents/DB_ETR1000/DOC_FLOTTE/VZI-6_R1/CONFIG/FRS/FA020022045.pdf#page=74
    Pagina : '74' → 74
2026-07-22 08:59:03,566 [INFO]   [VZI-4_R1] nessun link — skip
2026-07-22 08:59:03,567 [INFO]   Doc 'FRS_Line Voltage' [cartella: CONFIG] (riga 125): 4/6 configurazioni con link
2026-07-22 08:59:03,567 [INFO] 
───────────────────────────────────────────────────────
  FUNZIONE    : LV_Function_Earthing_of_Converter_boxes — Messa a terra dei box convertitori per consentire 
  DOCUMENTO   : FRS_Line Voltage
  DOC CARTELLA: CONFIG
  RIGA Doc    : 125 | RIGA AI: 127
───────────────────────────────────────────────────────
2026-07-22 08:59:03,567 [INFO]   [VZI_Base]
    URL    : https://gruppofsitaliane.sharepoint.com/:f:/r/sites/IngegneriaETReMezziLeggeri-Trenitalia/Shared%20Documents/DB_ETR1000/DOC_FLOTTE/VZI_Base/CONFIG/FRS/3EST000225-7907.pdf#page=52
    Pagina : '52' → 52
2026-07-22 08:59:03,568 [INFO]   [VZI_New14] nessun link — skip
2026-07-22 08:59:03,570 [INFO]   [VZ_FR]
    URL    : https://gruppofsitaliane.sharepoint.com/:f:/r/sites/IngegneriaETReMezziLeggeri-Trenitalia/Shared%20Documents/DB_ETR1000/DOC_FLOTTE/VZ_FR/CONFIG/FRS/3ECP413571-0401.pdf#page=59
    Pagina : '59' → 59
2026-07-22 08:59:03,570 [INFO]   [VZ_ES]
    URL    : https://gruppofsitaliane.sharepoint.com/:f:/r/sites/IngegneriaETReMezziLeggeri-Trenitalia/Shared%20Documents/DB_ETR1000/DOC_FLOTTE/VZ_ES/CONFIG/FRS/3EGH489028-2358.pdf#page=55
    Pagina : '55' → 55
2026-07-22 08:59:03,571 [INFO]   [VZI-6_R1]
    URL    : https://gruppofsitaliane.sharepoint.com/:f:/r/sites/IngegneriaETReMezziLeggeri-Trenitalia/Shared%20Documents/DB_ETR1000/DOC_FLOTTE/VZI-6_R1/CONFIG/FRS/FA020022045.pdf#page=77
    Pagina : '77' → 77
2026-07-22 08:59:03,571 [INFO]   [VZI-4_R1] nessun link — skip
2026-07-22 08:59:03,571 [INFO]   Doc 'FRS_Line Voltage' [cartella: CONFIG] (riga 129): 4/6 configurazioni con link
2026-07-22 08:59:03,571 [INFO] 
───────────────────────────────────────────────────────
  FUNZIONE    : LV_HVAC_pre-conditioning_on_DC_line — Funzione per alimentare gli HVAC senza superare i 
  DOCUMENTO   : FRS_Line Voltage
  DOC CARTELLA: CONFIG
  RIGA Doc    : 129 | RIGA AI: 131
───────────────────────────────────────────────────────
2026-07-22 08:59:03,571 [INFO]   [VZI_Base]
    URL    : https://gruppofsitaliane.sharepoint.com/:f:/r/sites/IngegneriaETReMezziLeggeri-Trenitalia/Shared%20Documents/DB_ETR1000/DOC_FLOTTE/VZI_Base/CONFIG/FRS/3EST000225-7907.pdf#page=55
    Pagina : '55' → 55
2026-07-22 08:59:03,572 [INFO]   [VZI_New14] nessun link — skip
2026-07-22 08:59:03,572 [INFO]   [VZ_FR]
    URL    : https://gruppofsitaliane.sharepoint.com/:f:/r/sites/IngegneriaETReMezziLeggeri-Trenitalia/Shared%20Documents/DB_ETR1000/DOC_FLOTTE/VZ_FR/CONFIG/FRS/3ECP413571-0401.pdf#page=62
    Pagina : '62' → 62
2026-07-22 08:59:03,572 [INFO]   [VZ_ES]
    URL    : https://gruppofsitaliane.sharepoint.com/:f:/r/sites/IngegneriaETReMezziLeggeri-Trenitalia/Shared%20Documents/DB_ETR1000/DOC_FLOTTE/VZ_ES/CONFIG/FRS/3EGH489028-2358.pdf#page=58
    Pagina : '58' → 58
2026-07-22 08:59:03,572 [INFO]   [VZI-6_R1]
    URL    : https://gruppofsitaliane.sharepoint.com/:f:/r/sites/IngegneriaETReMezziLeggeri-Trenitalia/Shared%20Documents/DB_ETR1000/DOC_FLOTTE/VZI-6_R1/CONFIG/FRS/FA020022045.pdf#page=80
    Pagina : '80' → 80
2026-07-22 08:59:03,573 [INFO]   [VZI-4_R1] nessun link — skip
2026-07-22 08:59:03,573 [INFO]   Doc 'FRS_Aux Electrical Supply' [cartella: CONFIG] (riga 133): 4/6 configurazioni con link
2026-07-22 08:59:03,573 [INFO] 
───────────────────────────────────────────────────────
  FUNZIONE    : AUX_Function_General — 
  DOCUMENTO   : FRS_Aux Electrical Supply
  DOC CARTELLA: CONFIG
  RIGA Doc    : 133 | RIGA AI: 135
───────────────────────────────────────────────────────
2026-07-22 08:59:03,573 [INFO]   [VZI_Base]
    URL    : https://gruppofsitaliane.sharepoint.com/:f:/r/sites/IngegneriaETReMezziLeggeri-Trenitalia/Shared%20Documents/DB_ETR1000/DOC_FLOTTE/VZI_Base/CONFIG/FRS/3EST000225-7914.pdf#page=5
    Pagina : '5' → 5
2026-07-22 08:59:03,574 [INFO]   [VZI_New14] nessun link — skip
2026-07-22 08:59:03,574 [INFO]   [VZ_FR]
    URL    : https://gruppofsitaliane.sharepoint.com/:f:/r/sites/IngegneriaETReMezziLeggeri-Trenitalia/Shared%20Documents/DB_ETR1000/DOC_FLOTTE/VZ_FR/CONFIG/FRS/3ECP413571-0601.pdf#page=5
    Pagina : '5' → 5
2026-07-22 08:59:03,574 [INFO]   [VZ_ES]
    URL    : https://gruppofsitaliane.sharepoint.com/:f:/r/sites/IngegneriaETReMezziLeggeri-Trenitalia/Shared%20Documents/DB_ETR1000/DOC_FLOTTE/VZ_ES/CONFIG/FRS/3EST000225-7914.pdf#page=5
    Pagina : '5' → 5
2026-07-22 08:59:03,577 [INFO]   [VZI-6_R1]
    URL    : https://gruppofsitaliane.sharepoint.com/:f:/r/sites/IngegneriaETReMezziLeggeri-Trenitalia/Shared%20Documents/DB_ETR1000/DOC_FLOTTE/VZI-6_R1/CONFIG/FRS/FA020024537.pdf#page=6
    Pagina : '6' → 6
2026-07-22 08:59:03,578 [INFO]   [VZI-4_R1] nessun link — skip
2026-07-22 08:59:03,580 [INFO]   Doc 'FRS_Aux Electrical Supply' [cartella: CONFIG] (riga 137): 4/6 configurazioni con link
2026-07-22 08:59:03,580 [INFO] 
───────────────────────────────────────────────────────
  FUNZIONE    : AUX_Activation_and_Synchronisation_of_ACM — 
  DOCUMENTO   : FRS_Aux Electrical Supply
  DOC CARTELLA: CONFIG
  RIGA Doc    : 137 | RIGA AI: 139
───────────────────────────────────────────────────────
2026-07-22 08:59:03,581 [INFO]   [VZI_Base]
    URL    : https://gruppofsitaliane.sharepoint.com/:f:/r/sites/IngegneriaETReMezziLeggeri-Trenitalia/Shared%20Documents/DB_ETR1000/DOC_FLOTTE/VZI_Base/CONFIG/FRS/3EST000225-7914.pdf#page=7
    Pagina : '7' → 7
2026-07-22 08:59:03,581 [INFO]   [VZI_New14] nessun link — skip
2026-07-22 08:59:03,581 [INFO]   [VZ_FR]
    URL    : https://gruppofsitaliane.sharepoint.com/:f:/r/sites/IngegneriaETReMezziLeggeri-Trenitalia/Shared%20Documents/DB_ETR1000/DOC_FLOTTE/VZ_FR/CONFIG/FRS/3ECP413571-0601.pdf#page=7
    Pagina : '7' → 7
2026-07-22 08:59:03,582 [INFO]   [VZ_ES]
    URL    : https://gruppofsitaliane.sharepoint.com/:f:/r/sites/IngegneriaETReMezziLeggeri-Trenitalia/Shared%20Documents/DB_ETR1000/DOC_FLOTTE/VZ_ES/CONFIG/FRS/3EST000225-7914.pdf#page=7
    Pagina : '7' → 7
2026-07-22 08:59:03,582 [INFO]   [VZI-6_R1]
    URL    : https://gruppofsitaliane.sharepoint.com/:f:/r/sites/IngegneriaETReMezziLeggeri-Trenitalia/Shared%20Documents/DB_ETR1000/DOC_FLOTTE/VZI-6_R1/CONFIG/FRS/FA020024537.pdf#page=8
    Pagina : '8' → 8
2026-07-22 08:59:03,583 [INFO]   [VZI-4_R1] nessun link — skip
2026-07-22 08:59:03,583 [INFO]   Doc 'FRS_Aux Electrical Supply' [cartella: CONFIG] (riga 141): 4/6 configurazioni con link
2026-07-22 08:59:03,583 [INFO] 
───────────────────────────────────────────────────────
  FUNZIONE    : AUX_ACM_reset — 
  DOCUMENTO   : FRS_Aux Electrical Supply
  DOC CARTELLA: CONFIG
  RIGA Doc    : 141 | RIGA AI: 143
───────────────────────────────────────────────────────
2026-07-22 08:59:03,584 [INFO]   [VZI_Base]
    URL    : https://gruppofsitaliane.sharepoint.com/:f:/r/sites/IngegneriaETReMezziLeggeri-Trenitalia/Shared%20Documents/DB_ETR1000/DOC_FLOTTE/VZI_Base/CONFIG/FRS/3EST000225-7914.pdf#page=9
    Pagina : '9' → 9
2026-07-22 08:59:03,584 [INFO]   [VZI_New14] nessun link — skip
2026-07-22 08:59:03,584 [INFO]   [VZ_FR]
    URL    : https://gruppofsitaliane.sharepoint.com/:f:/r/sites/IngegneriaETReMezziLeggeri-Trenitalia/Shared%20Documents/DB_ETR1000/DOC_FLOTTE/VZ_FR/CONFIG/FRS/3ECP413571-0601.pdf#page=9
    Pagina : '9' → 9
2026-07-22 08:59:03,584 [INFO]   [VZ_ES]
    URL    : https://gruppofsitaliane.sharepoint.com/:f:/r/sites/IngegneriaETReMezziLeggeri-Trenitalia/Shared%20Documents/DB_ETR1000/DOC_FLOTTE/VZ_ES/CONFIG/FRS/3EST000225-7914.pdf#page=9
    Pagina : '9' → 9
2026-07-22 08:59:03,584 [INFO]   [VZI-6_R1]
    URL    : https://gruppofsitaliane.sharepoint.com/:f:/r/sites/IngegneriaETReMezziLeggeri-Trenitalia/Shared%20Documents/DB_ETR1000/DOC_FLOTTE/VZI-6_R1/CONFIG/FRS/FA020024537.pdf#page=9
    Pagina : '9' → 9
2026-07-22 08:59:03,585 [INFO]   [VZI-4_R1] nessun link — skip
2026-07-22 08:59:03,585 [INFO]   Doc 'FRS_Aux Electrical Supply' [cartella: CONFIG] (riga 145): 4/6 configurazioni con link
2026-07-22 08:59:03,585 [INFO] 
───────────────────────────────────────────────────────
  FUNZIONE    : AUX_AC_on_Board_Supply_System — 
  DOCUMENTO   : FRS_Aux Electrical Supply
  DOC CARTELLA: CONFIG
  RIGA Doc    : 145 | RIGA AI: 147
───────────────────────────────────────────────────────
2026-07-22 08:59:03,585 [INFO]   [VZI_Base]
    URL    : https://gruppofsitaliane.sharepoint.com/:f:/r/sites/IngegneriaETReMezziLeggeri-Trenitalia/Shared%20Documents/DB_ETR1000/DOC_FLOTTE/VZI_Base/CONFIG/FRS/3EST000225-7914.pdf#page=10
    Pagina : '10' → 10
2026-07-22 08:59:03,586 [INFO]   [VZI_New14] nessun link — skip
2026-07-22 08:59:03,586 [INFO]   [VZ_FR]
    URL    : https://gruppofsitaliane.sharepoint.com/:f:/r/sites/IngegneriaETReMezziLeggeri-Trenitalia/Shared%20Documents/DB_ETR1000/DOC_FLOTTE/VZ_FR/CONFIG/FRS/3ECP413571-0601.pdf#page=10
    Pagina : '10' → 10
2026-07-22 08:59:03,586 [INFO]   [VZ_ES]
    URL    : https://gruppofsitaliane.sharepoint.com/:f:/r/sites/IngegneriaETReMezziLeggeri-Trenitalia/Shared%20Documents/DB_ETR1000/DOC_FLOTTE/VZ_ES/CONFIG/FRS/3EST000225-7914.pdf#page=10
    Pagina : '10' → 10
2026-07-22 08:59:03,586 [INFO]   [VZI-6_R1]
    URL    : https://gruppofsitaliane.sharepoint.com/:f:/r/sites/IngegneriaETReMezziLeggeri-Trenitalia/Shared%20Documents/DB_ETR1000/DOC_FLOTTE/VZI-6_R1/CONFIG/FRS/FA020024537.pdf#page=10
    Pagina : '10' → 10
2026-07-22 08:59:03,586 [INFO]   [VZI-4_R1] nessun link — skip
2026-07-22 08:59:03,587 [INFO]   Doc 'FRS_Aux Electrical Supply' [cartella: CONFIG] (riga 149): 4/6 configurazioni con link
2026-07-22 08:59:03,587 [INFO] 
───────────────────────────────────────────────────────
  FUNZIONE    : AUX_External_Power_Supply — 
  DOCUMENTO   : FRS_Aux Electrical Supply
  DOC CARTELLA: CONFIG
  RIGA Doc    : 149 | RIGA AI: 151
───────────────────────────────────────────────────────
2026-07-22 08:59:03,587 [INFO]   [VZI_Base]
    URL    : https://gruppofsitaliane.sharepoint.com/:f:/r/sites/IngegneriaETReMezziLeggeri-Trenitalia/Shared%20Documents/DB_ETR1000/DOC_FLOTTE/VZI_Base/CONFIG/FRS/3EST000225-7914.pdf#page=18
    Pagina : '18' → 18
2026-07-22 08:59:03,588 [INFO]   [VZI_New14] nessun link — skip
2026-07-22 08:59:03,588 [INFO]   [VZ_FR]
    URL    : https://gruppofsitaliane.sharepoint.com/:f:/r/sites/IngegneriaETReMezziLeggeri-Trenitalia/Shared%20Documents/DB_ETR1000/DOC_FLOTTE/VZ_FR/CONFIG/FRS/3ECP413571-0601.pdf#page=19
    Pagina : '19' → 19
2026-07-22 08:59:03,588 [INFO]   [VZ_ES]
    URL    : https://gruppofsitaliane.sharepoint.com/:f:/r/sites/IngegneriaETReMezziLeggeri-Trenitalia/Shared%20Documents/DB_ETR1000/DOC_FLOTTE/VZ_ES/CONFIG/FRS/3EST000225-7914.pdf#page=18
    Pagina : '18' → 18
2026-07-22 08:59:03,588 [INFO]   [VZI-6_R1]
    URL    : https://gruppofsitaliane.sharepoint.com/:f:/r/sites/IngegneriaETReMezziLeggeri-Trenitalia/Shared%20Documents/DB_ETR1000/DOC_FLOTTE/VZI-6_R1/CONFIG/FRS/FA020024537.pdf#page=18
    Pagina : '18' → 18
2026-07-22 08:59:03,589 [INFO]   [VZI-4_R1] nessun link — skip
2026-07-22 08:59:03,589 [INFO]   Doc 'FRS_Aux Electrical Supply' [cartella: CONFIG] (riga 153): 4/6 configurazioni con link
2026-07-22 08:59:03,589 [INFO] 
───────────────────────────────────────────────────────
  FUNZIONE    : AUX_Earthing_switch — 
  DOCUMENTO   : FRS_Aux Electrical Supply
  DOC CARTELLA: CONFIG
  RIGA Doc    : 153 | RIGA AI: 155
───────────────────────────────────────────────────────
2026-07-22 08:59:03,589 [INFO]   [VZI_Base]
    URL    : https://gruppofsitaliane.sharepoint.com/:f:/r/sites/IngegneriaETReMezziLeggeri-Trenitalia/Shared%20Documents/DB_ETR1000/DOC_FLOTTE/VZI_Base/CONFIG/FRS/3EST000225-7914.pdf#page=22
    Pagina : '22' → 22
2026-07-22 08:59:03,590 [INFO]   [VZI_New14] nessun link — skip
2026-07-22 08:59:03,590 [INFO]   [VZ_FR]
    URL    : https://gruppofsitaliane.sharepoint.com/:f:/r/sites/IngegneriaETReMezziLeggeri-Trenitalia/Shared%20Documents/DB_ETR1000/DOC_FLOTTE/VZ_FR/CONFIG/FRS/3ECP413571-0601.pdf#page=23
    Pagina : '23' → 23
2026-07-22 08:59:03,590 [INFO]   [VZ_ES]
    URL    : https://gruppofsitaliane.sharepoint.com/:f:/r/sites/IngegneriaETReMezziLeggeri-Trenitalia/Shared%20Documents/DB_ETR1000/DOC_FLOTTE/VZ_ES/CONFIG/FRS/3EST000225-7914.pdf#page=22
    Pagina : '22' → 22
2026-07-22 08:59:03,591 [INFO]   [VZI-6_R1]
    URL    : https://gruppofsitaliane.sharepoint.com/:f:/r/sites/IngegneriaETReMezziLeggeri-Trenitalia/Shared%20Documents/DB_ETR1000/DOC_FLOTTE/VZI-6_R1/CONFIG/FRS/FA020024537.pdf#page=22
    Pagina : '22' → 22
2026-07-22 08:59:03,592 [INFO]   [VZI-4_R1] nessun link — skip
2026-07-22 08:59:03,592 [INFO]   Doc 'FRS_Aux Electrical Supply' [cartella: CONFIG] (riga 157): 4/6 configurazioni con link
2026-07-22 08:59:03,593 [INFO] 
───────────────────────────────────────────────────────
  FUNZIONE    : AUX_230V,_50Hz_Sockets — 
  DOCUMENTO   : FRS_Aux Electrical Supply
  DOC CARTELLA: CONFIG
  RIGA Doc    : 157 | RIGA AI: 159
───────────────────────────────────────────────────────
2026-07-22 08:59:03,593 [INFO]   [VZI_Base]
    URL    : https://gruppofsitaliane.sharepoint.com/:f:/r/sites/IngegneriaETReMezziLeggeri-Trenitalia/Shared%20Documents/DB_ETR1000/DOC_FLOTTE/VZI_Base/CONFIG/FRS/3EST000225-7914.pdf#page=23
    Pagina : '23' → 23
2026-07-22 08:59:03,595 [INFO]   [VZI_New14] nessun link — skip
2026-07-22 08:59:03,596 [INFO]   [VZ_FR]
    URL    : https://gruppofsitaliane.sharepoint.com/:f:/r/sites/IngegneriaETReMezziLeggeri-Trenitalia/Shared%20Documents/DB_ETR1000/DOC_FLOTTE/VZ_FR/CONFIG/FRS/3ECP413571-0601.pdf#page=24
    Pagina : '24' → 24
2026-07-22 08:59:03,596 [INFO]   [VZ_ES]
    URL    : https://gruppofsitaliane.sharepoint.com/:f:/r/sites/IngegneriaETReMezziLeggeri-Trenitalia/Shared%20Documents/DB_ETR1000/DOC_FLOTTE/VZ_ES/CONFIG/FRS/3EST000225-7914.pdf#page=23
    Pagina : '23' → 23
2026-07-22 08:59:03,596 [INFO]   [VZI-6_R1]
    URL    : https://gruppofsitaliane.sharepoint.com/:f:/r/sites/IngegneriaETReMezziLeggeri-Trenitalia/Shared%20Documents/DB_ETR1000/DOC_FLOTTE/VZI-6_R1/CONFIG/FRS/FA020024537.pdf#page=23
    Pagina : '23' → 23
2026-07-22 08:59:03,597 [INFO]   [VZI-4_R1] nessun link — skip
2026-07-22 08:59:03,597 [INFO]   Doc 'FRS_Aux Electrical Supply' [cartella: CONFIG] (riga 161): 4/6 configurazioni con link
2026-07-22 08:59:03,598 [INFO] 
───────────────────────────────────────────────────────
  FUNZIONE    : AUX_Mini_Circuit_Breaker_Supervision — 
  DOCUMENTO   : FRS_Aux Electrical Supply
  DOC CARTELLA: CONFIG
  RIGA Doc    : 161 | RIGA AI: 163
───────────────────────────────────────────────────────
2026-07-22 08:59:03,599 [INFO]   [VZI_Base]
    URL    : https://gruppofsitaliane.sharepoint.com/:f:/r/sites/IngegneriaETReMezziLeggeri-Trenitalia/Shared%20Documents/DB_ETR1000/DOC_FLOTTE/VZI_Base/CONFIG/FRS/3EST000225-7914.pdf#page=24
    Pagina : '24' → 24
2026-07-22 08:59:03,599 [INFO]   [VZI_New14] nessun link — skip
2026-07-22 08:59:03,599 [INFO]   [VZ_FR]
    URL    : https://gruppofsitaliane.sharepoint.com/:f:/r/sites/IngegneriaETReMezziLeggeri-Trenitalia/Shared%20Documents/DB_ETR1000/DOC_FLOTTE/VZ_FR/CONFIG/FRS/3ECP413571-0601.pdf#page=25
    Pagina : '25' → 25
2026-07-22 08:59:03,600 [INFO]   [VZ_ES]
    URL    : https://gruppofsitaliane.sharepoint.com/:f:/r/sites/IngegneriaETReMezziLeggeri-Trenitalia/Shared%20Documents/DB_ETR1000/DOC_FLOTTE/VZ_ES/CONFIG/FRS/3EST000225-7914.pdf#page=24
    Pagina : '24' → 24
2026-07-22 08:59:03,600 [INFO]   [VZI-6_R1]
    URL    : https://gruppofsitaliane.sharepoint.com/:f:/r/sites/IngegneriaETReMezziLeggeri-Trenitalia/Shared%20Documents/DB_ETR1000/DOC_FLOTTE/VZI-6_R1/CONFIG/FRS/FA020024537.pdf#page=24
    Pagina : '24' → 24
2026-07-22 08:59:03,603 [INFO]   [VZI-4_R1] nessun link — skip
2026-07-22 08:59:03,604 [INFO]   Doc 'FRS_Battery' [cartella: CONFIG] (riga 165): 2/6 configurazioni con link
2026-07-22 08:59:03,604 [INFO] 
───────────────────────────────────────────────────────
  FUNZIONE    : BAT_Failure_cases_battery_system — 
  DOCUMENTO   : FRS_Battery
  DOC CARTELLA: CONFIG
  RIGA Doc    : 165 | RIGA AI: 167
───────────────────────────────────────────────────────
2026-07-22 08:59:03,605 [INFO]   [VZI_Base]
    URL    : https://gruppofsitaliane.sharepoint.com/:f:/r/sites/IngegneriaETReMezziLeggeri-Trenitalia/Shared%20Documents/DB_ETR1000/DOC_FLOTTE/VZI_Base/CONFIG/FRS/3EST000225-7908.pdf#page=8
    Pagina : '8' → 8
2026-07-22 08:59:03,605 [INFO]   [VZI_New14] nessun link — skip
2026-07-22 08:59:03,605 [INFO]   [VZ_FR] nessun link — skip
2026-07-22 08:59:03,605 [INFO]   [VZ_ES] nessun link — skip
2026-07-22 08:59:03,605 [INFO]   [VZI-6_R1]
    URL    : https://gruppofsitaliane.sharepoint.com/:f:/r/sites/IngegneriaETReMezziLeggeri-Trenitalia/Shared%20Documents/DB_ETR1000/DOC_FLOTTE/VZI-6_R1/CONFIG/FRS/FA020024538.pdf#page=8
    Pagina : '8' → 8
2026-07-22 08:59:03,606 [INFO]   [VZI-4_R1] nessun link — skip
2026-07-22 08:59:03,606 [INFO]   Doc 'FRS_Battery' [cartella: CONFIG] (riga 169): 2/6 configurazioni con link
2026-07-22 08:59:03,606 [INFO] 
───────────────────────────────────────────────────────
  FUNZIONE    : BAT_Function_Battery_Isolation — 
  DOCUMENTO   : FRS_Battery
  DOC CARTELLA: CONFIG
  RIGA Doc    : 169 | RIGA AI: 171
───────────────────────────────────────────────────────
2026-07-22 08:59:03,606 [INFO]   [VZI_Base]
    URL    : https://gruppofsitaliane.sharepoint.com/:f:/r/sites/IngegneriaETReMezziLeggeri-Trenitalia/Shared%20Documents/DB_ETR1000/DOC_FLOTTE/VZI_Base/CONFIG/FRS/3EST000225-7908.pdf#page=9
    Pagina : '9' → 9
2026-07-22 08:59:03,607 [INFO]   [VZI_New14] nessun link — skip
2026-07-22 08:59:03,607 [INFO]   [VZ_FR] nessun link — skip
2026-07-22 08:59:03,607 [INFO]   [VZ_ES] nessun link — skip
2026-07-22 08:59:03,608 [INFO]   [VZI-6_R1]
    URL    : https://gruppofsitaliane.sharepoint.com/:f:/r/sites/IngegneriaETReMezziLeggeri-Trenitalia/Shared%20Documents/DB_ETR1000/DOC_FLOTTE/VZI-6_R1/CONFIG/FRS/FA020024538.pdf#page=9
    Pagina : '9' → 9
2026-07-22 08:59:03,608 [INFO]   [VZI-4_R1] nessun link — skip
2026-07-22 08:59:03,608 [INFO]   Doc 'FRS_Battery' [cartella: CONFIG] (riga 173): 2/6 configurazioni con link
2026-07-22 08:59:03,608 [INFO] 
───────────────────────────────────────────────────────
  FUNZIONE    : BAT_Battery_Contactors — 
  DOCUMENTO   : FRS_Battery
  DOC CARTELLA: CONFIG
  RIGA Doc    : 173 | RIGA AI: 175
───────────────────────────────────────────────────────
2026-07-22 08:59:03,609 [INFO]   [VZI_Base]
    URL    : https://gruppofsitaliane.sharepoint.com/:f:/r/sites/IngegneriaETReMezziLeggeri-Trenitalia/Shared%20Documents/DB_ETR1000/DOC_FLOTTE/VZI_Base/CONFIG/FRS/3EST000225-7908.pdf#page=11
    Pagina : '11' → 11
2026-07-22 08:59:03,609 [INFO]   [VZI_New14] nessun link — skip
2026-07-22 08:59:03,610 [INFO]   [VZ_FR] nessun link — skip
2026-07-22 08:59:03,611 [INFO]   [VZ_ES] nessun link — skip
2026-07-22 08:59:03,612 [INFO]   [VZI-6_R1]
    URL    : https://gruppofsitaliane.sharepoint.com/:f:/r/sites/IngegneriaETReMezziLeggeri-Trenitalia/Shared%20Documents/DB_ETR1000/DOC_FLOTTE/VZI-6_R1/CONFIG/FRS/FA020024538.pdf#page=11
    Pagina : '11' → 11
2026-07-22 08:59:03,612 [INFO]   [VZI-4_R1] nessun link — skip
2026-07-22 08:59:03,613 [INFO]   Doc 'FRS_Battery' [cartella: CONFIG] (riga 177): 2/6 configurazioni con link
2026-07-22 08:59:03,663 [INFO] 
───────────────────────────────────────────────────────
  FUNZIONE    : BAT_Load_Shed_Contactors — 
  DOCUMENTO   : FRS_Battery
  DOC CARTELLA: CONFIG
  RIGA Doc    : 177 | RIGA AI: 179
───────────────────────────────────────────────────────
2026-07-22 08:59:03,668 [INFO]   [VZI_Base]
    URL    : https://gruppofsitaliane.sharepoint.com/:f:/r/sites/IngegneriaETReMezziLeggeri-Trenitalia/Shared%20Documents/DB_ETR1000/DOC_FLOTTE/VZI_Base/CONFIG/FRS/3EST000225-7908.pdf#page=16
    Pagina : '16' → 16
2026-07-22 08:59:03,669 [INFO]   [VZI_New14] nessun link — skip
2026-07-22 08:59:03,671 [INFO]   [VZ_FR] nessun link — skip
2026-07-22 08:59:03,671 [INFO]   [VZ_ES] nessun link — skip
2026-07-22 08:59:03,671 [INFO]   [VZI-6_R1]
    URL    : https://gruppofsitaliane.sharepoint.com/:f:/r/sites/IngegneriaETReMezziLeggeri-Trenitalia/Shared%20Documents/DB_ETR1000/DOC_FLOTTE/VZI-6_R1/CONFIG/FRS/FA020024538.pdf#page=16
    Pagina : '16' → 16
2026-07-22 08:59:03,671 [INFO]   [VZI-4_R1] nessun link — skip
2026-07-22 08:59:03,671 [INFO]   Doc 'FRS_Battery' [cartella: CONFIG] (riga 181): 2/6 configurazioni con link
2026-07-22 08:59:03,672 [INFO] 
───────────────────────────────────────────────────────
  FUNZIONE    : BAT_DC_Busline_Distribution — 
  DOCUMENTO   : FRS_Battery
  DOC CARTELLA: CONFIG
  RIGA Doc    : 181 | RIGA AI: 183
───────────────────────────────────────────────────────
2026-07-22 08:59:03,672 [INFO]   [VZI_Base]
    URL    : https://gruppofsitaliane.sharepoint.com/:f:/r/sites/IngegneriaETReMezziLeggeri-Trenitalia/Shared%20Documents/DB_ETR1000/DOC_FLOTTE/VZI_Base/CONFIG/FRS/3EST000225-7908.pdf#page=19
    Pagina : '19' → 19
2026-07-22 08:59:03,672 [INFO]   [VZI_New14] nessun link — skip
2026-07-22 08:59:03,672 [INFO]   [VZ_FR] nessun link — skip
2026-07-22 08:59:03,673 [INFO]   [VZ_ES] nessun link — skip
2026-07-22 08:59:03,673 [INFO]   [VZI-6_R1]
    URL    : https://gruppofsitaliane.sharepoint.com/:f:/r/sites/IngegneriaETReMezziLeggeri-Trenitalia/Shared%20Documents/DB_ETR1000/DOC_FLOTTE/VZI-6_R1/CONFIG/FRS/FA020024538.pdf#page=19
    Pagina : '19' → 19
2026-07-22 08:59:03,674 [INFO]   [VZI-4_R1] nessun link — skip
2026-07-22 08:59:03,675 [INFO]   Doc 'FRS_Battery' [cartella: CONFIG] (riga 185): 2/6 configurazioni con link
2026-07-22 08:59:03,676 [INFO] 
───────────────────────────────────────────────────────
  FUNZIONE    : BAT_Battery_Charging — 
  DOCUMENTO   : FRS_Battery
  DOC CARTELLA: CONFIG
  RIGA Doc    : 185 | RIGA AI: 187
───────────────────────────────────────────────────────
2026-07-22 08:59:03,677 [INFO]   [VZI_Base]
    URL    : https://gruppofsitaliane.sharepoint.com/:f:/r/sites/IngegneriaETReMezziLeggeri-Trenitalia/Shared%20Documents/DB_ETR1000/DOC_FLOTTE/VZI_Base/CONFIG/FRS/3EST000225-7908.pdf#page=21
    Pagina : '21' → 21
2026-07-22 08:59:03,677 [INFO]   [VZI_New14] nessun link — skip
2026-07-22 08:59:03,678 [INFO]   [VZ_FR] nessun link — skip
2026-07-22 08:59:03,678 [INFO]   [VZ_ES] nessun link — skip
2026-07-22 08:59:03,679 [INFO]   [VZI-6_R1]
    URL    : https://gruppofsitaliane.sharepoint.com/:f:/r/sites/IngegneriaETReMezziLeggeri-Trenitalia/Shared%20Documents/DB_ETR1000/DOC_FLOTTE/VZI-6_R1/CONFIG/FRS/FA020024538.pdf#page=21
    Pagina : '21' → 21
2026-07-22 08:59:03,679 [INFO]   [VZI-4_R1] nessun link — skip
2026-07-22 08:59:03,679 [INFO]   Doc 'FRS_Air Supply' [cartella: CONFIG] (riga 189): 3/6 configurazioni con link
2026-07-22 08:59:03,679 [INFO] 
───────────────────────────────────────────────────────
  FUNZIONE    : AIR_Control_of_Main_Compressor — 
  DOCUMENTO   : FRS_Air Supply
  DOC CARTELLA: CONFIG
  RIGA Doc    : 189 | RIGA AI: 191
───────────────────────────────────────────────────────
2026-07-22 08:59:03,680 [INFO]   [VZI_Base]
    URL    : https://gruppofsitaliane.sharepoint.com/:f:/r/sites/IngegneriaETReMezziLeggeri-Trenitalia/Shared%20Documents/DB_ETR1000/DOC_FLOTTE/VZI_Base/CONFIG/FRS/3EST000225-7915.pdf#page=6
    Pagina : '6' → 6
2026-07-22 08:59:03,680 [INFO]   [VZI_New14]
    URL    : https://gruppofsitaliane.sharepoint.com/:f:/r/sites/IngegneriaETReMezziLeggeri-Trenitalia/Shared%20Documents/DB_ETR1000/DOC_FLOTTE/VZI_New14/CONFIG/FRS/3ECP413719-0603.pdf#page=6
    Pagina : '6' → 6
2026-07-22 08:59:03,680 [INFO]   [VZ_FR] nessun link — skip
2026-07-22 08:59:03,680 [INFO]   [VZ_ES] nessun link — skip
2026-07-22 08:59:03,680 [INFO]   [VZI-6_R1]
    URL    : https://gruppofsitaliane.sharepoint.com/:f:/r/sites/IngegneriaETReMezziLeggeri-Trenitalia/Shared%20Documents/DB_ETR1000/DOC_FLOTTE/VZI-6_R1/CONFIG/FRS/FA020024531.pdf#page=6
    Pagina : '6' → 6
2026-07-22 08:59:03,680 [INFO]   [VZI-4_R1] nessun link — skip
2026-07-22 08:59:03,681 [INFO]   Doc 'FRS_Air Supply' [cartella: CONFIG] (riga 193): 3/6 configurazioni con link
2026-07-22 08:59:03,681 [INFO] 
───────────────────────────────────────────────────────
  FUNZIONE    : AIR_Monitoring_of_Main_Compressor — 
  DOCUMENTO   : FRS_Air Supply
  DOC CARTELLA: CONFIG
  RIGA Doc    : 193 | RIGA AI: 195
───────────────────────────────────────────────────────
2026-07-22 08:59:03,681 [INFO]   [VZI_Base]
    URL    : https://gruppofsitaliane.sharepoint.com/:f:/r/sites/IngegneriaETReMezziLeggeri-Trenitalia/Shared%20Documents/DB_ETR1000/DOC_FLOTTE/VZI_Base/CONFIG/FRS/3EST000225-7915.pdf#page=11
    Pagina : '11' → 11
2026-07-22 08:59:03,681 [INFO]   [VZI_New14]
    URL    : https://gruppofsitaliane.sharepoint.com/:f:/r/sites/IngegneriaETReMezziLeggeri-Trenitalia/Shared%20Documents/DB_ETR1000/DOC_FLOTTE/VZI_New14/CONFIG/FRS/3ECP413719-0603.pdf#page=12
    Pagina : '12' → 12
2026-07-22 08:59:03,682 [INFO]   [VZ_FR] nessun link — skip
2026-07-22 08:59:03,682 [INFO]   [VZ_ES] nessun link — skip
2026-07-22 08:59:03,682 [INFO]   [VZI-6_R1]
    URL    : https://gruppofsitaliane.sharepoint.com/:f:/r/sites/IngegneriaETReMezziLeggeri-Trenitalia/Shared%20Documents/DB_ETR1000/DOC_FLOTTE/VZI-6_R1/CONFIG/FRS/FA020024531.pdf#page=11
    Pagina : '11' → 11
2026-07-22 08:59:03,682 [INFO]   [VZI-4_R1] nessun link — skip
2026-07-22 08:59:03,682 [INFO]   Doc 'FRS_Air Supply' [cartella: CONFIG] (riga 197): 3/6 configurazioni con link
2026-07-22 08:59:03,682 [INFO] 
───────────────────────────────────────────────────────
  FUNZIONE    : AIR_Forcing_of_Main_compressor — 
  DOCUMENTO   : FRS_Air Supply
  DOC CARTELLA: CONFIG
  RIGA Doc    : 197 | RIGA AI: 199
───────────────────────────────────────────────────────
2026-07-22 08:59:03,683 [INFO]   [VZI_Base]
    URL    : https://gruppofsitaliane.sharepoint.com/:f:/r/sites/IngegneriaETReMezziLeggeri-Trenitalia/Shared%20Documents/DB_ETR1000/DOC_FLOTTE/VZI_Base/CONFIG/FRS/3EST000225-7915.pdf#page=14
    Pagina : '14' → 14
2026-07-22 08:59:03,683 [INFO]   [VZI_New14]
    URL    : https://gruppofsitaliane.sharepoint.com/:f:/r/sites/IngegneriaETReMezziLeggeri-Trenitalia/Shared%20Documents/DB_ETR1000/DOC_FLOTTE/VZI_New14/CONFIG/FRS/3ECP413719-0603.pdf#page=14
    Pagina : '14' → 14
2026-07-22 08:59:03,683 [INFO]   [VZ_FR] nessun link — skip
2026-07-22 08:59:03,683 [INFO]   [VZ_ES] nessun link — skip
2026-07-22 08:59:03,684 [INFO]   [VZI-6_R1]
    URL    : https://gruppofsitaliane.sharepoint.com/:f:/r/sites/IngegneriaETReMezziLeggeri-Trenitalia/Shared%20Documents/DB_ETR1000/DOC_FLOTTE/VZI-6_R1/CONFIG/FRS/FA020024531.pdf#page=14
    Pagina : '14' → 14
2026-07-22 08:59:03,684 [INFO]   [VZI-4_R1] nessun link — skip
2026-07-22 08:59:03,684 [INFO]   Doc 'FRS_Air Supply' [cartella: CONFIG] (riga 201): 3/6 configurazioni con link
2026-07-22 08:59:03,684 [INFO] 
───────────────────────────────────────────────────────
  FUNZIONE    : AIR_Air_Dryer — 
  DOCUMENTO   : FRS_Air Supply
  DOC CARTELLA: CONFIG
  RIGA Doc    : 201 | RIGA AI: 203
───────────────────────────────────────────────────────
2026-07-22 08:59:03,685 [INFO]   [VZI_Base]
    URL    : https://gruppofsitaliane.sharepoint.com/:f:/r/sites/IngegneriaETReMezziLeggeri-Trenitalia/Shared%20Documents/DB_ETR1000/DOC_FLOTTE/VZI_Base/CONFIG/FRS/3EST000225-7915.pdf#page=18
    Pagina : '18' → 18
2026-07-22 08:59:03,685 [INFO]   [VZI_New14]
    URL    : https://gruppofsitaliane.sharepoint.com/:f:/r/sites/IngegneriaETReMezziLeggeri-Trenitalia/Shared%20Documents/DB_ETR1000/DOC_FLOTTE/VZI_New14/CONFIG/FRS/3ECP413719-0603.pdf#page=16
    Pagina : '16' → 16
2026-07-22 08:59:03,699 [INFO]   [VZ_FR] nessun link — skip
2026-07-22 08:59:03,699 [INFO]   [VZ_ES] nessun link — skip
2026-07-22 08:59:03,700 [INFO]   [VZI-6_R1]
    URL    : https://gruppofsitaliane.sharepoint.com/:f:/r/sites/IngegneriaETReMezziLeggeri-Trenitalia/Shared%20Documents/DB_ETR1000/DOC_FLOTTE/VZI-6_R1/CONFIG/FRS/FA020024531.pdf#page=16
    Pagina : '16' → 16
2026-07-22 08:59:03,700 [INFO]   [VZI-4_R1] nessun link — skip
2026-07-22 08:59:03,701 [INFO]   Doc 'FRS_Air Supply' [cartella: CONFIG] (riga 205): 3/6 configurazioni con link
2026-07-22 08:59:03,701 [INFO] 
───────────────────────────────────────────────────────
  FUNZIONE    : AIR_External_Air_Supply — 
  DOCUMENTO   : FRS_Air Supply
  DOC CARTELLA: CONFIG
  RIGA Doc    : 205 | RIGA AI: 207
───────────────────────────────────────────────────────
2026-07-22 08:59:03,701 [INFO]   [VZI_Base]
    URL    : https://gruppofsitaliane.sharepoint.com/:f:/r/sites/IngegneriaETReMezziLeggeri-Trenitalia/Shared%20Documents/DB_ETR1000/DOC_FLOTTE/VZI_Base/CONFIG/FRS/3EST000225-7915.pdf#page=20
    Pagina : '20' → 20
2026-07-22 08:59:03,702 [INFO]   [VZI_New14]
    URL    : https://gruppofsitaliane.sharepoint.com/:f:/r/sites/IngegneriaETReMezziLeggeri-Trenitalia/Shared%20Documents/DB_ETR1000/DOC_FLOTTE/VZI_New14/CONFIG/FRS/3ECP413719-0603.pdf#page=18
    Pagina : '18' → 18
2026-07-22 08:59:03,702 [INFO]   [VZ_FR] nessun link — skip
2026-07-22 08:59:03,702 [INFO]   [VZ_ES] nessun link — skip
2026-07-22 08:59:03,702 [INFO]   [VZI-6_R1]
    URL    : https://gruppofsitaliane.sharepoint.com/:f:/r/sites/IngegneriaETReMezziLeggeri-Trenitalia/Shared%20Documents/DB_ETR1000/DOC_FLOTTE/VZI-6_R1/CONFIG/FRS/FA020024531.pdf#page=17
    Pagina : '17' → 17
2026-07-22 08:59:03,702 [INFO]   [VZI-4_R1] nessun link — skip
2026-07-22 08:59:03,703 [INFO]   Doc 'FRS_Air Supply' [cartella: CONFIG] (riga 209): 3/6 configurazioni con link
2026-07-22 08:59:03,703 [INFO] 
───────────────────────────────────────────────────────
  FUNZIONE    : AIR_Control_of_Auxiliary_Compressor — 
  DOCUMENTO   : FRS_Air Supply
  DOC CARTELLA: CONFIG
  RIGA Doc    : 209 | RIGA AI: 211
───────────────────────────────────────────────────────
2026-07-22 08:59:03,703 [INFO]   [VZI_Base]
    URL    : https://gruppofsitaliane.sharepoint.com/:f:/r/sites/IngegneriaETReMezziLeggeri-Trenitalia/Shared%20Documents/DB_ETR1000/DOC_FLOTTE/VZI_Base/CONFIG/FRS/3EST000225-7915.pdf#page=22
    Pagina : '22' → 22
2026-07-22 08:59:03,703 [INFO]   [VZI_New14]
    URL    : https://gruppofsitaliane.sharepoint.com/:f:/r/sites/IngegneriaETReMezziLeggeri-Trenitalia/Shared%20Documents/DB_ETR1000/DOC_FLOTTE/VZI_New14/CONFIG/FRS/3ECP413719-0603.pdf#page=19
    Pagina : '19' → 19
2026-07-22 08:59:03,703 [INFO]   [VZ_FR] nessun link — skip
2026-07-22 08:59:03,703 [INFO]   [VZ_ES] nessun link — skip
2026-07-22 08:59:03,703 [INFO]   [VZI-6_R1]
    URL    : https://gruppofsitaliane.sharepoint.com/:f:/r/sites/IngegneriaETReMezziLeggeri-Trenitalia/Shared%20Documents/DB_ETR1000/DOC_FLOTTE/VZI-6_R1/CONFIG/FRS/FA020024531.pdf#page=18
    Pagina : '18' → 18
2026-07-22 08:59:03,704 [INFO]   [VZI-4_R1] nessun link — skip
2026-07-22 08:59:03,704 [INFO]   Doc 'FRS_Air Supply' [cartella: CONFIG] (riga 213): 3/6 configurazioni con link
2026-07-22 08:59:03,704 [INFO] 
───────────────────────────────────────────────────────
  FUNZIONE    : AIR_Suspension_Supervision — 
  DOCUMENTO   : FRS_Air Supply
  DOC CARTELLA: CONFIG
  RIGA Doc    : 213 | RIGA AI: 215
───────────────────────────────────────────────────────
2026-07-22 08:59:03,704 [INFO]   [VZI_Base]
    URL    : https://gruppofsitaliane.sharepoint.com/:f:/r/sites/IngegneriaETReMezziLeggeri-Trenitalia/Shared%20Documents/DB_ETR1000/DOC_FLOTTE/VZI_Base/CONFIG/FRS/3EST000225-7915.pdf#page=26
    Pagina : '26' → 26
2026-07-22 08:59:03,704 [INFO]   [VZI_New14]
    URL    : https://gruppofsitaliane.sharepoint.com/:f:/r/sites/IngegneriaETReMezziLeggeri-Trenitalia/Shared%20Documents/DB_ETR1000/DOC_FLOTTE/VZI_New14/CONFIG/FRS/3ECP413719-0603.pdf#page=22
    Pagina : '22' → 22
2026-07-22 08:59:03,704 [INFO]   [VZ_FR] nessun link — skip
2026-07-22 08:59:03,704 [INFO]   [VZ_ES] nessun link — skip
2026-07-22 08:59:03,705 [INFO]   [VZI-6_R1]
    URL    : https://gruppofsitaliane.sharepoint.com/:f:/r/sites/IngegneriaETReMezziLeggeri-Trenitalia/Shared%20Documents/DB_ETR1000/DOC_FLOTTE/VZI-6_R1/CONFIG/FRS/FA020024531.pdf#page=21
    Pagina : '21' → 21
2026-07-22 08:59:03,705 [INFO]   [VZI-4_R1] nessun link — skip
2026-07-22 08:59:03,705 [INFO]   Doc 'FRS_Air Supply' [cartella: CONFIG] (riga 217): 3/6 configurazioni con link
2026-07-22 08:59:03,705 [INFO] 
───────────────────────────────────────────────────────
  FUNZIONE    : AIR_Provision_for_Tilt_system — 
  DOCUMENTO   : FRS_Air Supply
  DOC CARTELLA: CONFIG
  RIGA Doc    : 217 | RIGA AI: 219
───────────────────────────────────────────────────────
2026-07-22 08:59:03,705 [INFO]   [VZI_Base]
    URL    : https://gruppofsitaliane.sharepoint.com/:f:/r/sites/IngegneriaETReMezziLeggeri-Trenitalia/Shared%20Documents/DB_ETR1000/DOC_FLOTTE/VZI_Base/CONFIG/FRS/3EST000225-7915.pdf#page=28
    Pagina : '28' → 28
2026-07-22 08:59:03,706 [INFO]   [VZI_New14]
    URL    : https://gruppofsitaliane.sharepoint.com/:f:/r/sites/IngegneriaETReMezziLeggeri-Trenitalia/Shared%20Documents/DB_ETR1000/DOC_FLOTTE/VZI_New14/CONFIG/FRS/3ECP413719-0603.pdf#page=23
    Pagina : '23' → 23
2026-07-22 08:59:03,706 [INFO]   [VZ_FR] nessun link — skip
2026-07-22 08:59:03,706 [INFO]   [VZ_ES] nessun link — skip
2026-07-22 08:59:03,706 [INFO]   [VZI-6_R1]
    URL    : https://gruppofsitaliane.sharepoint.com/:f:/r/sites/IngegneriaETReMezziLeggeri-Trenitalia/Shared%20Documents/DB_ETR1000/DOC_FLOTTE/VZI-6_R1/CONFIG/FRS/FA020024531.pdf#page=22
    Pagina : '22' → 22
2026-07-22 08:59:03,706 [INFO]   [VZI-4_R1] nessun link — skip
2026-07-22 08:59:03,706 [INFO]   Doc 'FRS_Brake Control' [cartella: CONFIG] (riga 221): 4/6 configurazioni con link
2026-07-22 08:59:03,707 [INFO] 
───────────────────────────────────────────────────────
  FUNZIONE    : BRK_Service_Brake_Direct_Electro-Pneumatic_Brake — 
  DOCUMENTO   : FRS_Brake Control
  DOC CARTELLA: CONFIG
  RIGA Doc    : 221 | RIGA AI: 223
───────────────────────────────────────────────────────
2026-07-22 08:59:03,707 [INFO]   [VZI_Base]
    URL    : https://gruppofsitaliane.sharepoint.com/:f:/r/sites/IngegneriaETReMezziLeggeri-Trenitalia/Shared%20Documents/DB_ETR1000/DOC_FLOTTE/VZI_Base/CONFIG/FRS/3EST000225-7910.pdf#page=14
    Pagina : '14' → 14
2026-07-22 08:59:03,707 [INFO]   [VZI_New14] nessun link — skip
2026-07-22 08:59:03,707 [INFO]   [VZ_FR]
    URL    : https://gruppofsitaliane.sharepoint.com/:f:/r/sites/IngegneriaETReMezziLeggeri-Trenitalia/Shared%20Documents/DB_ETR1000/DOC_FLOTTE/VZ_FR/CONFIG/FRS/3ECP413571-0502.pdf#page=14
    Pagina : '14' → 14
2026-07-22 08:59:03,708 [INFO]   [VZ_ES]
    URL    : https://gruppofsitaliane.sharepoint.com/:f:/r/sites/IngegneriaETReMezziLeggeri-Trenitalia/Shared%20Documents/DB_ETR1000/DOC_FLOTTE/VZ_ES/CONFIG/FRS/3ECP413922-0502.pdf#page=14
    Pagina : '14' → 14
2026-07-22 08:59:03,708 [INFO]   [VZI-6_R1]
    URL    : https://gruppofsitaliane.sharepoint.com/:f:/r/sites/IngegneriaETReMezziLeggeri-Trenitalia/Shared%20Documents/DB_ETR1000/DOC_FLOTTE/VZI-6_R1/CONFIG/FRS/FA020023100.pdf#page=19
    Pagina : '19' → 19
2026-07-22 08:59:03,709 [INFO]   [VZI-4_R1] nessun link — skip
2026-07-22 08:59:03,709 [INFO]   Doc 'FRS_Brake Control' [cartella: CONFIG] (riga 225): 4/6 configurazioni con link
2026-07-22 08:59:03,709 [INFO] 
───────────────────────────────────────────────────────
  FUNZIONE    : BRK_Service_Brake_Indirect_Brake — 
  DOCUMENTO   : FRS_Brake Control
  DOC CARTELLA: CONFIG
  RIGA Doc    : 225 | RIGA AI: 227
───────────────────────────────────────────────────────
2026-07-22 08:59:03,709 [INFO]   [VZI_Base]
    URL    : https://gruppofsitaliane.sharepoint.com/:f:/r/sites/IngegneriaETReMezziLeggeri-Trenitalia/Shared%20Documents/DB_ETR1000/DOC_FLOTTE/VZI_Base/CONFIG/FRS/3EST000225-7910.pdf#page=50
    Pagina : '50' → 50
2026-07-22 08:59:03,710 [INFO]   [VZI_New14] nessun link — skip
2026-07-22 08:59:03,710 [INFO]   [VZ_FR]
    URL    : https://gruppofsitaliane.sharepoint.com/:f:/r/sites/IngegneriaETReMezziLeggeri-Trenitalia/Shared%20Documents/DB_ETR1000/DOC_FLOTTE/VZ_FR/CONFIG/FRS/3ECP413571-0502.pdf#page=54
    Pagina : '54' → 54
2026-07-22 08:59:03,711 [INFO]   [VZ_ES]
    URL    : https://gruppofsitaliane.sharepoint.com/:f:/r/sites/IngegneriaETReMezziLeggeri-Trenitalia/Shared%20Documents/DB_ETR1000/DOC_FLOTTE/VZ_ES/CONFIG/FRS/3ECP413922-0502.pdf#page=50
    Pagina : '50' → 50
2026-07-22 08:59:03,711 [INFO]   [VZI-6_R1]
    URL    : https://gruppofsitaliane.sharepoint.com/:f:/r/sites/IngegneriaETReMezziLeggeri-Trenitalia/Shared%20Documents/DB_ETR1000/DOC_FLOTTE/VZI-6_R1/CONFIG/FRS/FA020023100.pdf#page=95
    Pagina : '95' → 95
2026-07-22 08:59:03,711 [INFO]   [VZI-4_R1] nessun link — skip
2026-07-22 08:59:03,711 [INFO]   Doc 'FRS_Brake Control' [cartella: CONFIG] (riga 229): 4/6 configurazioni con link
2026-07-22 08:59:03,711 [INFO] 
───────────────────────────────────────────────────────
  FUNZIONE    : BRK_Holding_Brake — 
  DOCUMENTO   : FRS_Brake Control
  DOC CARTELLA: CONFIG
  RIGA Doc    : 229 | RIGA AI: 231
───────────────────────────────────────────────────────
2026-07-22 08:59:03,712 [INFO]   [VZI_Base]
    URL    : https://gruppofsitaliane.sharepoint.com/:f:/r/sites/IngegneriaETReMezziLeggeri-Trenitalia/Shared%20Documents/DB_ETR1000/DOC_FLOTTE/VZI_Base/CONFIG/FRS/3EST000225-7910.pdf#page=87
    Pagina : '87' → 87
2026-07-22 08:59:03,712 [INFO]   [VZI_New14] nessun link — skip
2026-07-22 08:59:03,712 [INFO]   [VZ_FR]
    URL    : https://gruppofsitaliane.sharepoint.com/:f:/r/sites/IngegneriaETReMezziLeggeri-Trenitalia/Shared%20Documents/DB_ETR1000/DOC_FLOTTE/VZ_FR/CONFIG/FRS/3ECP413571-0502.pdf#page=94
    Pagina : '94' → 94
2026-07-22 08:59:03,712 [INFO]   [VZ_ES]
    URL    : https://gruppofsitaliane.sharepoint.com/:f:/r/sites/IngegneriaETReMezziLeggeri-Trenitalia/Shared%20Documents/DB_ETR1000/DOC_FLOTTE/VZ_ES/CONFIG/FRS/3ECP413922-0502.pdf#page=86
    Pagina : '86' → 86
2026-07-22 08:59:03,712 [INFO]   [VZI-6_R1]
    URL    : https://gruppofsitaliane.sharepoint.com/:f:/r/sites/IngegneriaETReMezziLeggeri-Trenitalia/Shared%20Documents/DB_ETR1000/DOC_FLOTTE/VZI-6_R1/CONFIG/FRS/FA020023100.pdf#page=129
    Pagina : '129' → 129
2026-07-22 08:59:03,712 [INFO]   [VZI-4_R1] nessun link — skip
2026-07-22 08:59:03,713 [INFO]   Doc 'FRS_Brake Control' [cartella: CONFIG] (riga 233): 4/6 configurazioni con link
2026-07-22 08:59:03,713 [INFO] 
───────────────────────────────────────────────────────
  FUNZIONE    : BRK_Urgency_Brake_(Optional) — 
  DOCUMENTO   : FRS_Brake Control
  DOC CARTELLA: CONFIG
  RIGA Doc    : 233 | RIGA AI: 235
───────────────────────────────────────────────────────
2026-07-22 08:59:03,713 [INFO]   [VZI_Base]
    URL    : https://gruppofsitaliane.sharepoint.com/:f:/r/sites/IngegneriaETReMezziLeggeri-Trenitalia/Shared%20Documents/DB_ETR1000/DOC_FLOTTE/VZI_Base/CONFIG/FRS/3EST000225-7910.pdf#page=91
    Pagina : '91' → 91
2026-07-22 08:59:03,713 [INFO]   [VZI_New14] nessun link — skip
2026-07-22 08:59:03,713 [INFO]   [VZ_FR]
    URL    : https://gruppofsitaliane.sharepoint.com/:f:/r/sites/IngegneriaETReMezziLeggeri-Trenitalia/Shared%20Documents/DB_ETR1000/DOC_FLOTTE/VZ_FR/CONFIG/FRS/3ECP413571-0502.pdf#page=99
    Pagina : '99' → 99
2026-07-22 08:59:03,714 [INFO]   [VZ_ES]
    URL    : https://gruppofsitaliane.sharepoint.com/:f:/r/sites/IngegneriaETReMezziLeggeri-Trenitalia/Shared%20Documents/DB_ETR1000/DOC_FLOTTE/VZ_ES/CONFIG/FRS/3ECP413922-0502.pdf#page=90
    Pagina : '90' → 90
2026-07-22 08:59:03,714 [INFO]   [VZI-6_R1]
    URL    : https://gruppofsitaliane.sharepoint.com/:f:/r/sites/IngegneriaETReMezziLeggeri-Trenitalia/Shared%20Documents/DB_ETR1000/DOC_FLOTTE/VZI-6_R1/CONFIG/FRS/FA020023100.pdf#page=133
    Pagina : '133' → 133
2026-07-22 08:59:03,714 [INFO]   [VZI-4_R1] nessun link — skip
2026-07-22 08:59:03,714 [INFO]   Doc 'FRS_Brake Control' [cartella: CONFIG] (riga 237): 4/6 configurazioni con link
2026-07-22 08:59:03,714 [INFO] 
───────────────────────────────────────────────────────
  FUNZIONE    : BRK_Emergency_Brake — 
  DOCUMENTO   : FRS_Brake Control
  DOC CARTELLA: CONFIG
  RIGA Doc    : 237 | RIGA AI: 239
───────────────────────────────────────────────────────
2026-07-22 08:59:03,714 [INFO]   [VZI_Base]
    URL    : https://gruppofsitaliane.sharepoint.com/:f:/r/sites/IngegneriaETReMezziLeggeri-Trenitalia/Shared%20Documents/DB_ETR1000/DOC_FLOTTE/VZI_Base/CONFIG/FRS/3EST000225-7910.pdf#page=97
    Pagina : '97' → 97
2026-07-22 08:59:03,715 [INFO]   [VZI_New14] nessun link — skip
2026-07-22 08:59:03,715 [INFO]   [VZ_FR]
    URL    : https://gruppofsitaliane.sharepoint.com/:f:/r/sites/IngegneriaETReMezziLeggeri-Trenitalia/Shared%20Documents/DB_ETR1000/DOC_FLOTTE/VZ_FR/CONFIG/FRS/3ECP413571-0502.pdf#page=102
    Pagina : '102' → 102
2026-07-22 08:59:03,715 [INFO]   [VZ_ES]
    URL    : https://gruppofsitaliane.sharepoint.com/:f:/r/sites/IngegneriaETReMezziLeggeri-Trenitalia/Shared%20Documents/DB_ETR1000/DOC_FLOTTE/VZ_ES/CONFIG/FRS/3ECP413922-0502.pdf#page=93
    Pagina : '93' → 93
2026-07-22 08:59:03,715 [INFO]   [VZI-6_R1]
    URL    : https://gruppofsitaliane.sharepoint.com/:f:/r/sites/IngegneriaETReMezziLeggeri-Trenitalia/Shared%20Documents/DB_ETR1000/DOC_FLOTTE/VZI-6_R1/CONFIG/FRS/FA020023100.pdf#page=136
    Pagina : '136' → 136
2026-07-22 08:59:03,715 [INFO]   [VZI-4_R1] nessun link — skip
2026-07-22 08:59:03,715 [INFO]   Doc 'FRS_Brake Control' [cartella: CONFIG] (riga 241): 4/6 configurazioni con link
2026-07-22 08:59:03,716 [INFO] 
───────────────────────────────────────────────────────
  FUNZIONE    : BRK_Parking_Brake — 
  DOCUMENTO   : FRS_Brake Control
  DOC CARTELLA: CONFIG
  RIGA Doc    : 241 | RIGA AI: 243
───────────────────────────────────────────────────────
2026-07-22 08:59:03,716 [INFO]   [VZI_Base]
    URL    : https://gruppofsitaliane.sharepoint.com/:f:/r/sites/IngegneriaETReMezziLeggeri-Trenitalia/Shared%20Documents/DB_ETR1000/DOC_FLOTTE/VZI_Base/CONFIG/FRS/3EST000225-7910.pdf#page=117
    Pagina : '117' → 117
2026-07-22 08:59:03,716 [INFO]   [VZI_New14] nessun link — skip
2026-07-22 08:59:03,716 [INFO]   [VZ_FR]
    URL    : https://gruppofsitaliane.sharepoint.com/:f:/r/sites/IngegneriaETReMezziLeggeri-Trenitalia/Shared%20Documents/DB_ETR1000/DOC_FLOTTE/VZ_FR/CONFIG/FRS/3ECP413571-0502.pdf#page=127
    Pagina : '127' → 127
2026-07-22 08:59:03,716 [INFO]   [VZ_ES]
    URL    : https://gruppofsitaliane.sharepoint.com/:f:/r/sites/IngegneriaETReMezziLeggeri-Trenitalia/Shared%20Documents/DB_ETR1000/DOC_FLOTTE/VZ_ES/CONFIG/FRS/3ECP413922-0502.pdf#page=113
    Pagina : '113' → 113
2026-07-22 08:59:03,717 [INFO]   [VZI-6_R1]
    URL    : https://gruppofsitaliane.sharepoint.com/:f:/r/sites/IngegneriaETReMezziLeggeri-Trenitalia/Shared%20Documents/DB_ETR1000/DOC_FLOTTE/VZI-6_R1/CONFIG/FRS/FA020023100.pdf#page=154
    Pagina : '154' → 154
2026-07-22 08:59:03,717 [INFO]   [VZI-4_R1] nessun link — skip
2026-07-22 08:59:03,717 [INFO]   Doc 'FRS_Brake Control' [cartella: CONFIG] (riga 245): 4/6 configurazioni con link
2026-07-22 08:59:03,717 [INFO] 
───────────────────────────────────────────────────────
  FUNZIONE    : BRK_Wheel_Slide_Protection — 
  DOCUMENTO   : FRS_Brake Control
  DOC CARTELLA: CONFIG
  RIGA Doc    : 245 | RIGA AI: 247
───────────────────────────────────────────────────────
2026-07-22 08:59:03,717 [INFO]   [VZI_Base]
    URL    : https://gruppofsitaliane.sharepoint.com/:f:/r/sites/IngegneriaETReMezziLeggeri-Trenitalia/Shared%20Documents/DB_ETR1000/DOC_FLOTTE/VZI_Base/CONFIG/FRS/3EST000225-7910.pdf#page=131
    Pagina : '131' → 131
2026-07-22 08:59:03,718 [INFO]   [VZI_New14] nessun link — skip
2026-07-22 08:59:03,718 [INFO]   [VZ_FR]
    URL    : https://gruppofsitaliane.sharepoint.com/:f:/r/sites/IngegneriaETReMezziLeggeri-Trenitalia/Shared%20Documents/DB_ETR1000/DOC_FLOTTE/VZ_FR/CONFIG/FRS/3ECP413571-0502.pdf#page=142
    Pagina : '142' → 142
2026-07-22 08:59:03,718 [INFO]   [VZ_ES]
    URL    : https://gruppofsitaliane.sharepoint.com/:f:/r/sites/IngegneriaETReMezziLeggeri-Trenitalia/Shared%20Documents/DB_ETR1000/DOC_FLOTTE/VZ_ES/CONFIG/FRS/3ECP413922-0502.pdf#page=131
    Pagina : '131' → 131
2026-07-22 08:59:03,718 [INFO]   [VZI-6_R1]
    URL    : https://gruppofsitaliane.sharepoint.com/:f:/r/sites/IngegneriaETReMezziLeggeri-Trenitalia/Shared%20Documents/DB_ETR1000/DOC_FLOTTE/VZI-6_R1/CONFIG/FRS/FA020023100.pdf#page=171
    Pagina : '171' → 171
2026-07-22 08:59:03,718 [INFO]   [VZI-4_R1] nessun link — skip
2026-07-22 08:59:03,719 [INFO]   Doc 'FRS_Brake Control' [cartella: CONFIG] (riga 249): 4/6 configurazioni con link
2026-07-22 08:59:03,719 [INFO] 
───────────────────────────────────────────────────────
  FUNZIONE    : BRK_Detection_of_Non-Rotating_Axle_(DNRA) — 
  DOCUMENTO   : FRS_Brake Control
  DOC CARTELLA: CONFIG
  RIGA Doc    : 249 | RIGA AI: 251
───────────────────────────────────────────────────────
2026-07-22 08:59:03,719 [INFO]   [VZI_Base]
    URL    : https://gruppofsitaliane.sharepoint.com/:f:/r/sites/IngegneriaETReMezziLeggeri-Trenitalia/Shared%20Documents/DB_ETR1000/DOC_FLOTTE/VZI_Base/CONFIG/FRS/3EST000225-7910.pdf#page=145
    Pagina : '145' → 145
2026-07-22 08:59:03,719 [INFO]   [VZI_New14] nessun link — skip
2026-07-22 08:59:03,719 [INFO]   [VZ_FR]
    URL    : https://gruppofsitaliane.sharepoint.com/:f:/r/sites/IngegneriaETReMezziLeggeri-Trenitalia/Shared%20Documents/DB_ETR1000/DOC_FLOTTE/VZ_FR/CONFIG/FRS/3ECP413571-0502.pdf#page=157
    Pagina : '157' → 157
2026-07-22 08:59:03,719 [INFO]   [VZ_ES]
    URL    : https://gruppofsitaliane.sharepoint.com/:f:/r/sites/IngegneriaETReMezziLeggeri-Trenitalia/Shared%20Documents/DB_ETR1000/DOC_FLOTTE/VZ_ES/CONFIG/FRS/3ECP413922-0502.pdf#page=144
    Pagina : '144' → 144
2026-07-22 08:59:03,719 [INFO]   [VZI-6_R1]
    URL    : https://gruppofsitaliane.sharepoint.com/:f:/r/sites/IngegneriaETReMezziLeggeri-Trenitalia/Shared%20Documents/DB_ETR1000/DOC_FLOTTE/VZI-6_R1/CONFIG/FRS/FA020023100.pdf#page=189
    Pagina : '189' → 189
2026-07-22 08:59:03,719 [INFO]   [VZI-4_R1] nessun link — skip
2026-07-22 08:59:03,719 [INFO]   Doc 'FRS_Brake Control' [cartella: CONFIG] (riga 253): 4/6 configurazioni con link
2026-07-22 08:59:03,719 [INFO] 
───────────────────────────────────────────────────────
  FUNZIONE    : BRK_Passenger_Emergency_Brake — 
  DOCUMENTO   : FRS_Brake Control
  DOC CARTELLA: CONFIG
  RIGA Doc    : 253 | RIGA AI: 255
───────────────────────────────────────────────────────
2026-07-22 08:59:03,719 [INFO]   [VZI_Base]
    URL    : https://gruppofsitaliane.sharepoint.com/:f:/r/sites/IngegneriaETReMezziLeggeri-Trenitalia/Shared%20Documents/DB_ETR1000/DOC_FLOTTE/VZI_Base/CONFIG/FRS/3EST000225-7910.pdf#page=153
    Pagina : '153' → 153
2026-07-22 08:59:03,720 [INFO]   [VZI_New14] nessun link — skip
2026-07-22 08:59:03,720 [INFO]   [VZ_FR]
    URL    : https://gruppofsitaliane.sharepoint.com/:f:/r/sites/IngegneriaETReMezziLeggeri-Trenitalia/Shared%20Documents/DB_ETR1000/DOC_FLOTTE/VZ_FR/CONFIG/FRS/3ECP413571-0502.pdf#page=165
    Pagina : '165' → 165
2026-07-22 08:59:03,720 [INFO]   [VZ_ES]
    URL    : https://gruppofsitaliane.sharepoint.com/:f:/r/sites/IngegneriaETReMezziLeggeri-Trenitalia/Shared%20Documents/DB_ETR1000/DOC_FLOTTE/VZ_ES/CONFIG/FRS/3ECP413922-0502.pdf#page=166
    Pagina : '166' → 166
2026-07-22 08:59:03,720 [INFO]   [VZI-6_R1]
    URL    : https://gruppofsitaliane.sharepoint.com/:f:/r/sites/IngegneriaETReMezziLeggeri-Trenitalia/Shared%20Documents/DB_ETR1000/DOC_FLOTTE/VZI-6_R1/CONFIG/FRS/FA020023100.pdf#page=192
    Pagina : '192' → 192
2026-07-22 08:59:03,720 [INFO]   [VZI-4_R1] nessun link — skip
2026-07-22 08:59:03,720 [INFO]   Doc 'FRS_Brake Control' [cartella: CONFIG] (riga 257): 4/6 configurazioni con link
2026-07-22 08:59:03,722 [INFO] 
───────────────────────────────────────────────────────
  FUNZIONE    : BRK_Sanding — 
  DOCUMENTO   : FRS_Brake Control
  DOC CARTELLA: CONFIG
  RIGA Doc    : 257 | RIGA AI: 259
───────────────────────────────────────────────────────
2026-07-22 08:59:03,722 [INFO]   [VZI_Base]
    URL    : https://gruppofsitaliane.sharepoint.com/:f:/r/sites/IngegneriaETReMezziLeggeri-Trenitalia/Shared%20Documents/DB_ETR1000/DOC_FLOTTE/VZI_Base/CONFIG/FRS/3EST000225-7910.pdf#page=163
    Pagina : '163' → 163
2026-07-22 08:59:03,722 [INFO]   [VZI_New14] nessun link — skip
2026-07-22 08:59:03,722 [INFO]   [VZ_FR]
    URL    : https://gruppofsitaliane.sharepoint.com/:f:/r/sites/IngegneriaETReMezziLeggeri-Trenitalia/Shared%20Documents/DB_ETR1000/DOC_FLOTTE/VZ_FR/CONFIG/FRS/3ECP413571-0502.pdf#page=173
    Pagina : '173' → 173
2026-07-22 08:59:03,722 [INFO]   [VZ_ES]
    URL    : https://gruppofsitaliane.sharepoint.com/:f:/r/sites/IngegneriaETReMezziLeggeri-Trenitalia/Shared%20Documents/DB_ETR1000/DOC_FLOTTE/VZ_ES/CONFIG/FRS/3ECP413922-0502.pdf#page=177
    Pagina : '177' → 177
2026-07-22 08:59:03,722 [INFO]   [VZI-6_R1]
    URL    : https://gruppofsitaliane.sharepoint.com/:f:/r/sites/IngegneriaETReMezziLeggeri-Trenitalia/Shared%20Documents/DB_ETR1000/DOC_FLOTTE/VZI-6_R1/CONFIG/FRS/FA020023100.pdf#page=204
    Pagina : '204' → 204
2026-07-22 08:59:03,722 [INFO]   [VZI-4_R1] nessun link — skip
2026-07-22 08:59:03,722 [INFO]   Doc 'FRS_Brake Control' [cartella: CONFIG] (riga 261): 4/6 configurazioni con link
2026-07-22 08:59:03,722 [INFO] 
───────────────────────────────────────────────────────
  FUNZIONE    : BRK_Brake_Test — 
  DOCUMENTO   : FRS_Brake Control
  DOC CARTELLA: CONFIG
  RIGA Doc    : 261 | RIGA AI: 263
───────────────────────────────────────────────────────
2026-07-22 08:59:03,722 [INFO]   [VZI_Base]
    URL    : https://gruppofsitaliane.sharepoint.com/:f:/r/sites/IngegneriaETReMezziLeggeri-Trenitalia/Shared%20Documents/DB_ETR1000/DOC_FLOTTE/VZI_Base/CONFIG/FRS/3EST000225-7910.pdf#page=172
    Pagina : '172' → 172
2026-07-22 08:59:03,722 [INFO]   [VZI_New14] nessun link — skip
2026-07-22 08:59:03,723 [INFO]   [VZ_FR]
    URL    : https://gruppofsitaliane.sharepoint.com/:f:/r/sites/IngegneriaETReMezziLeggeri-Trenitalia/Shared%20Documents/DB_ETR1000/DOC_FLOTTE/VZ_FR/CONFIG/FRS/3ECP413571-0502.pdf#page=184
    Pagina : '184' → 184
2026-07-22 08:59:03,723 [INFO]   [VZ_ES]
    URL    : https://gruppofsitaliane.sharepoint.com/:f:/r/sites/IngegneriaETReMezziLeggeri-Trenitalia/Shared%20Documents/DB_ETR1000/DOC_FLOTTE/VZ_ES/CONFIG/FRS/3ECP413922-0502.pdf#page=186
    Pagina : '186' → 186
2026-07-22 08:59:03,723 [INFO]   [VZI-6_R1]
    URL    : https://gruppofsitaliane.sharepoint.com/:f:/r/sites/IngegneriaETReMezziLeggeri-Trenitalia/Shared%20Documents/DB_ETR1000/DOC_FLOTTE/VZI-6_R1/CONFIG/FRS/FA020023100.pdf#page=213
    Pagina : '213' → 213
2026-07-22 08:59:03,725 [INFO]   [VZI-4_R1] nessun link — skip
2026-07-22 08:59:03,725 [INFO]   Doc 'FRS_Brake Control' [cartella: CONFIG] (riga 265): 4/6 configurazioni con link
2026-07-22 08:59:03,725 [INFO] 
───────────────────────────────────────────────────────
  FUNZIONE    : BRK_Towing — 
  DOCUMENTO   : FRS_Brake Control
  DOC CARTELLA: CONFIG
  RIGA Doc    : 265 | RIGA AI: 267
───────────────────────────────────────────────────────
2026-07-22 08:59:03,725 [INFO]   [VZI_Base]
    URL    : https://gruppofsitaliane.sharepoint.com/:f:/r/sites/IngegneriaETReMezziLeggeri-Trenitalia/Shared%20Documents/DB_ETR1000/DOC_FLOTTE/VZI_Base/CONFIG/FRS/3EST000225-7910.pdf#page=224
    Pagina : '224' → 224
2026-07-22 08:59:03,726 [INFO]   [VZI_New14] nessun link — skip
2026-07-22 08:59:03,726 [INFO]   [VZ_FR]
    URL    : https://gruppofsitaliane.sharepoint.com/:f:/r/sites/IngegneriaETReMezziLeggeri-Trenitalia/Shared%20Documents/DB_ETR1000/DOC_FLOTTE/VZ_FR/CONFIG/FRS/3ECP413571-0502.pdf#page=238
    Pagina : '238' → 238
2026-07-22 08:59:03,727 [INFO]   [VZ_ES]
    URL    : https://gruppofsitaliane.sharepoint.com/:f:/r/sites/IngegneriaETReMezziLeggeri-Trenitalia/Shared%20Documents/DB_ETR1000/DOC_FLOTTE/VZ_ES/CONFIG/FRS/3ECP413922-0502.pdf#page=234
    Pagina : '234' → 234
2026-07-22 08:59:03,727 [INFO]   [VZI-6_R1]
    URL    : https://gruppofsitaliane.sharepoint.com/:f:/r/sites/IngegneriaETReMezziLeggeri-Trenitalia/Shared%20Documents/DB_ETR1000/DOC_FLOTTE/VZI-6_R1/CONFIG/FRS/FA020023100.pdf#page=262
    Pagina : '262' → 262
2026-07-22 08:59:03,727 [INFO]   [VZI-4_R1] nessun link — skip
2026-07-22 08:59:03,727 [INFO]   Doc 'FRS_Brake Control' [cartella: CONFIG] (riga 269): 4/6 configurazioni con link
2026-07-22 08:59:03,728 [INFO] 
───────────────────────────────────────────────────────
  FUNZIONE    : BRK_Fire_Safety_&_Running_Capability — 
  DOCUMENTO   : FRS_Brake Control
  DOC CARTELLA: CONFIG
  RIGA Doc    : 269 | RIGA AI: 271
───────────────────────────────────────────────────────
2026-07-22 08:59:03,728 [INFO]   [VZI_Base]
    URL    : https://gruppofsitaliane.sharepoint.com/:f:/r/sites/IngegneriaETReMezziLeggeri-Trenitalia/Shared%20Documents/DB_ETR1000/DOC_FLOTTE/VZI_Base/CONFIG/FRS/3EST000225-7910.pdf#page=233
    Pagina : '233' → 233
2026-07-22 08:59:03,728 [INFO]   [VZI_New14] nessun link — skip
2026-07-22 08:59:03,728 [INFO]   [VZ_FR]
    URL    : https://gruppofsitaliane.sharepoint.com/:f:/r/sites/IngegneriaETReMezziLeggeri-Trenitalia/Shared%20Documents/DB_ETR1000/DOC_FLOTTE/VZ_FR/CONFIG/FRS/3ECP413571-0502.pdf#page=246
    Pagina : '246' → 246
2026-07-22 08:59:03,728 [INFO]   [VZ_ES]
    URL    : https://gruppofsitaliane.sharepoint.com/:f:/r/sites/IngegneriaETReMezziLeggeri-Trenitalia/Shared%20Documents/DB_ETR1000/DOC_FLOTTE/VZ_ES/CONFIG/FRS/3ECP413922-0502.pdf#page=242
    Pagina : '242' → 242
2026-07-22 08:59:03,729 [INFO]   [VZI-6_R1]
    URL    : https://gruppofsitaliane.sharepoint.com/:f:/r/sites/IngegneriaETReMezziLeggeri-Trenitalia/Shared%20Documents/DB_ETR1000/DOC_FLOTTE/VZI-6_R1/CONFIG/FRS/FA020023100.pdf#page=270
    Pagina : '270' → 270
2026-07-22 08:59:03,729 [INFO]   [VZI-4_R1] nessun link — skip
2026-07-22 08:59:03,729 [INFO]   Doc 'FRS_Brake Control' [cartella: CONFIG] (riga 273): 4/6 configurazioni con link
2026-07-22 08:59:03,729 [INFO] 
───────────────────────────────────────────────────────
  FUNZIONE    : BRK_Magnetic_Track_Brake_Optional — 
  DOCUMENTO   : FRS_Brake Control
  DOC CARTELLA: CONFIG
  RIGA Doc    : 273 | RIGA AI: 275
───────────────────────────────────────────────────────
2026-07-22 08:59:03,729 [INFO]   [VZI_Base]
    URL    : https://gruppofsitaliane.sharepoint.com/:f:/r/sites/IngegneriaETReMezziLeggeri-Trenitalia/Shared%20Documents/DB_ETR1000/DOC_FLOTTE/VZI_Base/CONFIG/FRS/3EST000225-7910.pdf#page=234
    Pagina : '234' → 234
2026-07-22 08:59:03,730 [INFO]   [VZI_New14] nessun link — skip
2026-07-22 08:59:03,730 [INFO]   [VZ_FR]
    URL    : https://gruppofsitaliane.sharepoint.com/:f:/r/sites/IngegneriaETReMezziLeggeri-Trenitalia/Shared%20Documents/DB_ETR1000/DOC_FLOTTE/VZ_FR/CONFIG/FRS/3ECP413571-0502.pdf#page=247
    Pagina : '247' → 247
2026-07-22 08:59:03,730 [INFO]   [VZ_ES]
    URL    : https://gruppofsitaliane.sharepoint.com/:f:/r/sites/IngegneriaETReMezziLeggeri-Trenitalia/Shared%20Documents/DB_ETR1000/DOC_FLOTTE/VZ_ES/CONFIG/FRS/3ECP413922-0502.pdf
    Pagina : '' → 0
2026-07-22 08:59:03,730 [INFO]   [VZI-6_R1]
    URL    : https://gruppofsitaliane.sharepoint.com/:f:/r/sites/IngegneriaETReMezziLeggeri-Trenitalia/Shared%20Documents/DB_ETR1000/DOC_FLOTTE/VZI-6_R1/CONFIG/FRS/FA020023100.pdf
    Pagina : '' → 0
2026-07-22 08:59:03,730 [INFO]   [VZI-4_R1] nessun link — skip
2026-07-22 08:59:03,730 [INFO]   Doc 'FRS_Bogies' [cartella: CONFIG] (riga 277): 3/6 configurazioni con link
2026-07-22 08:59:03,731 [INFO] 
───────────────────────────────────────────────────────
  FUNZIONE    : BOG_Flange_Lubrication — 
  DOCUMENTO   : FRS_Bogies
  DOC CARTELLA: CONFIG
  RIGA Doc    : 277 | RIGA AI: 279
───────────────────────────────────────────────────────
2026-07-22 08:59:03,731 [INFO]   [VZI_Base]
    URL    : https://gruppofsitaliane.sharepoint.com/:f:/r/sites/IngegneriaETReMezziLeggeri-Trenitalia/Shared%20Documents/DB_ETR1000/DOC_FLOTTE/VZI_Base/CONFIG/FRS/3EST000225-7906.pdf#page=11
    Pagina : '11' → 11
2026-07-22 08:59:03,731 [INFO]   [VZI_New14]
    URL    : https://gruppofsitaliane.sharepoint.com/:f:/r/sites/IngegneriaETReMezziLeggeri-Trenitalia/Shared%20Documents/DB_ETR1000/DOC_FLOTTE/VZI_New14/CONFIG/FRS/3ECP413719-0300.pdf#page=10
    Pagina : '10' → 10
2026-07-22 08:59:03,731 [INFO]   [VZ_FR] nessun link — skip
2026-07-22 08:59:03,731 [INFO]   [VZ_ES] nessun link — skip
2026-07-22 08:59:03,732 [INFO]   [VZI-6_R1]
    URL    : https://gruppofsitaliane.sharepoint.com/:f:/r/sites/IngegneriaETReMezziLeggeri-Trenitalia/Shared%20Documents/DB_ETR1000/DOC_FLOTTE/VZI-6_R1/CONFIG/FRS/FA020030729.pdf#page=11
    Pagina : '11' → 11
2026-07-22 08:59:03,732 [INFO]   [VZI-4_R1] nessun link — skip
2026-07-22 08:59:03,732 [INFO]   Doc 'FRS_Bogies' [cartella: CONFIG] (riga 281): 3/6 configurazioni con link
2026-07-22 08:59:03,732 [INFO] 
───────────────────────────────────────────────────────
  FUNZIONE    : BOG_Hotbox_Detection — 
  DOCUMENTO   : FRS_Bogies
  DOC CARTELLA: CONFIG
  RIGA Doc    : 281 | RIGA AI: 283
───────────────────────────────────────────────────────
2026-07-22 08:59:03,732 [INFO]   [VZI_Base]
    URL    : https://gruppofsitaliane.sharepoint.com/:f:/r/sites/IngegneriaETReMezziLeggeri-Trenitalia/Shared%20Documents/DB_ETR1000/DOC_FLOTTE/VZI_Base/CONFIG/FRS/3EST000225-7906.pdf#page=14
    Pagina : '14' → 14
2026-07-22 08:59:03,733 [INFO]   [VZI_New14]
    URL    : https://gruppofsitaliane.sharepoint.com/:f:/r/sites/IngegneriaETReMezziLeggeri-Trenitalia/Shared%20Documents/DB_ETR1000/DOC_FLOTTE/VZI_New14/CONFIG/FRS/3ECP413719-0300.pdf#page=12
    Pagina : '12' → 12
2026-07-22 08:59:03,733 [INFO]   [VZ_FR] nessun link — skip
2026-07-22 08:59:03,733 [INFO]   [VZ_ES] nessun link — skip
2026-07-22 08:59:03,733 [INFO]   [VZI-6_R1]
    URL    : https://gruppofsitaliane.sharepoint.com/:f:/r/sites/IngegneriaETReMezziLeggeri-Trenitalia/Shared%20Documents/DB_ETR1000/DOC_FLOTTE/VZI-6_R1/CONFIG/FRS/FA020030729.pdf#page=14
    Pagina : '14' → 14
2026-07-22 08:59:03,733 [INFO]   [VZI-4_R1] nessun link — skip
2026-07-22 08:59:03,733 [INFO]   Doc 'FRS_Bogies' [cartella: CONFIG] (riga 285): 3/6 configurazioni con link
2026-07-22 08:59:03,733 [INFO] 
───────────────────────────────────────────────────────
  FUNZIONE    : BOG_Instability_Monitoring — 
  DOCUMENTO   : FRS_Bogies
  DOC CARTELLA: CONFIG
  RIGA Doc    : 285 | RIGA AI: 287
───────────────────────────────────────────────────────
2026-07-22 08:59:03,733 [INFO]   [VZI_Base]
    URL    : https://gruppofsitaliane.sharepoint.com/:f:/r/sites/IngegneriaETReMezziLeggeri-Trenitalia/Shared%20Documents/DB_ETR1000/DOC_FLOTTE/VZI_Base/CONFIG/FRS/3EST000225-7906.pdf#page=20
    Pagina : '20' → 20
2026-07-22 08:59:03,734 [INFO]   [VZI_New14]
    URL    : https://gruppofsitaliane.sharepoint.com/:f:/r/sites/IngegneriaETReMezziLeggeri-Trenitalia/Shared%20Documents/DB_ETR1000/DOC_FLOTTE/VZI_New14/CONFIG/FRS/3ECP413719-0300.pdf#page=20
    Pagina : '20' → 20
2026-07-22 08:59:03,734 [INFO]   [VZ_FR] nessun link — skip
2026-07-22 08:59:03,734 [INFO]   [VZ_ES] nessun link — skip
2026-07-22 08:59:03,734 [INFO]   [VZI-6_R1]
    URL    : https://gruppofsitaliane.sharepoint.com/:f:/r/sites/IngegneriaETReMezziLeggeri-Trenitalia/Shared%20Documents/DB_ETR1000/DOC_FLOTTE/VZI-6_R1/CONFIG/FRS/FA020030729.pdf#page=36
    Pagina : '36' → 36
2026-07-22 08:59:03,734 [INFO]   [VZI-4_R1] nessun link — skip
2026-07-22 08:59:03,734 [INFO]   Doc 'FRS_Bogies' [cartella: CONFIG] (riga 289): 3/6 configurazioni con link
2026-07-22 08:59:03,735 [INFO] 
───────────────────────────────────────────────────────
  FUNZIONE    : BOG_Active_Lateral_Suspension_(ALS) — 
  DOCUMENTO   : FRS_Bogies
  DOC CARTELLA: CONFIG
  RIGA Doc    : 289 | RIGA AI: 291
───────────────────────────────────────────────────────
2026-07-22 08:59:03,735 [INFO]   [VZI_Base]
    URL    : https://gruppofsitaliane.sharepoint.com/:f:/r/sites/IngegneriaETReMezziLeggeri-Trenitalia/Shared%20Documents/DB_ETR1000/DOC_FLOTTE/VZI_Base/CONFIG/FRS/3EST000225-7906.pdf#page=29
    Pagina : '29' → 29
2026-07-22 08:59:03,735 [INFO]   [VZI_New14]
    URL    : https://gruppofsitaliane.sharepoint.com/:f:/r/sites/IngegneriaETReMezziLeggeri-Trenitalia/Shared%20Documents/DB_ETR1000/DOC_FLOTTE/VZI_New14/CONFIG/FRS/3ECP413719-0300.pdf#page=28
    Pagina : '28' → 28
2026-07-22 08:59:03,735 [INFO]   [VZ_FR] nessun link — skip
2026-07-22 08:59:03,735 [INFO]   [VZ_ES] nessun link — skip
2026-07-22 08:59:03,735 [INFO]   [VZI-6_R1]
    URL    : https://gruppofsitaliane.sharepoint.com/:f:/r/sites/IngegneriaETReMezziLeggeri-Trenitalia/Shared%20Documents/DB_ETR1000/DOC_FLOTTE/VZI-6_R1/CONFIG/FRS/FA020030729.pdf#page=43
    Pagina : '43' → 43
2026-07-22 08:59:03,736 [INFO]   [VZI-4_R1] nessun link — skip
2026-07-22 08:59:03,736 [INFO]   Doc 'FRS_Bogies' [cartella: CONFIG] (riga 293): 3/6 configurazioni con link
2026-07-22 08:59:03,736 [INFO] 
───────────────────────────────────────────────────────
  FUNZIONE    : BOG_Diagnostics_&_CBM — 
  DOCUMENTO   : FRS_Bogies
  DOC CARTELLA: CONFIG
  RIGA Doc    : 293 | RIGA AI: 295
───────────────────────────────────────────────────────
2026-07-22 08:59:03,736 [INFO]   [VZI_Base]
    URL    : https://gruppofsitaliane.sharepoint.com/:f:/r/sites/IngegneriaETReMezziLeggeri-Trenitalia/Shared%20Documents/DB_ETR1000/DOC_FLOTTE/VZI_Base/CONFIG/FRS/3EST000225-7906.pdf#page=31
    Pagina : '31' → 31
2026-07-22 08:59:03,736 [INFO]   [VZI_New14]
    URL    : https://gruppofsitaliane.sharepoint.com/:f:/r/sites/IngegneriaETReMezziLeggeri-Trenitalia/Shared%20Documents/DB_ETR1000/DOC_FLOTTE/VZI_New14/CONFIG/FRS/3ECP413719-0300.pdf#page=29
    Pagina : '29' → 29
2026-07-22 08:59:03,737 [INFO]   [VZ_FR] nessun link — skip
2026-07-22 08:59:03,737 [INFO]   [VZ_ES] nessun link — skip
2026-07-22 08:59:03,737 [INFO]   [VZI-6_R1]
    URL    : https://gruppofsitaliane.sharepoint.com/:f:/r/sites/IngegneriaETReMezziLeggeri-Trenitalia/Shared%20Documents/DB_ETR1000/DOC_FLOTTE/VZI-6_R1/CONFIG/FRS/FA020030729.pdf#page=44
    Pagina : '44' → 44
2026-07-22 08:59:03,737 [INFO]   [VZI-4_R1] nessun link — skip
2026-07-22 08:59:03,737 [INFO] 
FillTarget: 224 celle in 64 gruppi
2026-07-22 08:59:03,737 [INFO] 
═══════════════════════════════════════════════════════
  LV_Country_code_selection / FRS_Line Voltage (4 config)
═══════════════════════════════════════════════════════
2026-07-22 08:59:03,738 [INFO]   [VZI_Base] Estrazione pag.7...
2026-07-22 08:59:03,738 [INFO]   🔍 Ricerca locale per: https://gruppofsitaliane.sharepoint.com/:f:/r/sites/IngegneriaETReMezziLeggeri-T...
2026-07-22 08:59:03,740 [INFO]   📁 File trovato (percorso esatto): C:\Users\2954534.UTENTI\OneDrive - Gruppo Ferrovie Dello Stato\Documenti - Ingegneria ETR - Trenitalia\DB_ETR1000\DOC_FLOTTE\VZI_Base\CONFIG\FRS\3EST000225-7907.pdf
2026-07-22 08:59:04,166 [INFO]   🎯 Indice funzione: '3.1' (score=3, func_id='LV_Country_code_selection')
2026-07-22 08:59:04,167 [INFO]   📑 Strategia A — indice funzione: '3.1' su pag.7
2026-07-22 08:59:04,167 [INFO]   ✂ Pagina iniziale parziale: testo prima di '3.1' escluso (offset=533)
2026-07-22 08:59:04,171 [INFO]   ✂ Testo troncato: indice estraneo '3.2 Pantograph Control' trovato a offset 507 — pagina parziale
2026-07-22 08:59:04,171 [INFO]   ✅✂ Pag.8: testo precedente a '3.2' incluso — poi STOP
2026-07-22 08:59:04,172 [INFO]   📖 Estratte pagine 7–8 (parziale inizio, parziale fine) da '3EST000225-7907.pdf'
2026-07-22 08:59:04,172 [INFO]   [VZ_FR] Estrazione pag.7...
2026-07-22 08:59:04,172 [INFO]   🔍 Ricerca locale per: https://gruppofsitaliane.sharepoint.com/:f:/r/sites/IngegneriaETReMezziLeggeri-T...
2026-07-22 08:59:04,175 [INFO]   📁 File trovato (percorso esatto): C:\Users\2954534.UTENTI\OneDrive - Gruppo Ferrovie Dello Stato\Documenti - Ingegneria ETR - Trenitalia\DB_ETR1000\DOC_FLOTTE\VZ_FR\CONFIG\FRS\3ECP413571-0401.pdf
2026-07-22 08:59:04,221 [INFO]   🎯 Indice funzione: '3.1' (score=3, func_id='LV_Country_code_selection')
2026-07-22 08:59:04,221 [INFO]   📑 Strategia A — indice funzione: '3.1' su pag.7
2026-07-22 08:59:04,221 [INFO]   ✂ Pagina iniziale parziale: testo prima di '3.1' escluso (offset=533)
2026-07-22 08:59:04,225 [INFO]   ✂ Testo troncato: indice estraneo '3.2 Pantograph Control' trovato a offset 507 — pagina parziale
2026-07-22 08:59:04,225 [INFO]   ✅✂ Pag.8: testo precedente a '3.2' incluso — poi STOP
2026-07-22 08:59:04,226 [INFO]   📖 Estratte pagine 7–8 (parziale inizio, parziale fine) da '3ECP413571-0401.pdf'
2026-07-22 08:59:04,226 [INFO]   [VZ_ES] Estrazione pag.7...
2026-07-22 08:59:04,226 [INFO]   🔍 Ricerca locale per: https://gruppofsitaliane.sharepoint.com/:f:/r/sites/IngegneriaETReMezziLeggeri-T...
2026-07-22 08:59:04,230 [INFO]   📁 File trovato (percorso esatto): C:\Users\2954534.UTENTI\OneDrive - Gruppo Ferrovie Dello Stato\Documenti - Ingegneria ETR - Trenitalia\DB_ETR1000\DOC_FLOTTE\VZ_ES\CONFIG\FRS\3EGH489028-2358.pdf
2026-07-22 08:59:04,324 [INFO]   🎯 Indice funzione: '3.1' (score=3, func_id='LV_Country_code_selection')
2026-07-22 08:59:04,324 [INFO]   📑 Strategia A — indice funzione: '3.1' su pag.7
2026-07-22 08:59:04,325 [INFO]   ✂ Pagina iniziale parziale: testo prima di '3.1' escluso (offset=556)
2026-07-22 08:59:04,328 [INFO]   ✂ Testo troncato: indice estraneo '3.2 Pantograph Control' trovato a offset 528 — pagina parziale
2026-07-22 08:59:04,328 [INFO]   ✅✂ Pag.8: testo precedente a '3.2' incluso — poi STOP
2026-07-22 08:59:04,329 [INFO]   📖 Estratte pagine 7–8 (parziale inizio, parziale fine) da '3EGH489028-2358.pdf'
2026-07-22 08:59:04,329 [INFO]   [VZI-6_R1] Estrazione pag.12...
2026-07-22 08:59:04,329 [INFO]   🔍 Ricerca locale per: https://gruppofsitaliane.sharepoint.com/:f:/r/sites/IngegneriaETReMezziLeggeri-T...
2026-07-22 08:59:04,331 [INFO]   📁 File trovato (percorso esatto): C:\Users\2954534.UTENTI\OneDrive - Gruppo Ferrovie Dello Stato\Documenti - Ingegneria ETR - Trenitalia\DB_ETR1000\DOC_FLOTTE\VZI-6_R1\CONFIG\FRS\FA020022045.pdf
2026-07-22 08:59:04,431 [INFO]   🎯 Indice funzione: '3.1' (score=3, func_id='LV_Country_code_selection')
2026-07-22 08:59:04,431 [INFO]   📑 Strategia A — indice funzione: '3.1' su pag.12
2026-07-22 08:59:04,432 [INFO]   ✂ Pagina iniziale parziale: testo prima di '3.1' escluso (offset=186)
2026-07-22 08:59:04,437 [INFO]   ✂ Testo troncato: indice estraneo '3.2 Pantograph Control' trovato a offset 1599 — pagina parziale
2026-07-22 08:59:04,438 [INFO]   ✅✂ Pag.13: testo precedente a '3.2' incluso — poi STOP
2026-07-22 08:59:04,441 [INFO]   📖 Estratte pagine 12–13 (parziale inizio, parziale fine) da 'FA020022045.pdf'
2026-07-22 08:59:04,441 [INFO]   Testi: 4/4
2026-07-22 08:59:04,444 [INFO]   [parse] [VZI_Base] ✅ Parsing regex OK — campi valorizzati: 3/16
2026-07-22 08:59:04,445 [INFO]   [parse] [VZ_FR] ✅ Parsing regex OK — campi valorizzati: 3/16
2026-07-22 08:59:04,446 [INFO]   [parse] [VZ_ES] ✅ Parsing regex OK — campi valorizzati: 3/16
2026-07-22 08:59:04,447 [INFO]   [parse] [VZI-6_R1] ✅ Parsing regex OK — campi valorizzati: 3/16
2026-07-22 08:59:04,448 [INFO]   [det] VZI_Base vs VZ_FR: ✅ Nessuna diff. funzionale oggettiva
2026-07-22 08:59:04,448 [INFO]   [det] VZI_Base vs VZ_ES: ✅ Nessuna diff. funzionale oggettiva
2026-07-22 08:59:04,448 [INFO]   [det] VZI_Base vs VZI-6_R1: ✅ Nessuna diff. funzionale oggettiva
2026-07-22 08:59:04,448 [INFO]   [det] VZ_FR vs VZ_ES: ✅ Nessuna diff. funzionale oggettiva
2026-07-22 08:59:04,449 [INFO]   [det] VZ_FR vs VZI-6_R1: ✅ Nessuna diff. funzionale oggettiva
2026-07-22 08:59:04,449 [INFO]   [det] VZ_ES vs VZI-6_R1: ✅ Nessuna diff. funzionale oggettiva
2026-07-22 08:59:04,449 [INFO]   ✅ Nessuna diff. oggettiva
2026-07-22 08:59:04,449 [INFO]   Chiamata Ollama (unica per questo gruppo, 4 config in parallelo nel prompt)...
2026-07-22 08:59:04,449 [INFO]   Ollama: analisi funzionale gruppo LV_Country_code_selection (4 config in un unico prompt)...
2026-07-22 09:06:32,038 [INFO] HTTP Request: POST http://127.0.0.1:11434/api/chat "HTTP/1.1 200 OK"
2026-07-22 09:06:32,040 [INFO]   ✅ Risultato in cache — score=85, equivalenti=True
2026-07-22 09:14:39,272 [INFO] 
============================================================
2026-07-22 09:14:39,273 [INFO]   funzioni_ai_filter — avvio (versione ottimizzata)
2026-07-22 09:14:39,273 [INFO] ============================================================
2026-07-22 09:14:39,273 [INFO]   Excel     : C:\__SCRIPTS\AskTrainMind\DB Flotte ETR1000 Ver_1.7_00.xlsx
2026-07-22 09:14:39,274 [INFO]   AI model  : Ollama / llama3.2
2026-07-22 09:14:39,274 [INFO]   Partenza  : inizio foglio
2026-07-22 09:14:40,951 [INFO] HTTP Request: GET http://127.0.0.1:11434/api/tags "HTTP/1.1 200 OK"
2026-07-22 09:14:40,952 [INFO] ✅ Ollama OK — modello 'llama3.2' disponibile.
2026-07-22 09:14:41,619 [INFO]   [Cartelle] Base URL (da D5 data_only): https://gruppofsitaliane.sharepoint.com/:f:/r/sites/IngegneriaETReMezziLeggeri-Trenitalia/Shared%20Documents/DB_ETR1000/DOC_FLOTTE/
2026-07-22 09:14:41,619 [INFO]   [CONFIG] Configurazioni trovate in riga 1: ['VZI_Base', 'VZI_New14', 'VZ_FR', 'VZ_ES', 'VZI-6_R1', 'VZI-4_R1', 'VZ_DAI', 'VZ_Esxx']
2026-07-22 09:14:41,620 [INFO]   [CONFIG] 106 documenti caricati. Esempi: ['SW_Config', 'FPD_Drive Control', 'FPD_Conventional Train Control', 'FPD_Train Protection - ATP', 'FPD_TCMS Architecture', 'FPD_Propulsion and Auxiliary', 'FPD_Line Voltage', 'FPD_Auxiliary Electrical Supply']
2026-07-22 09:14:41,621 [INFO]   [MAN_CPR] Configurazioni trovate in riga 1: ['VZI_Base', 'VZI_New14', 'VZ_FR', 'VZ-ES', 'VZI-6_R1', 'VZI-4_R1']
2026-07-22 09:14:41,622 [INFO]   [MAN_CPR] 77 documenti caricati. Esempi: ['PBC_01A', 'PBC_01B', 'PBS_01A', 'MR1_01A', 'MR1_02A', 'MR1_03A', 'MR1_04A', 'MR1_05A']
2026-07-22 09:14:41,623 [INFO] Struttura foglio rilevata:
  FUNC ID=1, DESCRIZIONE=2, DOC CARTELLA=3, DOC ID=4, Info=5
  Configurazioni (6): ['VZI_Base', 'VZI_New14', 'VZ_FR', 'VZ_ES', 'VZI-6_R1', 'VZI-4_R1']
2026-07-22 09:14:41,623 [INFO] ▶ Elaborazione dall'inizio del foglio.
2026-07-22 09:14:41,623 [INFO]   Doc 'FS_DM1' [cartella: CONFIG] (riga 3): 2/6 configurazioni con link
2026-07-22 09:14:41,624 [INFO]   Doc 'FS_TT2' [cartella: CONFIG] (riga 7): 2/6 configurazioni con link
2026-07-22 09:14:41,624 [INFO]   Doc 'FRS_Brake Control' [cartella: CONFIG] (riga 11): 2/6 configurazioni con link
2026-07-22 09:14:41,624 [INFO]   Doc 'FPD_Brake Control' [cartella: CONFIG] (riga 14): 2/6 configurazioni con link
2026-07-22 09:14:41,624 [INFO]   Doc 'FS_DM1' [cartella: CONFIG] (riga 17): 2/6 configurazioni con link
2026-07-22 09:14:41,624 [INFO]   Doc 'FRS_Bogies' [cartella: CONFIG] (riga 21): 3/6 configurazioni con link
2026-07-22 09:14:41,625 [INFO]   Doc 'FPD_xx' [cartella: CONFIG] (riga 24): 0/6 configurazioni con link
2026-07-22 09:14:41,625 [INFO]   Doc 'FS_DM1' [cartella: CONFIG] (riga 27): 2/6 configurazioni con link
2026-07-22 09:14:41,625 [INFO]   Doc 'FRS_xx' [cartella: CONFIG] (riga 29): 0/6 configurazioni con link
2026-07-22 09:14:41,625 [INFO]   Doc 'FPD_xx' [cartella: CONFIG] (riga 31): 0/6 configurazioni con link
2026-07-22 09:14:41,626 [INFO]   Doc 'PBC_01A' [cartella: MAN_CPR] (riga 33): 2/6 configurazioni con link
2026-07-22 09:14:41,626 [INFO]   Doc 'DIA_Regole' [cartella: DIAGNOSTIC] (riga 36): 1/6 configurazioni con link
2026-07-22 09:14:41,626 [INFO]   Doc 'FD_TCMS' [cartella: GENERAL] (riga 38): 1/6 configurazioni con link
2026-07-22 09:14:41,627 [INFO]   Doc 'FRS_Line Voltage' [cartella: CONFIG] (riga 41): 4/6 configurazioni con link
2026-07-22 09:14:41,627 [INFO] 
───────────────────────────────────────────────────────
  FUNZIONE    : LV_Country_code_selection — Selezione su IDU del paese corrente, per informare
  DOCUMENTO   : FRS_Line Voltage
  DOC CARTELLA: CONFIG
  RIGA Doc    : 41 | RIGA AI: 43
───────────────────────────────────────────────────────
2026-07-22 09:14:41,627 [INFO]   [VZI_Base]
    URL    : https://gruppofsitaliane.sharepoint.com/:f:/r/sites/IngegneriaETReMezziLeggeri-Trenitalia/Shared%20Documents/DB_ETR1000/DOC_FLOTTE/VZI_Base/CONFIG/FRS/3EST000225-7907.pdf#page=7
    Pagina : '7' → 7
2026-07-22 09:14:41,627 [INFO]   [VZI_New14] nessun link — skip
2026-07-22 09:14:41,628 [INFO]   [VZ_FR]
    URL    : https://gruppofsitaliane.sharepoint.com/:f:/r/sites/IngegneriaETReMezziLeggeri-Trenitalia/Shared%20Documents/DB_ETR1000/DOC_FLOTTE/VZ_FR/CONFIG/FRS/3ECP413571-0401.pdf#page=7
    Pagina : '7' → 7
2026-07-22 09:14:41,628 [INFO]   [VZ_ES]
    URL    : https://gruppofsitaliane.sharepoint.com/:f:/r/sites/IngegneriaETReMezziLeggeri-Trenitalia/Shared%20Documents/DB_ETR1000/DOC_FLOTTE/VZ_ES/CONFIG/FRS/3EGH489028-2358.pdf#page=7
    Pagina : '7' → 7
2026-07-22 09:14:41,628 [INFO]   [VZI-6_R1]
    URL    : https://gruppofsitaliane.sharepoint.com/:f:/r/sites/IngegneriaETReMezziLeggeri-Trenitalia/Shared%20Documents/DB_ETR1000/DOC_FLOTTE/VZI-6_R1/CONFIG/FRS/FA020022045.pdf#page=12
    Pagina : '12' → 12
2026-07-22 09:14:41,628 [INFO]   [VZI-4_R1] nessun link — skip
2026-07-22 09:14:41,628 [INFO]   Doc 'FRS_Line Voltage' [cartella: CONFIG] (riga 45): 4/6 configurazioni con link
2026-07-22 09:14:41,628 [INFO] 
───────────────────────────────────────────────────────
  FUNZIONE    : LV_Pantograph_Lifting — Comando di alzamento pantografo 1 o 2 sulla base d
  DOCUMENTO   : FRS_Line Voltage
  DOC CARTELLA: CONFIG
  RIGA Doc    : 45 | RIGA AI: 47
───────────────────────────────────────────────────────
2026-07-22 09:14:41,629 [INFO]   [VZI_Base]
    URL    : https://gruppofsitaliane.sharepoint.com/:f:/r/sites/IngegneriaETReMezziLeggeri-Trenitalia/Shared%20Documents/DB_ETR1000/DOC_FLOTTE/VZI_Base/CONFIG/FRS/3EST000225-7907.pdf#page=8
    Pagina : '8' → 8
2026-07-22 09:14:41,629 [INFO]   [VZI_New14] nessun link — skip
2026-07-22 09:14:41,630 [INFO]   [VZ_FR]
    URL    : https://gruppofsitaliane.sharepoint.com/:f:/r/sites/IngegneriaETReMezziLeggeri-Trenitalia/Shared%20Documents/DB_ETR1000/DOC_FLOTTE/VZ_FR/CONFIG/FRS/3ECP413571-0401.pdf#page=8
    Pagina : '8' → 8
2026-07-22 09:14:41,630 [INFO]   [VZ_ES]
    URL    : https://gruppofsitaliane.sharepoint.com/:f:/r/sites/IngegneriaETReMezziLeggeri-Trenitalia/Shared%20Documents/DB_ETR1000/DOC_FLOTTE/VZ_ES/CONFIG/FRS/3EGH489028-2358.pdf#page=8
    Pagina : '8' → 8
2026-07-22 09:14:41,630 [INFO]   [VZI-6_R1]
    URL    : https://gruppofsitaliane.sharepoint.com/:f:/r/sites/IngegneriaETReMezziLeggeri-Trenitalia/Shared%20Documents/DB_ETR1000/DOC_FLOTTE/VZI-6_R1/CONFIG/FRS/FA020022045.pdf#page=13
    Pagina : '13' → 13
2026-07-22 09:14:41,630 [INFO]   [VZI-4_R1] nessun link — skip
2026-07-22 09:14:41,630 [INFO]   Doc 'FRS_Line Voltage' [cartella: CONFIG] (riga 49): 4/6 configurazioni con link
2026-07-22 09:14:41,631 [INFO] 
───────────────────────────────────────────────────────
  FUNZIONE    : LV_Pantograph_Lowering — Comando di abbassamento pantografo manuale/automat
  DOCUMENTO   : FRS_Line Voltage
  DOC CARTELLA: CONFIG
  RIGA Doc    : 49 | RIGA AI: 51
───────────────────────────────────────────────────────
2026-07-22 09:14:41,631 [INFO]   [VZI_Base]
    URL    : https://gruppofsitaliane.sharepoint.com/:f:/r/sites/IngegneriaETReMezziLeggeri-Trenitalia/Shared%20Documents/DB_ETR1000/DOC_FLOTTE/VZI_Base/CONFIG/FRS/3EST000225-7907.pdf#page=14
    Pagina : '14' → 14
2026-07-22 09:14:41,632 [INFO]   [VZI_New14] nessun link — skip
2026-07-22 09:14:41,632 [INFO]   [VZ_FR]
    URL    : https://gruppofsitaliane.sharepoint.com/:f:/r/sites/IngegneriaETReMezziLeggeri-Trenitalia/Shared%20Documents/DB_ETR1000/DOC_FLOTTE/VZ_FR/CONFIG/FRS/3ECP413571-0401.pdf#page=16
    Pagina : '16' → 16
2026-07-22 09:14:41,632 [INFO]   [VZ_ES]
    URL    : https://gruppofsitaliane.sharepoint.com/:f:/r/sites/IngegneriaETReMezziLeggeri-Trenitalia/Shared%20Documents/DB_ETR1000/DOC_FLOTTE/VZ_ES/CONFIG/FRS/3EGH489028-2358.pdf#page=14
    Pagina : '14' → 14
2026-07-22 09:14:41,632 [INFO]   [VZI-6_R1]
    URL    : https://gruppofsitaliane.sharepoint.com/:f:/r/sites/IngegneriaETReMezziLeggeri-Trenitalia/Shared%20Documents/DB_ETR1000/DOC_FLOTTE/VZI-6_R1/CONFIG/FRS/FA020022045.pdf#page=19
    Pagina : '19' → 19
2026-07-22 09:14:41,633 [INFO]   [VZI-4_R1] nessun link — skip
2026-07-22 09:14:41,633 [INFO]   Doc 'FRS_Line Voltage' [cartella: CONFIG] (riga 53): 4/6 configurazioni con link
2026-07-22 09:14:41,633 [INFO] 
───────────────────────────────────────────────────────
  FUNZIONE    : LV_Automatic_Dropping_Device_(ADD) — Dispositivo di abbassamento automatico del pantogr
  DOCUMENTO   : FRS_Line Voltage
  DOC CARTELLA: CONFIG
  RIGA Doc    : 53 | RIGA AI: 55
───────────────────────────────────────────────────────
2026-07-22 09:14:41,633 [INFO]   [VZI_Base]
    URL    : https://gruppofsitaliane.sharepoint.com/:f:/r/sites/IngegneriaETReMezziLeggeri-Trenitalia/Shared%20Documents/DB_ETR1000/DOC_FLOTTE/VZI_Base/CONFIG/FRS/3EST000225-7907.pdf#page=16
    Pagina : '16' → 16
2026-07-22 09:14:41,633 [INFO]   [VZI_New14] nessun link — skip
2026-07-22 09:14:41,634 [INFO]   [VZ_FR]
    URL    : https://gruppofsitaliane.sharepoint.com/:f:/r/sites/IngegneriaETReMezziLeggeri-Trenitalia/Shared%20Documents/DB_ETR1000/DOC_FLOTTE/VZ_FR/CONFIG/FRS/3ECP413571-0401.pdf#page=18
    Pagina : '18' → 18
2026-07-22 09:14:41,634 [INFO]   [VZ_ES]
    URL    : https://gruppofsitaliane.sharepoint.com/:f:/r/sites/IngegneriaETReMezziLeggeri-Trenitalia/Shared%20Documents/DB_ETR1000/DOC_FLOTTE/VZ_ES/CONFIG/FRS/3EGH489028-2358.pdf#page=16
    Pagina : '16' → 16
2026-07-22 09:14:41,635 [INFO]   [VZI-6_R1]
    URL    : https://gruppofsitaliane.sharepoint.com/:f:/r/sites/IngegneriaETReMezziLeggeri-Trenitalia/Shared%20Documents/DB_ETR1000/DOC_FLOTTE/VZI-6_R1/CONFIG/FRS/FA020022045.pdf#page=22
    Pagina : '22' → 22
2026-07-22 09:14:41,635 [INFO]   [VZI-4_R1] nessun link — skip
2026-07-22 09:14:41,635 [INFO]   Doc 'FRS_Line Voltage' [cartella: CONFIG] (riga 57): 4/6 configurazioni con link
2026-07-22 09:14:41,636 [INFO] 
───────────────────────────────────────────────────────
  FUNZIONE    : LV_Pantograph_Interlock — Interblocco automatico dei pantografi in caso di g
  DOCUMENTO   : FRS_Line Voltage
  DOC CARTELLA: CONFIG
  RIGA Doc    : 57 | RIGA AI: 59
───────────────────────────────────────────────────────
2026-07-22 09:14:41,637 [INFO]   [VZI_Base]
    URL    : https://gruppofsitaliane.sharepoint.com/:f:/r/sites/IngegneriaETReMezziLeggeri-Trenitalia/Shared%20Documents/DB_ETR1000/DOC_FLOTTE/VZI_Base/CONFIG/FRS/3EST000225-7907.pdf#page=18
    Pagina : '18' → 18
2026-07-22 09:14:41,637 [INFO]   [VZI_New14] nessun link — skip
2026-07-22 09:14:41,637 [INFO]   [VZ_FR]
    URL    : https://gruppofsitaliane.sharepoint.com/:f:/r/sites/IngegneriaETReMezziLeggeri-Trenitalia/Shared%20Documents/DB_ETR1000/DOC_FLOTTE/VZ_FR/CONFIG/FRS/3ECP413571-0401.pdf#page=21
    Pagina : '21' → 21
2026-07-22 09:14:41,637 [INFO]   [VZ_ES]
    URL    : https://gruppofsitaliane.sharepoint.com/:f:/r/sites/IngegneriaETReMezziLeggeri-Trenitalia/Shared%20Documents/DB_ETR1000/DOC_FLOTTE/VZ_ES/CONFIG/FRS/3EGH489028-2358.pdf#page=21
    Pagina : '21' → 21
2026-07-22 09:14:41,637 [INFO]   [VZI-6_R1]
    URL    : https://gruppofsitaliane.sharepoint.com/:f:/r/sites/IngegneriaETReMezziLeggeri-Trenitalia/Shared%20Documents/DB_ETR1000/DOC_FLOTTE/VZI-6_R1/CONFIG/FRS/FA020022045.pdf#page=26
    Pagina : '26' → 26
2026-07-22 09:14:41,638 [INFO]   [VZI-4_R1] nessun link — skip
2026-07-22 09:14:41,638 [INFO]   Doc 'FRS_Line Voltage' [cartella: CONFIG] (riga 61): 4/6 configurazioni con link
2026-07-22 09:14:41,638 [INFO] 
───────────────────────────────────────────────────────
  FUNZIONE    : LV_Pantograph_Selection — Selezione del pantografo in base al paese (tipolog
  DOCUMENTO   : FRS_Line Voltage
  DOC CARTELLA: CONFIG
  RIGA Doc    : 61 | RIGA AI: 63
───────────────────────────────────────────────────────
2026-07-22 09:14:41,638 [INFO]   [VZI_Base]
    URL    : https://gruppofsitaliane.sharepoint.com/:f:/r/sites/IngegneriaETReMezziLeggeri-Trenitalia/Shared%20Documents/DB_ETR1000/DOC_FLOTTE/VZI_Base/CONFIG/FRS/3EST000225-7907.pdf#page=20
    Pagina : '20' → 20
2026-07-22 09:14:41,639 [INFO]   [VZI_New14] nessun link — skip
2026-07-22 09:14:41,639 [INFO]   [VZ_FR]
    URL    : https://gruppofsitaliane.sharepoint.com/:f:/r/sites/IngegneriaETReMezziLeggeri-Trenitalia/Shared%20Documents/DB_ETR1000/DOC_FLOTTE/VZ_FR/CONFIG/FRS/3ECP413571-0401.pdf#page=22
    Pagina : '22' → 22
2026-07-22 09:14:41,639 [INFO]   [VZ_ES]
    URL    : https://gruppofsitaliane.sharepoint.com/:f:/r/sites/IngegneriaETReMezziLeggeri-Trenitalia/Shared%20Documents/DB_ETR1000/DOC_FLOTTE/VZ_ES/CONFIG/FRS/3EGH489028-2358.pdf#page=22
    Pagina : '22' → 22
2026-07-22 09:14:41,639 [INFO]   [VZI-6_R1]
    URL    : https://gruppofsitaliane.sharepoint.com/:f:/r/sites/IngegneriaETReMezziLeggeri-Trenitalia/Shared%20Documents/DB_ETR1000/DOC_FLOTTE/VZI-6_R1/CONFIG/FRS/FA020022045.pdf#page=28
    Pagina : '28' → 28
2026-07-22 09:14:41,639 [INFO]   [VZI-4_R1] nessun link — skip
2026-07-22 09:14:41,639 [INFO]   Doc 'FRS_Line Voltage' [cartella: CONFIG] (riga 65): 4/6 configurazioni con link
2026-07-22 09:14:41,640 [INFO] 
───────────────────────────────────────────────────────
  FUNZIONE    : LV_Pantograph_Control_of_Static_Contact_Force — Controllo della forza statica/pressione del pantog
  DOCUMENTO   : FRS_Line Voltage
  DOC CARTELLA: CONFIG
  RIGA Doc    : 65 | RIGA AI: 67
───────────────────────────────────────────────────────
2026-07-22 09:14:41,640 [INFO]   [VZI_Base]
    URL    : https://gruppofsitaliane.sharepoint.com/:f:/r/sites/IngegneriaETReMezziLeggeri-Trenitalia/Shared%20Documents/DB_ETR1000/DOC_FLOTTE/VZI_Base/CONFIG/FRS/3EST000225-7907.pdf#page=21
    Pagina : '21' → 21
2026-07-22 09:14:41,640 [INFO]   [VZI_New14] nessun link — skip
2026-07-22 09:14:41,640 [INFO]   [VZ_FR]
    URL    : https://gruppofsitaliane.sharepoint.com/:f:/r/sites/IngegneriaETReMezziLeggeri-Trenitalia/Shared%20Documents/DB_ETR1000/DOC_FLOTTE/VZ_FR/CONFIG/FRS/3ECP413571-0401.pdf#page=24
    Pagina : '24' → 24
2026-07-22 09:14:41,640 [INFO]   [VZ_ES]
    URL    : https://gruppofsitaliane.sharepoint.com/:f:/r/sites/IngegneriaETReMezziLeggeri-Trenitalia/Shared%20Documents/DB_ETR1000/DOC_FLOTTE/VZ_ES/CONFIG/FRS/3EGH489028-2358.pdf#page=23
    Pagina : '23' → 23
2026-07-22 09:14:41,641 [INFO]   [VZI-6_R1]
    URL    : https://gruppofsitaliane.sharepoint.com/:f:/r/sites/IngegneriaETReMezziLeggeri-Trenitalia/Shared%20Documents/DB_ETR1000/DOC_FLOTTE/VZI-6_R1/CONFIG/FRS/FA020022045.pdf#page=29
    Pagina : '29' → 29
2026-07-22 09:14:41,641 [INFO]   [VZI-4_R1] nessun link — skip
2026-07-22 09:14:41,641 [INFO]   Doc 'FRS_Line Voltage' [cartella: CONFIG] (riga 69): 4/6 configurazioni con link
2026-07-22 09:14:41,641 [INFO] 
───────────────────────────────────────────────────────
  FUNZIONE    : LV_Line_Voltage_Supervision — Controllo della tensione di linea tramite sensori 
  DOCUMENTO   : FRS_Line Voltage
  DOC CARTELLA: CONFIG
  RIGA Doc    : 69 | RIGA AI: 71
───────────────────────────────────────────────────────
2026-07-22 09:14:41,641 [INFO]   [VZI_Base]
    URL    : https://gruppofsitaliane.sharepoint.com/:f:/r/sites/IngegneriaETReMezziLeggeri-Trenitalia/Shared%20Documents/DB_ETR1000/DOC_FLOTTE/VZI_Base/CONFIG/FRS/3EST000225-7907.pdf#page=23
    Pagina : '23' → 23
2026-07-22 09:14:41,641 [INFO]   [VZI_New14] nessun link — skip
2026-07-22 09:14:41,641 [INFO]   [VZ_FR]
    URL    : https://gruppofsitaliane.sharepoint.com/:f:/r/sites/IngegneriaETReMezziLeggeri-Trenitalia/Shared%20Documents/DB_ETR1000/DOC_FLOTTE/VZ_FR/CONFIG/FRS/3ECP413571-0401.pdf#page=25
    Pagina : '25' → 25
2026-07-22 09:14:41,642 [INFO]   [VZ_ES]
    URL    : https://gruppofsitaliane.sharepoint.com/:f:/r/sites/IngegneriaETReMezziLeggeri-Trenitalia/Shared%20Documents/DB_ETR1000/DOC_FLOTTE/VZ_ES/CONFIG/FRS/3EGH489028-2358.pdf#page=24
    Pagina : '24' → 24
2026-07-22 09:14:41,642 [INFO]   [VZI-6_R1]
    URL    : https://gruppofsitaliane.sharepoint.com/:f:/r/sites/IngegneriaETReMezziLeggeri-Trenitalia/Shared%20Documents/DB_ETR1000/DOC_FLOTTE/VZI-6_R1/CONFIG/FRS/FA020022045.pdf#page=30
    Pagina : '30' → 30
2026-07-22 09:14:41,642 [INFO]   [VZI-4_R1] nessun link — skip
2026-07-22 09:14:41,642 [INFO]   Doc 'FRS_Line Voltage' [cartella: CONFIG] (riga 73): 4/6 configurazioni con link
2026-07-22 09:14:41,642 [INFO] 
───────────────────────────────────────────────────────
  FUNZIONE    : LV_Line_Current_Supervision — Controllo della corrente di linea
  DOCUMENTO   : FRS_Line Voltage
  DOC CARTELLA: CONFIG
  RIGA Doc    : 73 | RIGA AI: 75
───────────────────────────────────────────────────────
2026-07-22 09:14:41,642 [INFO]   [VZI_Base]
    URL    : https://gruppofsitaliane.sharepoint.com/:f:/r/sites/IngegneriaETReMezziLeggeri-Trenitalia/Shared%20Documents/DB_ETR1000/DOC_FLOTTE/VZI_Base/CONFIG/FRS/3EST000225-7907.pdf#page=25
    Pagina : '25' → 25
2026-07-22 09:14:41,642 [INFO]   [VZI_New14] nessun link — skip
2026-07-22 09:14:41,642 [INFO]   [VZ_FR]
    URL    : https://gruppofsitaliane.sharepoint.com/:f:/r/sites/IngegneriaETReMezziLeggeri-Trenitalia/Shared%20Documents/DB_ETR1000/DOC_FLOTTE/VZ_FR/CONFIG/FRS/3ECP413571-0401.pdf#page=29
    Pagina : '29' → 29
2026-07-22 09:14:41,642 [INFO]   [VZ_ES]
    URL    : https://gruppofsitaliane.sharepoint.com/:f:/r/sites/IngegneriaETReMezziLeggeri-Trenitalia/Shared%20Documents/DB_ETR1000/DOC_FLOTTE/VZ_ES/CONFIG/FRS/3EGH489028-2358.pdf#page=27
    Pagina : '27' → 27
2026-07-22 09:14:41,642 [INFO]   [VZI-6_R1]
    URL    : https://gruppofsitaliane.sharepoint.com/:f:/r/sites/IngegneriaETReMezziLeggeri-Trenitalia/Shared%20Documents/DB_ETR1000/DOC_FLOTTE/VZI-6_R1/CONFIG/FRS/FA020022045.pdf#page=36
    Pagina : '36' → 36
2026-07-22 09:14:41,643 [INFO]   [VZI-4_R1] nessun link — skip
2026-07-22 09:14:41,643 [INFO]   Doc 'FRS_Line Voltage' [cartella: CONFIG] (riga 77): 4/6 configurazioni con link
2026-07-22 09:14:41,643 [INFO] 
───────────────────────────────────────────────────────
  FUNZIONE    : LV_Line_Interference_Monitor — Controllo correnti/interferenze indesiderate di li
  DOCUMENTO   : FRS_Line Voltage
  DOC CARTELLA: CONFIG
  RIGA Doc    : 77 | RIGA AI: 79
───────────────────────────────────────────────────────
2026-07-22 09:14:41,643 [INFO]   [VZI_Base]
    URL    : https://gruppofsitaliane.sharepoint.com/:f:/r/sites/IngegneriaETReMezziLeggeri-Trenitalia/Shared%20Documents/DB_ETR1000/DOC_FLOTTE/VZI_Base/CONFIG/FRS/3EST000225-7907.pdf#page=27
    Pagina : '27' → 27
2026-07-22 09:14:41,643 [INFO]   [VZI_New14] nessun link — skip
2026-07-22 09:14:41,644 [INFO]   [VZ_FR]
    URL    : https://gruppofsitaliane.sharepoint.com/:f:/r/sites/IngegneriaETReMezziLeggeri-Trenitalia/Shared%20Documents/DB_ETR1000/DOC_FLOTTE/VZ_FR/CONFIG/FRS/3ECP413571-0401.pdf#page=31
    Pagina : '31' → 31
2026-07-22 09:14:41,644 [INFO]   [VZ_ES]
    URL    : https://gruppofsitaliane.sharepoint.com/:f:/r/sites/IngegneriaETReMezziLeggeri-Trenitalia/Shared%20Documents/DB_ETR1000/DOC_FLOTTE/VZ_ES/CONFIG/FRS/3EGH489028-2358.pdf#page=29
    Pagina : '29' → 29
2026-07-22 09:14:41,645 [INFO]   [VZI-6_R1]
    URL    : https://gruppofsitaliane.sharepoint.com/:f:/r/sites/IngegneriaETReMezziLeggeri-Trenitalia/Shared%20Documents/DB_ETR1000/DOC_FLOTTE/VZI-6_R1/CONFIG/FRS/FA020022045.pdf#page=39
    Pagina : '39' → 39
2026-07-22 09:14:41,645 [INFO]   [VZI-4_R1] nessun link — skip
2026-07-22 09:14:41,645 [INFO]   Doc 'FRS_Line Voltage' [cartella: CONFIG] (riga 81): 4/6 configurazioni con link
2026-07-22 09:14:41,646 [INFO] 
───────────────────────────────────────────────────────
  FUNZIONE    : LV_LIM_50Hz_protection_bypass — Bypass della protezione LIM 50 Hz
  DOCUMENTO   : FRS_Line Voltage
  DOC CARTELLA: CONFIG
  RIGA Doc    : 81 | RIGA AI: 83
───────────────────────────────────────────────────────
2026-07-22 09:14:41,646 [INFO]   [VZI_Base]
    URL    : https://gruppofsitaliane.sharepoint.com/:f:/r/sites/IngegneriaETReMezziLeggeri-Trenitalia/Shared%20Documents/DB_ETR1000/DOC_FLOTTE/VZI_Base/CONFIG/FRS/3EST000225-7907.pdf#page=29
    Pagina : '29' → 29
2026-07-22 09:14:41,646 [INFO]   [VZI_New14] nessun link — skip
2026-07-22 09:14:41,647 [INFO]   [VZ_FR]
    URL    : https://gruppofsitaliane.sharepoint.com/:f:/r/sites/IngegneriaETReMezziLeggeri-Trenitalia/Shared%20Documents/DB_ETR1000/DOC_FLOTTE/VZ_FR/CONFIG/FRS/3ECP413571-0401.pdf#page=34
    Pagina : '34' → 34
2026-07-22 09:14:41,647 [INFO]   [VZ_ES]
    URL    : https://gruppofsitaliane.sharepoint.com/:f:/r/sites/IngegneriaETReMezziLeggeri-Trenitalia/Shared%20Documents/DB_ETR1000/DOC_FLOTTE/VZ_ES/CONFIG/FRS/3EGH489028-2358.pdf#page=31
    Pagina : '31' → 31
2026-07-22 09:14:41,647 [INFO]   [VZI-6_R1]
    URL    : https://gruppofsitaliane.sharepoint.com/:f:/r/sites/IngegneriaETReMezziLeggeri-Trenitalia/Shared%20Documents/DB_ETR1000/DOC_FLOTTE/VZI-6_R1/CONFIG/FRS/FA020022045.pdf#page=42
    Pagina : '42' → 42
2026-07-22 09:14:41,647 [INFO]   [VZI-4_R1] nessun link — skip
2026-07-22 09:14:41,647 [INFO]   Doc 'FRS_Line Voltage' [cartella: CONFIG] (riga 85): 4/6 configurazioni con link
2026-07-22 09:14:41,647 [INFO] 
───────────────────────────────────────────────────────
  FUNZIONE    : LV_Neutral_Section_Passing — Gestione del passaggio in sezione neutra:
- automa
  DOCUMENTO   : FRS_Line Voltage
  DOC CARTELLA: CONFIG
  RIGA Doc    : 85 | RIGA AI: 87
───────────────────────────────────────────────────────
2026-07-22 09:14:41,648 [INFO]   [VZI_Base]
    URL    : https://gruppofsitaliane.sharepoint.com/:f:/r/sites/IngegneriaETReMezziLeggeri-Trenitalia/Shared%20Documents/DB_ETR1000/DOC_FLOTTE/VZI_Base/CONFIG/FRS/3EST000225-7907.pdf#page=30
    Pagina : '30' → 30
2026-07-22 09:14:41,648 [INFO]   [VZI_New14] nessun link — skip
2026-07-22 09:14:41,648 [INFO]   [VZ_FR]
    URL    : https://gruppofsitaliane.sharepoint.com/:f:/r/sites/IngegneriaETReMezziLeggeri-Trenitalia/Shared%20Documents/DB_ETR1000/DOC_FLOTTE/VZ_FR/CONFIG/FRS/3ECP413571-0401.pdf#page=35
    Pagina : '35' → 35
2026-07-22 09:14:41,648 [INFO]   [VZ_ES]
    URL    : https://gruppofsitaliane.sharepoint.com/:f:/r/sites/IngegneriaETReMezziLeggeri-Trenitalia/Shared%20Documents/DB_ETR1000/DOC_FLOTTE/VZ_ES/CONFIG/FRS/3EGH489028-2358.pdf#page=32
    Pagina : '32' → 32
2026-07-22 09:14:41,648 [INFO]   [VZI-6_R1]
    URL    : https://gruppofsitaliane.sharepoint.com/:f:/r/sites/IngegneriaETReMezziLeggeri-Trenitalia/Shared%20Documents/DB_ETR1000/DOC_FLOTTE/VZI-6_R1/CONFIG/FRS/FA020022045.pdf#page=43
    Pagina : '43' → 43
2026-07-22 09:14:41,648 [INFO]   [VZI-4_R1] nessun link — skip
2026-07-22 09:14:41,649 [INFO]   Doc 'FRS_Line Voltage' [cartella: CONFIG] (riga 89): 4/6 configurazioni con link
2026-07-22 09:14:41,649 [INFO] 
───────────────────────────────────────────────────────
  FUNZIONE    : LV_System_Selection — Selezione tramite commutatore a 4 posizioni della 
  DOCUMENTO   : FRS_Line Voltage
  DOC CARTELLA: CONFIG
  RIGA Doc    : 89 | RIGA AI: 91
───────────────────────────────────────────────────────
2026-07-22 09:14:41,649 [INFO]   [VZI_Base]
    URL    : https://gruppofsitaliane.sharepoint.com/:f:/r/sites/IngegneriaETReMezziLeggeri-Trenitalia/Shared%20Documents/DB_ETR1000/DOC_FLOTTE/VZI_Base/CONFIG/FRS/3EST000225-7907.pdf#page=34
    Pagina : '34' → 34
2026-07-22 09:14:41,649 [INFO]   [VZI_New14] nessun link — skip
2026-07-22 09:14:41,649 [INFO]   [VZ_FR]
    URL    : https://gruppofsitaliane.sharepoint.com/:f:/r/sites/IngegneriaETReMezziLeggeri-Trenitalia/Shared%20Documents/DB_ETR1000/DOC_FLOTTE/VZ_FR/CONFIG/FRS/3ECP413571-0401.pdf#page=39
    Pagina : '39' → 39
2026-07-22 09:14:41,649 [INFO]   [VZ_ES]
    URL    : https://gruppofsitaliane.sharepoint.com/:f:/r/sites/IngegneriaETReMezziLeggeri-Trenitalia/Shared%20Documents/DB_ETR1000/DOC_FLOTTE/VZ_ES/CONFIG/FRS/3EGH489028-2358.pdf#page=35
    Pagina : '35' → 35
2026-07-22 09:14:41,650 [INFO]   [VZI-6_R1]
    URL    : https://gruppofsitaliane.sharepoint.com/:f:/r/sites/IngegneriaETReMezziLeggeri-Trenitalia/Shared%20Documents/DB_ETR1000/DOC_FLOTTE/VZI-6_R1/CONFIG/FRS/FA020022045.pdf#page=47
    Pagina : '47' → 47
2026-07-22 09:14:41,650 [INFO]   [VZI-4_R1] nessun link — skip
2026-07-22 09:14:41,650 [INFO]   Doc 'FRS_Line Voltage' [cartella: CONFIG] (riga 93): 4/6 configurazioni con link
2026-07-22 09:14:41,650 [INFO] 
───────────────────────────────────────────────────────
  FUNZIONE    : LV_Line_Circuit_Breaker_Closing — Chiusura dell’interruttore di linea (LCB) per coll
  DOCUMENTO   : FRS_Line Voltage
  DOC CARTELLA: CONFIG
  RIGA Doc    : 93 | RIGA AI: 95
───────────────────────────────────────────────────────
2026-07-22 09:14:41,651 [INFO]   [VZI_Base]
    URL    : https://gruppofsitaliane.sharepoint.com/:f:/r/sites/IngegneriaETReMezziLeggeri-Trenitalia/Shared%20Documents/DB_ETR1000/DOC_FLOTTE/VZI_Base/CONFIG/FRS/3EST000225-7907.pdf#page=37
    Pagina : '37' → 37
2026-07-22 09:14:41,651 [INFO]   [VZI_New14] nessun link — skip
2026-07-22 09:14:41,651 [INFO]   [VZ_FR]
    URL    : https://gruppofsitaliane.sharepoint.com/:f:/r/sites/IngegneriaETReMezziLeggeri-Trenitalia/Shared%20Documents/DB_ETR1000/DOC_FLOTTE/VZ_FR/CONFIG/FRS/3ECP413571-0401.pdf#page=42
    Pagina : '42' → 42
2026-07-22 09:14:41,651 [INFO]   [VZ_ES]
    URL    : https://gruppofsitaliane.sharepoint.com/:f:/r/sites/IngegneriaETReMezziLeggeri-Trenitalia/Shared%20Documents/DB_ETR1000/DOC_FLOTTE/VZ_ES/CONFIG/FRS/3EGH489028-2358.pdf#page=38
    Pagina : '38' → 38
2026-07-22 09:14:41,652 [INFO]   [VZI-6_R1]
    URL    : https://gruppofsitaliane.sharepoint.com/:f:/r/sites/IngegneriaETReMezziLeggeri-Trenitalia/Shared%20Documents/DB_ETR1000/DOC_FLOTTE/VZI-6_R1/CONFIG/FRS/FA020022045.pdf#page=50
    Pagina : '50' → 50
2026-07-22 09:14:41,652 [INFO]   [VZI-4_R1] nessun link — skip
2026-07-22 09:14:41,652 [INFO]   Doc 'FRS_Line Voltage' [cartella: CONFIG] (riga 97): 4/6 configurazioni con link
2026-07-22 09:14:41,652 [INFO] 
───────────────────────────────────────────────────────
  FUNZIONE    : LV_Line_Circuit_Breaker_Opening — Apertura LCB su comando o per intervento protezion
  DOCUMENTO   : FRS_Line Voltage
  DOC CARTELLA: CONFIG
  RIGA Doc    : 97 | RIGA AI: 99
───────────────────────────────────────────────────────
2026-07-22 09:14:41,653 [INFO]   [VZI_Base]
    URL    : https://gruppofsitaliane.sharepoint.com/:f:/r/sites/IngegneriaETReMezziLeggeri-Trenitalia/Shared%20Documents/DB_ETR1000/DOC_FLOTTE/VZI_Base/CONFIG/FRS/3EST000225-7907.pdf#page=40
    Pagina : '40' → 40
2026-07-22 09:14:41,653 [INFO]   [VZI_New14] nessun link — skip
2026-07-22 09:14:41,653 [INFO]   [VZ_FR]
    URL    : https://gruppofsitaliane.sharepoint.com/:f:/r/sites/IngegneriaETReMezziLeggeri-Trenitalia/Shared%20Documents/DB_ETR1000/DOC_FLOTTE/VZ_FR/CONFIG/FRS/3ECP413571-0401.pdf#page=46
    Pagina : '46' → 46
2026-07-22 09:14:41,653 [INFO]   [VZ_ES]
    URL    : https://gruppofsitaliane.sharepoint.com/:f:/r/sites/IngegneriaETReMezziLeggeri-Trenitalia/Shared%20Documents/DB_ETR1000/DOC_FLOTTE/VZ_ES/CONFIG/FRS/3EGH489028-2358.pdf#page=42
    Pagina : '42' → 42
2026-07-22 09:14:41,653 [INFO]   [VZI-6_R1]
    URL    : https://gruppofsitaliane.sharepoint.com/:f:/r/sites/IngegneriaETReMezziLeggeri-Trenitalia/Shared%20Documents/DB_ETR1000/DOC_FLOTTE/VZI-6_R1/CONFIG/FRS/FA020022045.pdf#page=56
    Pagina : '56' → 56
2026-07-22 09:14:41,653 [INFO]   [VZI-4_R1] nessun link — skip
2026-07-22 09:14:41,653 [INFO]   Doc 'FRS_Line Voltage' [cartella: CONFIG] (riga 101): 4/6 configurazioni con link
2026-07-22 09:14:41,654 [INFO] 
───────────────────────────────────────────────────────
  FUNZIONE    : LV_Isolate_High_Voltage — Isolamento di sezioni HV guaste per mantenere disp
  DOCUMENTO   : FRS_Line Voltage
  DOC CARTELLA: CONFIG
  RIGA Doc    : 101 | RIGA AI: 103
───────────────────────────────────────────────────────
2026-07-22 09:14:41,654 [INFO]   [VZI_Base]
    URL    : https://gruppofsitaliane.sharepoint.com/:f:/r/sites/IngegneriaETReMezziLeggeri-Trenitalia/Shared%20Documents/DB_ETR1000/DOC_FLOTTE/VZI_Base/CONFIG/FRS/3EST000225-7907.pdf#page=45
    Pagina : '45' → 45
2026-07-22 09:14:41,654 [INFO]   [VZI_New14] nessun link — skip
2026-07-22 09:14:41,654 [INFO]   [VZ_FR]
    URL    : https://gruppofsitaliane.sharepoint.com/:f:/r/sites/IngegneriaETReMezziLeggeri-Trenitalia/Shared%20Documents/DB_ETR1000/DOC_FLOTTE/VZ_FR/CONFIG/FRS/3ECP413571-0401.pdf#page=52
    Pagina : '52' → 52
2026-07-22 09:14:41,654 [INFO]   [VZ_ES]
    URL    : https://gruppofsitaliane.sharepoint.com/:f:/r/sites/IngegneriaETReMezziLeggeri-Trenitalia/Shared%20Documents/DB_ETR1000/DOC_FLOTTE/VZ_ES/CONFIG/FRS/3EGH489028-2358.pdf#page=47
    Pagina : '47' → 47
2026-07-22 09:14:41,654 [INFO]   [VZI-6_R1]
    URL    : https://gruppofsitaliane.sharepoint.com/:f:/r/sites/IngegneriaETReMezziLeggeri-Trenitalia/Shared%20Documents/DB_ETR1000/DOC_FLOTTE/VZI-6_R1/CONFIG/FRS/FA020022045.pdf#page=61
    Pagina : '61' → 61
2026-07-22 09:14:41,654 [INFO]   [VZI-4_R1] nessun link — skip
2026-07-22 09:14:41,655 [INFO]   Doc 'FRS_Line Voltage' [cartella: CONFIG] (riga 105): 1/6 configurazioni con link
2026-07-22 09:14:41,655 [INFO] 
───────────────────────────────────────────────────────
  FUNZIONE    : LV_Main_Transformer_cooling_control — Controllo da parte della PCU della velocità delle 
  DOCUMENTO   : FRS_Line Voltage
  DOC CARTELLA: CONFIG
  RIGA Doc    : 105 | RIGA AI: 107
───────────────────────────────────────────────────────
2026-07-22 09:14:41,655 [INFO]   [VZI_Base] nessun link — skip
2026-07-22 09:14:41,655 [INFO]   [VZI_New14] nessun link — skip
2026-07-22 09:14:41,655 [INFO]   [VZ_FR] nessun link — skip
2026-07-22 09:14:41,655 [INFO]   [VZ_ES] nessun link — skip
2026-07-22 09:14:41,656 [INFO]   [VZI-6_R1]
    URL    : https://gruppofsitaliane.sharepoint.com/:f:/r/sites/IngegneriaETReMezziLeggeri-Trenitalia/Shared%20Documents/DB_ETR1000/DOC_FLOTTE/VZI-6_R1/CONFIG/FRS/FA020022045.pdf#page=65
    Pagina : '65' → 65
2026-07-22 09:14:41,656 [INFO]   [VZI-4_R1] nessun link — skip
2026-07-22 09:14:41,656 [INFO]   Doc 'FRS_Line Voltage' [cartella: CONFIG] (riga 109): 1/6 configurazioni con link
2026-07-22 09:14:41,656 [INFO] 
───────────────────────────────────────────────────────
  FUNZIONE    : LV_Main_Transformer_Supervision — Controllo da parte della PCU della temperatura del
  DOCUMENTO   : FRS_Line Voltage
  DOC CARTELLA: CONFIG
  RIGA Doc    : 109 | RIGA AI: 111
───────────────────────────────────────────────────────
2026-07-22 09:14:41,656 [INFO]   [VZI_Base] nessun link — skip
2026-07-22 09:14:41,656 [INFO]   [VZI_New14] nessun link — skip
2026-07-22 09:14:41,657 [INFO]   [VZ_FR] nessun link — skip
2026-07-22 09:14:41,657 [INFO]   [VZ_ES] nessun link — skip
2026-07-22 09:14:41,657 [INFO]   [VZI-6_R1]
    URL    : https://gruppofsitaliane.sharepoint.com/:f:/r/sites/IngegneriaETReMezziLeggeri-Trenitalia/Shared%20Documents/DB_ETR1000/DOC_FLOTTE/VZI-6_R1/CONFIG/FRS/FA020022045.pdf#page=68
    Pagina : '68' → 68
2026-07-22 09:14:41,657 [INFO]   [VZI-4_R1] nessun link — skip
2026-07-22 09:14:41,657 [INFO]   Doc 'FRS_Line Voltage' [cartella: CONFIG] (riga 113): 3/6 configurazioni con link
2026-07-22 09:14:41,658 [INFO] 
───────────────────────────────────────────────────────
  FUNZIONE    : LV_Energy_Meter — Sistema di lettura dell'evergia assorbita dal tren
  DOCUMENTO   : FRS_Line Voltage
  DOC CARTELLA: CONFIG
  RIGA Doc    : 113 | RIGA AI: 115
───────────────────────────────────────────────────────
2026-07-22 09:14:41,658 [INFO]   [VZI_Base] nessun link — skip
2026-07-22 09:14:41,658 [INFO]   [VZI_New14] nessun link — skip
2026-07-22 09:14:41,658 [INFO]   [VZ_FR]
    URL    : https://gruppofsitaliane.sharepoint.com/:f:/r/sites/IngegneriaETReMezziLeggeri-Trenitalia/Shared%20Documents/DB_ETR1000/DOC_FLOTTE/VZ_FR/CONFIG/FRS/3ECP413571-0401.pdf#page=54
    Pagina : '54' → 54
2026-07-22 09:14:41,658 [INFO]   [VZ_ES]
    URL    : https://gruppofsitaliane.sharepoint.com/:f:/r/sites/IngegneriaETReMezziLeggeri-Trenitalia/Shared%20Documents/DB_ETR1000/DOC_FLOTTE/VZ_ES/CONFIG/FRS/3EGH489028-2358.pdf#page=49
    Pagina : '49' → 49
2026-07-22 09:14:41,659 [INFO]   [VZI-6_R1]
    URL    : https://gruppofsitaliane.sharepoint.com/:f:/r/sites/IngegneriaETReMezziLeggeri-Trenitalia/Shared%20Documents/DB_ETR1000/DOC_FLOTTE/VZI-6_R1/CONFIG/FRS/FA020022045.pdf#page=71
    Pagina : '71' → 71
2026-07-22 09:14:41,659 [INFO]   [VZI-4_R1] nessun link — skip
2026-07-22 09:14:41,659 [INFO]   Doc 'FRS_Line Voltage' [cartella: CONFIG] (riga 117): 4/6 configurazioni con link
2026-07-22 09:14:41,659 [INFO] 
───────────────────────────────────────────────────────
  FUNZIONE    : LV_Key_interlocking — Interblocco tramite giro chiavi del sistema alta t
  DOCUMENTO   : FRS_Line Voltage
  DOC CARTELLA: CONFIG
  RIGA Doc    : 117 | RIGA AI: 119
───────────────────────────────────────────────────────
2026-07-22 09:14:41,659 [INFO]   [VZI_Base]
    URL    : https://gruppofsitaliane.sharepoint.com/:f:/r/sites/IngegneriaETReMezziLeggeri-Trenitalia/Shared%20Documents/DB_ETR1000/DOC_FLOTTE/VZI_Base/CONFIG/FRS/3EST000225-7907.pdf#page=48
    Pagina : '48' → 48
2026-07-22 09:14:41,660 [INFO]   [VZI_New14] nessun link — skip
2026-07-22 09:14:41,660 [INFO]   [VZ_FR]
    URL    : https://gruppofsitaliane.sharepoint.com/:f:/r/sites/IngegneriaETReMezziLeggeri-Trenitalia/Shared%20Documents/DB_ETR1000/DOC_FLOTTE/VZ_FR/CONFIG/FRS/3ECP413571-0401.pdf#page=55
    Pagina : '55' → 55
2026-07-22 09:14:41,660 [INFO]   [VZ_ES]
    URL    : https://gruppofsitaliane.sharepoint.com/:f:/r/sites/IngegneriaETReMezziLeggeri-Trenitalia/Shared%20Documents/DB_ETR1000/DOC_FLOTTE/VZ_ES/CONFIG/FRS/3EGH489028-2358.pdf#page=51
    Pagina : '51' → 51
2026-07-22 09:14:41,661 [INFO]   [VZI-6_R1]
    URL    : https://gruppofsitaliane.sharepoint.com/:f:/r/sites/IngegneriaETReMezziLeggeri-Trenitalia/Shared%20Documents/DB_ETR1000/DOC_FLOTTE/VZI-6_R1/CONFIG/FRS/FA020022045.pdf#page=73
    Pagina : '73' → 73
2026-07-22 09:14:41,661 [INFO]   [VZI-4_R1] nessun link — skip
2026-07-22 09:14:41,661 [INFO]   Doc 'FRS_Line Voltage' [cartella: CONFIG] (riga 121): 4/6 configurazioni con link
2026-07-22 09:14:41,662 [INFO] 
───────────────────────────────────────────────────────
  FUNZIONE    : LV_Function_Earthing_of_High_Voltage_Supply — Messa a terra dell'alta tensione per consentire la
  DOCUMENTO   : FRS_Line Voltage
  DOC CARTELLA: CONFIG
  RIGA Doc    : 121 | RIGA AI: 123
───────────────────────────────────────────────────────
2026-07-22 09:14:41,662 [INFO]   [VZI_Base]
    URL    : https://gruppofsitaliane.sharepoint.com/:f:/r/sites/IngegneriaETReMezziLeggeri-Trenitalia/Shared%20Documents/DB_ETR1000/DOC_FLOTTE/VZI_Base/CONFIG/FRS/3EST000225-7907.pdf#page=49
    Pagina : '49' → 49
2026-07-22 09:14:41,663 [INFO]   [VZI_New14] nessun link — skip
2026-07-22 09:14:41,663 [INFO]   [VZ_FR]
    URL    : https://gruppofsitaliane.sharepoint.com/:f:/r/sites/IngegneriaETReMezziLeggeri-Trenitalia/Shared%20Documents/DB_ETR1000/DOC_FLOTTE/VZ_FR/CONFIG/FRS/3ECP413571-0401.pdf#page=56
    Pagina : '56' → 56
2026-07-22 09:14:41,663 [INFO]   [VZ_ES]
    URL    : https://gruppofsitaliane.sharepoint.com/:f:/r/sites/IngegneriaETReMezziLeggeri-Trenitalia/Shared%20Documents/DB_ETR1000/DOC_FLOTTE/VZ_ES/CONFIG/FRS/3EGH489028-2358.pdf#page=52
    Pagina : '52' → 52
2026-07-22 09:14:41,664 [INFO]   [VZI-6_R1]
    URL    : https://gruppofsitaliane.sharepoint.com/:f:/r/sites/IngegneriaETReMezziLeggeri-Trenitalia/Shared%20Documents/DB_ETR1000/DOC_FLOTTE/VZI-6_R1/CONFIG/FRS/FA020022045.pdf#page=74
    Pagina : '74' → 74
2026-07-22 09:14:41,664 [INFO]   [VZI-4_R1] nessun link — skip
2026-07-22 09:14:41,664 [INFO]   Doc 'FRS_Line Voltage' [cartella: CONFIG] (riga 125): 4/6 configurazioni con link
2026-07-22 09:14:41,664 [INFO] 
───────────────────────────────────────────────────────
  FUNZIONE    : LV_Function_Earthing_of_Converter_boxes — Messa a terra dei box convertitori per consentire 
  DOCUMENTO   : FRS_Line Voltage
  DOC CARTELLA: CONFIG
  RIGA Doc    : 125 | RIGA AI: 127
───────────────────────────────────────────────────────
2026-07-22 09:14:41,665 [INFO]   [VZI_Base]
    URL    : https://gruppofsitaliane.sharepoint.com/:f:/r/sites/IngegneriaETReMezziLeggeri-Trenitalia/Shared%20Documents/DB_ETR1000/DOC_FLOTTE/VZI_Base/CONFIG/FRS/3EST000225-7907.pdf#page=52
    Pagina : '52' → 52
2026-07-22 09:14:41,665 [INFO]   [VZI_New14] nessun link — skip
2026-07-22 09:14:41,665 [INFO]   [VZ_FR]
    URL    : https://gruppofsitaliane.sharepoint.com/:f:/r/sites/IngegneriaETReMezziLeggeri-Trenitalia/Shared%20Documents/DB_ETR1000/DOC_FLOTTE/VZ_FR/CONFIG/FRS/3ECP413571-0401.pdf#page=59
    Pagina : '59' → 59
2026-07-22 09:14:41,665 [INFO]   [VZ_ES]
    URL    : https://gruppofsitaliane.sharepoint.com/:f:/r/sites/IngegneriaETReMezziLeggeri-Trenitalia/Shared%20Documents/DB_ETR1000/DOC_FLOTTE/VZ_ES/CONFIG/FRS/3EGH489028-2358.pdf#page=55
    Pagina : '55' → 55
2026-07-22 09:14:41,665 [INFO]   [VZI-6_R1]
    URL    : https://gruppofsitaliane.sharepoint.com/:f:/r/sites/IngegneriaETReMezziLeggeri-Trenitalia/Shared%20Documents/DB_ETR1000/DOC_FLOTTE/VZI-6_R1/CONFIG/FRS/FA020022045.pdf#page=77
    Pagina : '77' → 77
2026-07-22 09:14:41,666 [INFO]   [VZI-4_R1] nessun link — skip
2026-07-22 09:14:41,666 [INFO]   Doc 'FRS_Line Voltage' [cartella: CONFIG] (riga 129): 4/6 configurazioni con link
2026-07-22 09:14:41,666 [INFO] 
───────────────────────────────────────────────────────
  FUNZIONE    : LV_HVAC_pre-conditioning_on_DC_line — Funzione per alimentare gli HVAC senza superare i 
  DOCUMENTO   : FRS_Line Voltage
  DOC CARTELLA: CONFIG
  RIGA Doc    : 129 | RIGA AI: 131
───────────────────────────────────────────────────────
2026-07-22 09:14:41,666 [INFO]   [VZI_Base]
    URL    : https://gruppofsitaliane.sharepoint.com/:f:/r/sites/IngegneriaETReMezziLeggeri-Trenitalia/Shared%20Documents/DB_ETR1000/DOC_FLOTTE/VZI_Base/CONFIG/FRS/3EST000225-7907.pdf#page=55
    Pagina : '55' → 55
2026-07-22 09:14:41,666 [INFO]   [VZI_New14] nessun link — skip
2026-07-22 09:14:41,667 [INFO]   [VZ_FR]
    URL    : https://gruppofsitaliane.sharepoint.com/:f:/r/sites/IngegneriaETReMezziLeggeri-Trenitalia/Shared%20Documents/DB_ETR1000/DOC_FLOTTE/VZ_FR/CONFIG/FRS/3ECP413571-0401.pdf#page=62
    Pagina : '62' → 62
2026-07-22 09:14:41,667 [INFO]   [VZ_ES]
    URL    : https://gruppofsitaliane.sharepoint.com/:f:/r/sites/IngegneriaETReMezziLeggeri-Trenitalia/Shared%20Documents/DB_ETR1000/DOC_FLOTTE/VZ_ES/CONFIG/FRS/3EGH489028-2358.pdf#page=58
    Pagina : '58' → 58
2026-07-22 09:14:41,667 [INFO]   [VZI-6_R1]
    URL    : https://gruppofsitaliane.sharepoint.com/:f:/r/sites/IngegneriaETReMezziLeggeri-Trenitalia/Shared%20Documents/DB_ETR1000/DOC_FLOTTE/VZI-6_R1/CONFIG/FRS/FA020022045.pdf#page=80
    Pagina : '80' → 80
2026-07-22 09:14:41,667 [INFO]   [VZI-4_R1] nessun link — skip
2026-07-22 09:14:41,667 [INFO]   Doc 'FRS_Aux Electrical Supply' [cartella: CONFIG] (riga 133): 4/6 configurazioni con link
2026-07-22 09:14:41,667 [INFO] 
───────────────────────────────────────────────────────
  FUNZIONE    : AUX_Function_General — 
  DOCUMENTO   : FRS_Aux Electrical Supply
  DOC CARTELLA: CONFIG
  RIGA Doc    : 133 | RIGA AI: 135
───────────────────────────────────────────────────────
2026-07-22 09:14:41,668 [INFO]   [VZI_Base]
    URL    : https://gruppofsitaliane.sharepoint.com/:f:/r/sites/IngegneriaETReMezziLeggeri-Trenitalia/Shared%20Documents/DB_ETR1000/DOC_FLOTTE/VZI_Base/CONFIG/FRS/3EST000225-7914.pdf#page=5
    Pagina : '5' → 5
2026-07-22 09:14:41,668 [INFO]   [VZI_New14] nessun link — skip
2026-07-22 09:14:41,668 [INFO]   [VZ_FR]
    URL    : https://gruppofsitaliane.sharepoint.com/:f:/r/sites/IngegneriaETReMezziLeggeri-Trenitalia/Shared%20Documents/DB_ETR1000/DOC_FLOTTE/VZ_FR/CONFIG/FRS/3ECP413571-0601.pdf#page=5
    Pagina : '5' → 5
2026-07-22 09:14:41,668 [INFO]   [VZ_ES]
    URL    : https://gruppofsitaliane.sharepoint.com/:f:/r/sites/IngegneriaETReMezziLeggeri-Trenitalia/Shared%20Documents/DB_ETR1000/DOC_FLOTTE/VZ_ES/CONFIG/FRS/3EST000225-7914.pdf#page=5
    Pagina : '5' → 5
2026-07-22 09:14:41,669 [INFO]   [VZI-6_R1]
    URL    : https://gruppofsitaliane.sharepoint.com/:f:/r/sites/IngegneriaETReMezziLeggeri-Trenitalia/Shared%20Documents/DB_ETR1000/DOC_FLOTTE/VZI-6_R1/CONFIG/FRS/FA020024537.pdf#page=6
    Pagina : '6' → 6
2026-07-22 09:14:41,669 [INFO]   [VZI-4_R1] nessun link — skip
2026-07-22 09:14:41,669 [INFO]   Doc 'FRS_Aux Electrical Supply' [cartella: CONFIG] (riga 137): 4/6 configurazioni con link
2026-07-22 09:14:41,669 [INFO] 
───────────────────────────────────────────────────────
  FUNZIONE    : AUX_Activation_and_Synchronisation_of_ACM — 
  DOCUMENTO   : FRS_Aux Electrical Supply
  DOC CARTELLA: CONFIG
  RIGA Doc    : 137 | RIGA AI: 139
───────────────────────────────────────────────────────
2026-07-22 09:14:41,669 [INFO]   [VZI_Base]
    URL    : https://gruppofsitaliane.sharepoint.com/:f:/r/sites/IngegneriaETReMezziLeggeri-Trenitalia/Shared%20Documents/DB_ETR1000/DOC_FLOTTE/VZI_Base/CONFIG/FRS/3EST000225-7914.pdf#page=7
    Pagina : '7' → 7
2026-07-22 09:14:41,669 [INFO]   [VZI_New14] nessun link — skip
2026-07-22 09:14:41,669 [INFO]   [VZ_FR]
    URL    : https://gruppofsitaliane.sharepoint.com/:f:/r/sites/IngegneriaETReMezziLeggeri-Trenitalia/Shared%20Documents/DB_ETR1000/DOC_FLOTTE/VZ_FR/CONFIG/FRS/3ECP413571-0601.pdf#page=7
    Pagina : '7' → 7
2026-07-22 09:14:41,670 [INFO]   [VZ_ES]
    URL    : https://gruppofsitaliane.sharepoint.com/:f:/r/sites/IngegneriaETReMezziLeggeri-Trenitalia/Shared%20Documents/DB_ETR1000/DOC_FLOTTE/VZ_ES/CONFIG/FRS/3EST000225-7914.pdf#page=7
    Pagina : '7' → 7
2026-07-22 09:14:41,670 [INFO]   [VZI-6_R1]
    URL    : https://gruppofsitaliane.sharepoint.com/:f:/r/sites/IngegneriaETReMezziLeggeri-Trenitalia/Shared%20Documents/DB_ETR1000/DOC_FLOTTE/VZI-6_R1/CONFIG/FRS/FA020024537.pdf#page=8
    Pagina : '8' → 8
2026-07-22 09:14:41,670 [INFO]   [VZI-4_R1] nessun link — skip
2026-07-22 09:14:41,670 [INFO]   Doc 'FRS_Aux Electrical Supply' [cartella: CONFIG] (riga 141): 4/6 configurazioni con link
2026-07-22 09:14:41,670 [INFO] 
───────────────────────────────────────────────────────
  FUNZIONE    : AUX_ACM_reset — 
  DOCUMENTO   : FRS_Aux Electrical Supply
  DOC CARTELLA: CONFIG
  RIGA Doc    : 141 | RIGA AI: 143
───────────────────────────────────────────────────────
2026-07-22 09:14:41,670 [INFO]   [VZI_Base]
    URL    : https://gruppofsitaliane.sharepoint.com/:f:/r/sites/IngegneriaETReMezziLeggeri-Trenitalia/Shared%20Documents/DB_ETR1000/DOC_FLOTTE/VZI_Base/CONFIG/FRS/3EST000225-7914.pdf#page=9
    Pagina : '9' → 9
2026-07-22 09:14:41,671 [INFO]   [VZI_New14] nessun link — skip
2026-07-22 09:14:41,671 [INFO]   [VZ_FR]
    URL    : https://gruppofsitaliane.sharepoint.com/:f:/r/sites/IngegneriaETReMezziLeggeri-Trenitalia/Shared%20Documents/DB_ETR1000/DOC_FLOTTE/VZ_FR/CONFIG/FRS/3ECP413571-0601.pdf#page=9
    Pagina : '9' → 9
2026-07-22 09:14:41,671 [INFO]   [VZ_ES]
    URL    : https://gruppofsitaliane.sharepoint.com/:f:/r/sites/IngegneriaETReMezziLeggeri-Trenitalia/Shared%20Documents/DB_ETR1000/DOC_FLOTTE/VZ_ES/CONFIG/FRS/3EST000225-7914.pdf#page=9
    Pagina : '9' → 9
2026-07-22 09:14:41,671 [INFO]   [VZI-6_R1]
    URL    : https://gruppofsitaliane.sharepoint.com/:f:/r/sites/IngegneriaETReMezziLeggeri-Trenitalia/Shared%20Documents/DB_ETR1000/DOC_FLOTTE/VZI-6_R1/CONFIG/FRS/FA020024537.pdf#page=9
    Pagina : '9' → 9
2026-07-22 09:14:41,671 [INFO]   [VZI-4_R1] nessun link — skip
2026-07-22 09:14:41,671 [INFO]   Doc 'FRS_Aux Electrical Supply' [cartella: CONFIG] (riga 145): 4/6 configurazioni con link
2026-07-22 09:14:41,672 [INFO] 
───────────────────────────────────────────────────────
  FUNZIONE    : AUX_AC_on_Board_Supply_System — 
  DOCUMENTO   : FRS_Aux Electrical Supply
  DOC CARTELLA: CONFIG
  RIGA Doc    : 145 | RIGA AI: 147
───────────────────────────────────────────────────────
2026-07-22 09:14:41,672 [INFO]   [VZI_Base]
    URL    : https://gruppofsitaliane.sharepoint.com/:f:/r/sites/IngegneriaETReMezziLeggeri-Trenitalia/Shared%20Documents/DB_ETR1000/DOC_FLOTTE/VZI_Base/CONFIG/FRS/3EST000225-7914.pdf#page=10
    Pagina : '10' → 10
2026-07-22 09:14:41,672 [INFO]   [VZI_New14] nessun link — skip
2026-07-22 09:14:41,672 [INFO]   [VZ_FR]
    URL    : https://gruppofsitaliane.sharepoint.com/:f:/r/sites/IngegneriaETReMezziLeggeri-Trenitalia/Shared%20Documents/DB_ETR1000/DOC_FLOTTE/VZ_FR/CONFIG/FRS/3ECP413571-0601.pdf#page=10
    Pagina : '10' → 10
2026-07-22 09:14:41,672 [INFO]   [VZ_ES]
    URL    : https://gruppofsitaliane.sharepoint.com/:f:/r/sites/IngegneriaETReMezziLeggeri-Trenitalia/Shared%20Documents/DB_ETR1000/DOC_FLOTTE/VZ_ES/CONFIG/FRS/3EST000225-7914.pdf#page=10
    Pagina : '10' → 10
2026-07-22 09:14:41,672 [INFO]   [VZI-6_R1]
    URL    : https://gruppofsitaliane.sharepoint.com/:f:/r/sites/IngegneriaETReMezziLeggeri-Trenitalia/Shared%20Documents/DB_ETR1000/DOC_FLOTTE/VZI-6_R1/CONFIG/FRS/FA020024537.pdf#page=10
    Pagina : '10' → 10
2026-07-22 09:14:41,672 [INFO]   [VZI-4_R1] nessun link — skip
2026-07-22 09:14:41,673 [INFO]   Doc 'FRS_Aux Electrical Supply' [cartella: CONFIG] (riga 149): 4/6 configurazioni con link
2026-07-22 09:14:41,673 [INFO] 
───────────────────────────────────────────────────────
  FUNZIONE    : AUX_External_Power_Supply — 
  DOCUMENTO   : FRS_Aux Electrical Supply
  DOC CARTELLA: CONFIG
  RIGA Doc    : 149 | RIGA AI: 151
───────────────────────────────────────────────────────
2026-07-22 09:14:41,673 [INFO]   [VZI_Base]
    URL    : https://gruppofsitaliane.sharepoint.com/:f:/r/sites/IngegneriaETReMezziLeggeri-Trenitalia/Shared%20Documents/DB_ETR1000/DOC_FLOTTE/VZI_Base/CONFIG/FRS/3EST000225-7914.pdf#page=18
    Pagina : '18' → 18
2026-07-22 09:14:41,673 [INFO]   [VZI_New14] nessun link — skip
2026-07-22 09:14:41,673 [INFO]   [VZ_FR]
    URL    : https://gruppofsitaliane.sharepoint.com/:f:/r/sites/IngegneriaETReMezziLeggeri-Trenitalia/Shared%20Documents/DB_ETR1000/DOC_FLOTTE/VZ_FR/CONFIG/FRS/3ECP413571-0601.pdf#page=19
    Pagina : '19' → 19
2026-07-22 09:14:41,673 [INFO]   [VZ_ES]
    URL    : https://gruppofsitaliane.sharepoint.com/:f:/r/sites/IngegneriaETReMezziLeggeri-Trenitalia/Shared%20Documents/DB_ETR1000/DOC_FLOTTE/VZ_ES/CONFIG/FRS/3EST000225-7914.pdf#page=18
    Pagina : '18' → 18
2026-07-22 09:14:41,673 [INFO]   [VZI-6_R1]
    URL    : https://gruppofsitaliane.sharepoint.com/:f:/r/sites/IngegneriaETReMezziLeggeri-Trenitalia/Shared%20Documents/DB_ETR1000/DOC_FLOTTE/VZI-6_R1/CONFIG/FRS/FA020024537.pdf#page=18
    Pagina : '18' → 18
2026-07-22 09:14:41,673 [INFO]   [VZI-4_R1] nessun link — skip
2026-07-22 09:14:41,673 [INFO]   Doc 'FRS_Aux Electrical Supply' [cartella: CONFIG] (riga 153): 4/6 configurazioni con link
2026-07-22 09:14:41,674 [INFO] 
───────────────────────────────────────────────────────
  FUNZIONE    : AUX_Earthing_switch — 
  DOCUMENTO   : FRS_Aux Electrical Supply
  DOC CARTELLA: CONFIG
  RIGA Doc    : 153 | RIGA AI: 155
───────────────────────────────────────────────────────
2026-07-22 09:14:41,674 [INFO]   [VZI_Base]
    URL    : https://gruppofsitaliane.sharepoint.com/:f:/r/sites/IngegneriaETReMezziLeggeri-Trenitalia/Shared%20Documents/DB_ETR1000/DOC_FLOTTE/VZI_Base/CONFIG/FRS/3EST000225-7914.pdf#page=22
    Pagina : '22' → 22
2026-07-22 09:14:41,674 [INFO]   [VZI_New14] nessun link — skip
2026-07-22 09:14:41,674 [INFO]   [VZ_FR]
    URL    : https://gruppofsitaliane.sharepoint.com/:f:/r/sites/IngegneriaETReMezziLeggeri-Trenitalia/Shared%20Documents/DB_ETR1000/DOC_FLOTTE/VZ_FR/CONFIG/FRS/3ECP413571-0601.pdf#page=23
    Pagina : '23' → 23
2026-07-22 09:14:41,674 [INFO]   [VZ_ES]
    URL    : https://gruppofsitaliane.sharepoint.com/:f:/r/sites/IngegneriaETReMezziLeggeri-Trenitalia/Shared%20Documents/DB_ETR1000/DOC_FLOTTE/VZ_ES/CONFIG/FRS/3EST000225-7914.pdf#page=22
    Pagina : '22' → 22
2026-07-22 09:14:41,674 [INFO]   [VZI-6_R1]
    URL    : https://gruppofsitaliane.sharepoint.com/:f:/r/sites/IngegneriaETReMezziLeggeri-Trenitalia/Shared%20Documents/DB_ETR1000/DOC_FLOTTE/VZI-6_R1/CONFIG/FRS/FA020024537.pdf#page=22
    Pagina : '22' → 22
2026-07-22 09:14:41,674 [INFO]   [VZI-4_R1] nessun link — skip
2026-07-22 09:14:41,674 [INFO]   Doc 'FRS_Aux Electrical Supply' [cartella: CONFIG] (riga 157): 4/6 configurazioni con link
2026-07-22 09:14:41,674 [INFO] 
───────────────────────────────────────────────────────
  FUNZIONE    : AUX_230V,_50Hz_Sockets — 
  DOCUMENTO   : FRS_Aux Electrical Supply
  DOC CARTELLA: CONFIG
  RIGA Doc    : 157 | RIGA AI: 159
───────────────────────────────────────────────────────
2026-07-22 09:14:41,675 [INFO]   [VZI_Base]
    URL    : https://gruppofsitaliane.sharepoint.com/:f:/r/sites/IngegneriaETReMezziLeggeri-Trenitalia/Shared%20Documents/DB_ETR1000/DOC_FLOTTE/VZI_Base/CONFIG/FRS/3EST000225-7914.pdf#page=23
    Pagina : '23' → 23
2026-07-22 09:14:41,675 [INFO]   [VZI_New14] nessun link — skip
2026-07-22 09:14:41,675 [INFO]   [VZ_FR]
    URL    : https://gruppofsitaliane.sharepoint.com/:f:/r/sites/IngegneriaETReMezziLeggeri-Trenitalia/Shared%20Documents/DB_ETR1000/DOC_FLOTTE/VZ_FR/CONFIG/FRS/3ECP413571-0601.pdf#page=24
    Pagina : '24' → 24
2026-07-22 09:14:41,675 [INFO]   [VZ_ES]
    URL    : https://gruppofsitaliane.sharepoint.com/:f:/r/sites/IngegneriaETReMezziLeggeri-Trenitalia/Shared%20Documents/DB_ETR1000/DOC_FLOTTE/VZ_ES/CONFIG/FRS/3EST000225-7914.pdf#page=23
    Pagina : '23' → 23
2026-07-22 09:14:41,675 [INFO]   [VZI-6_R1]
    URL    : https://gruppofsitaliane.sharepoint.com/:f:/r/sites/IngegneriaETReMezziLeggeri-Trenitalia/Shared%20Documents/DB_ETR1000/DOC_FLOTTE/VZI-6_R1/CONFIG/FRS/FA020024537.pdf#page=23
    Pagina : '23' → 23
2026-07-22 09:14:41,675 [INFO]   [VZI-4_R1] nessun link — skip
2026-07-22 09:14:41,675 [INFO]   Doc 'FRS_Aux Electrical Supply' [cartella: CONFIG] (riga 161): 4/6 configurazioni con link
2026-07-22 09:14:41,675 [INFO] 
───────────────────────────────────────────────────────
  FUNZIONE    : AUX_Mini_Circuit_Breaker_Supervision — 
  DOCUMENTO   : FRS_Aux Electrical Supply
  DOC CARTELLA: CONFIG
  RIGA Doc    : 161 | RIGA AI: 163
───────────────────────────────────────────────────────
2026-07-22 09:14:41,675 [INFO]   [VZI_Base]
    URL    : https://gruppofsitaliane.sharepoint.com/:f:/r/sites/IngegneriaETReMezziLeggeri-Trenitalia/Shared%20Documents/DB_ETR1000/DOC_FLOTTE/VZI_Base/CONFIG/FRS/3EST000225-7914.pdf#page=24
    Pagina : '24' → 24
2026-07-22 09:14:41,676 [INFO]   [VZI_New14] nessun link — skip
2026-07-22 09:14:41,676 [INFO]   [VZ_FR]
    URL    : https://gruppofsitaliane.sharepoint.com/:f:/r/sites/IngegneriaETReMezziLeggeri-Trenitalia/Shared%20Documents/DB_ETR1000/DOC_FLOTTE/VZ_FR/CONFIG/FRS/3ECP413571-0601.pdf#page=25
    Pagina : '25' → 25
2026-07-22 09:14:41,676 [INFO]   [VZ_ES]
    URL    : https://gruppofsitaliane.sharepoint.com/:f:/r/sites/IngegneriaETReMezziLeggeri-Trenitalia/Shared%20Documents/DB_ETR1000/DOC_FLOTTE/VZ_ES/CONFIG/FRS/3EST000225-7914.pdf#page=24
    Pagina : '24' → 24
2026-07-22 09:14:41,676 [INFO]   [VZI-6_R1]
    URL    : https://gruppofsitaliane.sharepoint.com/:f:/r/sites/IngegneriaETReMezziLeggeri-Trenitalia/Shared%20Documents/DB_ETR1000/DOC_FLOTTE/VZI-6_R1/CONFIG/FRS/FA020024537.pdf#page=24
    Pagina : '24' → 24
2026-07-22 09:14:41,676 [INFO]   [VZI-4_R1] nessun link — skip
2026-07-22 09:14:41,676 [INFO]   Doc 'FRS_Battery' [cartella: CONFIG] (riga 165): 2/6 configurazioni con link
2026-07-22 09:14:41,677 [INFO] 
───────────────────────────────────────────────────────
  FUNZIONE    : BAT_Failure_cases_battery_system — 
  DOCUMENTO   : FRS_Battery
  DOC CARTELLA: CONFIG
  RIGA Doc    : 165 | RIGA AI: 167
───────────────────────────────────────────────────────
2026-07-22 09:14:41,677 [INFO]   [VZI_Base]
    URL    : https://gruppofsitaliane.sharepoint.com/:f:/r/sites/IngegneriaETReMezziLeggeri-Trenitalia/Shared%20Documents/DB_ETR1000/DOC_FLOTTE/VZI_Base/CONFIG/FRS/3EST000225-7908.pdf#page=8
    Pagina : '8' → 8
2026-07-22 09:14:41,678 [INFO]   [VZI_New14] nessun link — skip
2026-07-22 09:14:41,678 [INFO]   [VZ_FR] nessun link — skip
2026-07-22 09:14:41,678 [INFO]   [VZ_ES] nessun link — skip
2026-07-22 09:14:41,679 [INFO]   [VZI-6_R1]
    URL    : https://gruppofsitaliane.sharepoint.com/:f:/r/sites/IngegneriaETReMezziLeggeri-Trenitalia/Shared%20Documents/DB_ETR1000/DOC_FLOTTE/VZI-6_R1/CONFIG/FRS/FA020024538.pdf#page=8
    Pagina : '8' → 8
2026-07-22 09:14:41,679 [INFO]   [VZI-4_R1] nessun link — skip
2026-07-22 09:14:41,679 [INFO]   Doc 'FRS_Battery' [cartella: CONFIG] (riga 169): 2/6 configurazioni con link
2026-07-22 09:14:41,680 [INFO] 
───────────────────────────────────────────────────────
  FUNZIONE    : BAT_Function_Battery_Isolation — 
  DOCUMENTO   : FRS_Battery
  DOC CARTELLA: CONFIG
  RIGA Doc    : 169 | RIGA AI: 171
───────────────────────────────────────────────────────
2026-07-22 09:14:41,680 [INFO]   [VZI_Base]
    URL    : https://gruppofsitaliane.sharepoint.com/:f:/r/sites/IngegneriaETReMezziLeggeri-Trenitalia/Shared%20Documents/DB_ETR1000/DOC_FLOTTE/VZI_Base/CONFIG/FRS/3EST000225-7908.pdf#page=9
    Pagina : '9' → 9
2026-07-22 09:14:41,680 [INFO]   [VZI_New14] nessun link — skip
2026-07-22 09:14:41,680 [INFO]   [VZ_FR] nessun link — skip
2026-07-22 09:14:41,680 [INFO]   [VZ_ES] nessun link — skip
2026-07-22 09:14:41,681 [INFO]   [VZI-6_R1]
    URL    : https://gruppofsitaliane.sharepoint.com/:f:/r/sites/IngegneriaETReMezziLeggeri-Trenitalia/Shared%20Documents/DB_ETR1000/DOC_FLOTTE/VZI-6_R1/CONFIG/FRS/FA020024538.pdf#page=9
    Pagina : '9' → 9
2026-07-22 09:14:41,681 [INFO]   [VZI-4_R1] nessun link — skip
2026-07-22 09:14:41,681 [INFO]   Doc 'FRS_Battery' [cartella: CONFIG] (riga 173): 2/6 configurazioni con link
2026-07-22 09:14:41,682 [INFO] 
───────────────────────────────────────────────────────
  FUNZIONE    : BAT_Battery_Contactors — 
  DOCUMENTO   : FRS_Battery
  DOC CARTELLA: CONFIG
  RIGA Doc    : 173 | RIGA AI: 175
───────────────────────────────────────────────────────
2026-07-22 09:14:41,682 [INFO]   [VZI_Base]
    URL    : https://gruppofsitaliane.sharepoint.com/:f:/r/sites/IngegneriaETReMezziLeggeri-Trenitalia/Shared%20Documents/DB_ETR1000/DOC_FLOTTE/VZI_Base/CONFIG/FRS/3EST000225-7908.pdf#page=11
    Pagina : '11' → 11
2026-07-22 09:14:41,682 [INFO]   [VZI_New14] nessun link — skip
2026-07-22 09:14:41,682 [INFO]   [VZ_FR] nessun link — skip
2026-07-22 09:14:41,682 [INFO]   [VZ_ES] nessun link — skip
2026-07-22 09:14:41,682 [INFO]   [VZI-6_R1]
    URL    : https://gruppofsitaliane.sharepoint.com/:f:/r/sites/IngegneriaETReMezziLeggeri-Trenitalia/Shared%20Documents/DB_ETR1000/DOC_FLOTTE/VZI-6_R1/CONFIG/FRS/FA020024538.pdf#page=11
    Pagina : '11' → 11
2026-07-22 09:14:41,682 [INFO]   [VZI-4_R1] nessun link — skip
2026-07-22 09:14:41,682 [INFO]   Doc 'FRS_Battery' [cartella: CONFIG] (riga 177): 2/6 configurazioni con link
2026-07-22 09:14:41,683 [INFO] 
───────────────────────────────────────────────────────
  FUNZIONE    : BAT_Load_Shed_Contactors — 
  DOCUMENTO   : FRS_Battery
  DOC CARTELLA: CONFIG
  RIGA Doc    : 177 | RIGA AI: 179
───────────────────────────────────────────────────────
2026-07-22 09:14:41,683 [INFO]   [VZI_Base]
    URL    : https://gruppofsitaliane.sharepoint.com/:f:/r/sites/IngegneriaETReMezziLeggeri-Trenitalia/Shared%20Documents/DB_ETR1000/DOC_FLOTTE/VZI_Base/CONFIG/FRS/3EST000225-7908.pdf#page=16
    Pagina : '16' → 16
2026-07-22 09:14:41,683 [INFO]   [VZI_New14] nessun link — skip
2026-07-22 09:14:41,683 [INFO]   [VZ_FR] nessun link — skip
2026-07-22 09:14:41,683 [INFO]   [VZ_ES] nessun link — skip
2026-07-22 09:14:41,683 [INFO]   [VZI-6_R1]
    URL    : https://gruppofsitaliane.sharepoint.com/:f:/r/sites/IngegneriaETReMezziLeggeri-Trenitalia/Shared%20Documents/DB_ETR1000/DOC_FLOTTE/VZI-6_R1/CONFIG/FRS/FA020024538.pdf#page=16
    Pagina : '16' → 16
2026-07-22 09:14:41,683 [INFO]   [VZI-4_R1] nessun link — skip
2026-07-22 09:14:41,683 [INFO]   Doc 'FRS_Battery' [cartella: CONFIG] (riga 181): 2/6 configurazioni con link
2026-07-22 09:14:41,683 [INFO] 
───────────────────────────────────────────────────────
  FUNZIONE    : BAT_DC_Busline_Distribution — 
  DOCUMENTO   : FRS_Battery
  DOC CARTELLA: CONFIG
  RIGA Doc    : 181 | RIGA AI: 183
───────────────────────────────────────────────────────
2026-07-22 09:14:41,683 [INFO]   [VZI_Base]
    URL    : https://gruppofsitaliane.sharepoint.com/:f:/r/sites/IngegneriaETReMezziLeggeri-Trenitalia/Shared%20Documents/DB_ETR1000/DOC_FLOTTE/VZI_Base/CONFIG/FRS/3EST000225-7908.pdf#page=19
    Pagina : '19' → 19
2026-07-22 09:14:41,684 [INFO]   [VZI_New14] nessun link — skip
2026-07-22 09:14:41,684 [INFO]   [VZ_FR] nessun link — skip
2026-07-22 09:14:41,684 [INFO]   [VZ_ES] nessun link — skip
2026-07-22 09:14:41,684 [INFO]   [VZI-6_R1]
    URL    : https://gruppofsitaliane.sharepoint.com/:f:/r/sites/IngegneriaETReMezziLeggeri-Trenitalia/Shared%20Documents/DB_ETR1000/DOC_FLOTTE/VZI-6_R1/CONFIG/FRS/FA020024538.pdf#page=19
    Pagina : '19' → 19
2026-07-22 09:14:41,684 [INFO]   [VZI-4_R1] nessun link — skip
2026-07-22 09:14:41,684 [INFO]   Doc 'FRS_Battery' [cartella: CONFIG] (riga 185): 2/6 configurazioni con link
2026-07-22 09:14:41,684 [INFO] 
───────────────────────────────────────────────────────
  FUNZIONE    : BAT_Battery_Charging — 
  DOCUMENTO   : FRS_Battery
  DOC CARTELLA: CONFIG
  RIGA Doc    : 185 | RIGA AI: 187
───────────────────────────────────────────────────────
2026-07-22 09:14:41,684 [INFO]   [VZI_Base]
    URL    : https://gruppofsitaliane.sharepoint.com/:f:/r/sites/IngegneriaETReMezziLeggeri-Trenitalia/Shared%20Documents/DB_ETR1000/DOC_FLOTTE/VZI_Base/CONFIG/FRS/3EST000225-7908.pdf#page=21
    Pagina : '21' → 21
2026-07-22 09:14:41,684 [INFO]   [VZI_New14] nessun link — skip
2026-07-22 09:14:41,684 [INFO]   [VZ_FR] nessun link — skip
2026-07-22 09:14:41,685 [INFO]   [VZ_ES] nessun link — skip
2026-07-22 09:14:41,685 [INFO]   [VZI-6_R1]
    URL    : https://gruppofsitaliane.sharepoint.com/:f:/r/sites/IngegneriaETReMezziLeggeri-Trenitalia/Shared%20Documents/DB_ETR1000/DOC_FLOTTE/VZI-6_R1/CONFIG/FRS/FA020024538.pdf#page=21
    Pagina : '21' → 21
2026-07-22 09:14:41,685 [INFO]   [VZI-4_R1] nessun link — skip
2026-07-22 09:14:41,685 [INFO]   Doc 'FRS_Air Supply' [cartella: CONFIG] (riga 189): 3/6 configurazioni con link
2026-07-22 09:14:41,685 [INFO] 
───────────────────────────────────────────────────────
  FUNZIONE    : AIR_Control_of_Main_Compressor — 
  DOCUMENTO   : FRS_Air Supply
  DOC CARTELLA: CONFIG
  RIGA Doc    : 189 | RIGA AI: 191
───────────────────────────────────────────────────────
2026-07-22 09:14:41,685 [INFO]   [VZI_Base]
    URL    : https://gruppofsitaliane.sharepoint.com/:f:/r/sites/IngegneriaETReMezziLeggeri-Trenitalia/Shared%20Documents/DB_ETR1000/DOC_FLOTTE/VZI_Base/CONFIG/FRS/3EST000225-7915.pdf#page=6
    Pagina : '6' → 6
2026-07-22 09:14:41,685 [INFO]   [VZI_New14]
    URL    : https://gruppofsitaliane.sharepoint.com/:f:/r/sites/IngegneriaETReMezziLeggeri-Trenitalia/Shared%20Documents/DB_ETR1000/DOC_FLOTTE/VZI_New14/CONFIG/FRS/3ECP413719-0603.pdf#page=6
    Pagina : '6' → 6
2026-07-22 09:14:41,685 [INFO]   [VZ_FR] nessun link — skip
2026-07-22 09:14:41,685 [INFO]   [VZ_ES] nessun link — skip
2026-07-22 09:14:41,685 [INFO]   [VZI-6_R1]
    URL    : https://gruppofsitaliane.sharepoint.com/:f:/r/sites/IngegneriaETReMezziLeggeri-Trenitalia/Shared%20Documents/DB_ETR1000/DOC_FLOTTE/VZI-6_R1/CONFIG/FRS/FA020024531.pdf#page=6
    Pagina : '6' → 6
2026-07-22 09:14:41,686 [INFO]   [VZI-4_R1] nessun link — skip
2026-07-22 09:14:41,686 [INFO]   Doc 'FRS_Air Supply' [cartella: CONFIG] (riga 193): 3/6 configurazioni con link
2026-07-22 09:14:41,686 [INFO] 
───────────────────────────────────────────────────────
  FUNZIONE    : AIR_Monitoring_of_Main_Compressor — 
  DOCUMENTO   : FRS_Air Supply
  DOC CARTELLA: CONFIG
  RIGA Doc    : 193 | RIGA AI: 195
───────────────────────────────────────────────────────
2026-07-22 09:14:41,686 [INFO]   [VZI_Base]
    URL    : https://gruppofsitaliane.sharepoint.com/:f:/r/sites/IngegneriaETReMezziLeggeri-Trenitalia/Shared%20Documents/DB_ETR1000/DOC_FLOTTE/VZI_Base/CONFIG/FRS/3EST000225-7915.pdf#page=11
    Pagina : '11' → 11
2026-07-22 09:14:41,686 [INFO]   [VZI_New14]
    URL    : https://gruppofsitaliane.sharepoint.com/:f:/r/sites/IngegneriaETReMezziLeggeri-Trenitalia/Shared%20Documents/DB_ETR1000/DOC_FLOTTE/VZI_New14/CONFIG/FRS/3ECP413719-0603.pdf#page=12
    Pagina : '12' → 12
2026-07-22 09:14:41,686 [INFO]   [VZ_FR] nessun link — skip
2026-07-22 09:14:41,686 [INFO]   [VZ_ES] nessun link — skip
2026-07-22 09:14:41,687 [INFO]   [VZI-6_R1]
    URL    : https://gruppofsitaliane.sharepoint.com/:f:/r/sites/IngegneriaETReMezziLeggeri-Trenitalia/Shared%20Documents/DB_ETR1000/DOC_FLOTTE/VZI-6_R1/CONFIG/FRS/FA020024531.pdf#page=11
    Pagina : '11' → 11
2026-07-22 09:14:41,687 [INFO]   [VZI-4_R1] nessun link — skip
2026-07-22 09:14:41,687 [INFO]   Doc 'FRS_Air Supply' [cartella: CONFIG] (riga 197): 3/6 configurazioni con link
2026-07-22 09:14:41,687 [INFO] 
───────────────────────────────────────────────────────
  FUNZIONE    : AIR_Forcing_of_Main_compressor — 
  DOCUMENTO   : FRS_Air Supply
  DOC CARTELLA: CONFIG
  RIGA Doc    : 197 | RIGA AI: 199
───────────────────────────────────────────────────────
2026-07-22 09:14:41,687 [INFO]   [VZI_Base]
    URL    : https://gruppofsitaliane.sharepoint.com/:f:/r/sites/IngegneriaETReMezziLeggeri-Trenitalia/Shared%20Documents/DB_ETR1000/DOC_FLOTTE/VZI_Base/CONFIG/FRS/3EST000225-7915.pdf#page=14
    Pagina : '14' → 14
2026-07-22 09:14:41,687 [INFO]   [VZI_New14]
    URL    : https://gruppofsitaliane.sharepoint.com/:f:/r/sites/IngegneriaETReMezziLeggeri-Trenitalia/Shared%20Documents/DB_ETR1000/DOC_FLOTTE/VZI_New14/CONFIG/FRS/3ECP413719-0603.pdf#page=14
    Pagina : '14' → 14
2026-07-22 09:14:41,725 [INFO]   [VZ_FR] nessun link — skip
2026-07-22 09:14:41,733 [INFO]   [VZ_ES] nessun link — skip
2026-07-22 09:14:41,733 [INFO]   [VZI-6_R1]
    URL    : https://gruppofsitaliane.sharepoint.com/:f:/r/sites/IngegneriaETReMezziLeggeri-Trenitalia/Shared%20Documents/DB_ETR1000/DOC_FLOTTE/VZI-6_R1/CONFIG/FRS/FA020024531.pdf#page=14
    Pagina : '14' → 14
2026-07-22 09:14:41,734 [INFO]   [VZI-4_R1] nessun link — skip
2026-07-22 09:14:41,735 [INFO]   Doc 'FRS_Air Supply' [cartella: CONFIG] (riga 201): 3/6 configurazioni con link
2026-07-22 09:14:41,735 [INFO] 
───────────────────────────────────────────────────────
  FUNZIONE    : AIR_Air_Dryer — 
  DOCUMENTO   : FRS_Air Supply
  DOC CARTELLA: CONFIG
  RIGA Doc    : 201 | RIGA AI: 203
───────────────────────────────────────────────────────
2026-07-22 09:14:41,735 [INFO]   [VZI_Base]
    URL    : https://gruppofsitaliane.sharepoint.com/:f:/r/sites/IngegneriaETReMezziLeggeri-Trenitalia/Shared%20Documents/DB_ETR1000/DOC_FLOTTE/VZI_Base/CONFIG/FRS/3EST000225-7915.pdf#page=18
    Pagina : '18' → 18
2026-07-22 09:14:41,735 [INFO]   [VZI_New14]
    URL    : https://gruppofsitaliane.sharepoint.com/:f:/r/sites/IngegneriaETReMezziLeggeri-Trenitalia/Shared%20Documents/DB_ETR1000/DOC_FLOTTE/VZI_New14/CONFIG/FRS/3ECP413719-0603.pdf#page=16
    Pagina : '16' → 16
2026-07-22 09:14:41,736 [INFO]   [VZ_FR] nessun link — skip
2026-07-22 09:14:41,736 [INFO]   [VZ_ES] nessun link — skip
2026-07-22 09:14:41,736 [INFO]   [VZI-6_R1]
    URL    : https://gruppofsitaliane.sharepoint.com/:f:/r/sites/IngegneriaETReMezziLeggeri-Trenitalia/Shared%20Documents/DB_ETR1000/DOC_FLOTTE/VZI-6_R1/CONFIG/FRS/FA020024531.pdf#page=16
    Pagina : '16' → 16
2026-07-22 09:14:41,736 [INFO]   [VZI-4_R1] nessun link — skip
2026-07-22 09:14:41,736 [INFO]   Doc 'FRS_Air Supply' [cartella: CONFIG] (riga 205): 3/6 configurazioni con link
2026-07-22 09:14:41,737 [INFO] 
───────────────────────────────────────────────────────
  FUNZIONE    : AIR_External_Air_Supply — 
  DOCUMENTO   : FRS_Air Supply
  DOC CARTELLA: CONFIG
  RIGA Doc    : 205 | RIGA AI: 207
───────────────────────────────────────────────────────
2026-07-22 09:14:41,737 [INFO]   [VZI_Base]
    URL    : https://gruppofsitaliane.sharepoint.com/:f:/r/sites/IngegneriaETReMezziLeggeri-Trenitalia/Shared%20Documents/DB_ETR1000/DOC_FLOTTE/VZI_Base/CONFIG/FRS/3EST000225-7915.pdf#page=20
    Pagina : '20' → 20
2026-07-22 09:14:41,737 [INFO]   [VZI_New14]
    URL    : https://gruppofsitaliane.sharepoint.com/:f:/r/sites/IngegneriaETReMezziLeggeri-Trenitalia/Shared%20Documents/DB_ETR1000/DOC_FLOTTE/VZI_New14/CONFIG/FRS/3ECP413719-0603.pdf#page=18
    Pagina : '18' → 18
2026-07-22 09:14:41,737 [INFO]   [VZ_FR] nessun link — skip
2026-07-22 09:14:41,737 [INFO]   [VZ_ES] nessun link — skip
2026-07-22 09:14:41,738 [INFO]   [VZI-6_R1]
    URL    : https://gruppofsitaliane.sharepoint.com/:f:/r/sites/IngegneriaETReMezziLeggeri-Trenitalia/Shared%20Documents/DB_ETR1000/DOC_FLOTTE/VZI-6_R1/CONFIG/FRS/FA020024531.pdf#page=17
    Pagina : '17' → 17
2026-07-22 09:14:41,738 [INFO]   [VZI-4_R1] nessun link — skip
2026-07-22 09:14:41,738 [INFO]   Doc 'FRS_Air Supply' [cartella: CONFIG] (riga 209): 3/6 configurazioni con link
2026-07-22 09:14:41,738 [INFO] 
───────────────────────────────────────────────────────
  FUNZIONE    : AIR_Control_of_Auxiliary_Compressor — 
  DOCUMENTO   : FRS_Air Supply
  DOC CARTELLA: CONFIG
  RIGA Doc    : 209 | RIGA AI: 211
───────────────────────────────────────────────────────
2026-07-22 09:14:41,738 [INFO]   [VZI_Base]
    URL    : https://gruppofsitaliane.sharepoint.com/:f:/r/sites/IngegneriaETReMezziLeggeri-Trenitalia/Shared%20Documents/DB_ETR1000/DOC_FLOTTE/VZI_Base/CONFIG/FRS/3EST000225-7915.pdf#page=22
    Pagina : '22' → 22
2026-07-22 09:14:41,738 [INFO]   [VZI_New14]
    URL    : https://gruppofsitaliane.sharepoint.com/:f:/r/sites/IngegneriaETReMezziLeggeri-Trenitalia/Shared%20Documents/DB_ETR1000/DOC_FLOTTE/VZI_New14/CONFIG/FRS/3ECP413719-0603.pdf#page=19
    Pagina : '19' → 19
2026-07-22 09:14:41,739 [INFO]   [VZ_FR] nessun link — skip
2026-07-22 09:14:41,739 [INFO]   [VZ_ES] nessun link — skip
2026-07-22 09:14:41,739 [INFO]   [VZI-6_R1]
    URL    : https://gruppofsitaliane.sharepoint.com/:f:/r/sites/IngegneriaETReMezziLeggeri-Trenitalia/Shared%20Documents/DB_ETR1000/DOC_FLOTTE/VZI-6_R1/CONFIG/FRS/FA020024531.pdf#page=18
    Pagina : '18' → 18
2026-07-22 09:14:41,739 [INFO]   [VZI-4_R1] nessun link — skip
2026-07-22 09:14:41,739 [INFO]   Doc 'FRS_Air Supply' [cartella: CONFIG] (riga 213): 3/6 configurazioni con link
2026-07-22 09:14:41,740 [INFO] 
───────────────────────────────────────────────────────
  FUNZIONE    : AIR_Suspension_Supervision — 
  DOCUMENTO   : FRS_Air Supply
  DOC CARTELLA: CONFIG
  RIGA Doc    : 213 | RIGA AI: 215
───────────────────────────────────────────────────────
2026-07-22 09:14:41,740 [INFO]   [VZI_Base]
    URL    : https://gruppofsitaliane.sharepoint.com/:f:/r/sites/IngegneriaETReMezziLeggeri-Trenitalia/Shared%20Documents/DB_ETR1000/DOC_FLOTTE/VZI_Base/CONFIG/FRS/3EST000225-7915.pdf#page=26
    Pagina : '26' → 26
2026-07-22 09:14:41,740 [INFO]   [VZI_New14]
    URL    : https://gruppofsitaliane.sharepoint.com/:f:/r/sites/IngegneriaETReMezziLeggeri-Trenitalia/Shared%20Documents/DB_ETR1000/DOC_FLOTTE/VZI_New14/CONFIG/FRS/3ECP413719-0603.pdf#page=22
    Pagina : '22' → 22
2026-07-22 09:14:41,740 [INFO]   [VZ_FR] nessun link — skip
2026-07-22 09:14:41,740 [INFO]   [VZ_ES] nessun link — skip
2026-07-22 09:14:41,740 [INFO]   [VZI-6_R1]
    URL    : https://gruppofsitaliane.sharepoint.com/:f:/r/sites/IngegneriaETReMezziLeggeri-Trenitalia/Shared%20Documents/DB_ETR1000/DOC_FLOTTE/VZI-6_R1/CONFIG/FRS/FA020024531.pdf#page=21
    Pagina : '21' → 21
2026-07-22 09:14:41,740 [INFO]   [VZI-4_R1] nessun link — skip
2026-07-22 09:14:41,741 [INFO]   Doc 'FRS_Air Supply' [cartella: CONFIG] (riga 217): 3/6 configurazioni con link
2026-07-22 09:14:41,741 [INFO] 
───────────────────────────────────────────────────────
  FUNZIONE    : AIR_Provision_for_Tilt_system — 
  DOCUMENTO   : FRS_Air Supply
  DOC CARTELLA: CONFIG
  RIGA Doc    : 217 | RIGA AI: 219
───────────────────────────────────────────────────────
2026-07-22 09:14:41,741 [INFO]   [VZI_Base]
    URL    : https://gruppofsitaliane.sharepoint.com/:f:/r/sites/IngegneriaETReMezziLeggeri-Trenitalia/Shared%20Documents/DB_ETR1000/DOC_FLOTTE/VZI_Base/CONFIG/FRS/3EST000225-7915.pdf#page=28
    Pagina : '28' → 28
2026-07-22 09:14:41,741 [INFO]   [VZI_New14]
    URL    : https://gruppofsitaliane.sharepoint.com/:f:/r/sites/IngegneriaETReMezziLeggeri-Trenitalia/Shared%20Documents/DB_ETR1000/DOC_FLOTTE/VZI_New14/CONFIG/FRS/3ECP413719-0603.pdf#page=23
    Pagina : '23' → 23
2026-07-22 09:14:41,741 [INFO]   [VZ_FR] nessun link — skip
2026-07-22 09:14:41,741 [INFO]   [VZ_ES] nessun link — skip
2026-07-22 09:14:41,742 [INFO]   [VZI-6_R1]
    URL    : https://gruppofsitaliane.sharepoint.com/:f:/r/sites/IngegneriaETReMezziLeggeri-Trenitalia/Shared%20Documents/DB_ETR1000/DOC_FLOTTE/VZI-6_R1/CONFIG/FRS/FA020024531.pdf#page=22
    Pagina : '22' → 22
2026-07-22 09:14:41,742 [INFO]   [VZI-4_R1] nessun link — skip
2026-07-22 09:14:41,742 [INFO]   Doc 'FRS_Brake Control' [cartella: CONFIG] (riga 221): 4/6 configurazioni con link
2026-07-22 09:14:41,742 [INFO] 
───────────────────────────────────────────────────────
  FUNZIONE    : BRK_Service_Brake_Direct_Electro-Pneumatic_Brake — 
  DOCUMENTO   : FRS_Brake Control
  DOC CARTELLA: CONFIG
  RIGA Doc    : 221 | RIGA AI: 223
───────────────────────────────────────────────────────
2026-07-22 09:14:41,742 [INFO]   [VZI_Base]
    URL    : https://gruppofsitaliane.sharepoint.com/:f:/r/sites/IngegneriaETReMezziLeggeri-Trenitalia/Shared%20Documents/DB_ETR1000/DOC_FLOTTE/VZI_Base/CONFIG/FRS/3EST000225-7910.pdf#page=14
    Pagina : '14' → 14
2026-07-22 09:14:41,743 [INFO]   [VZI_New14] nessun link — skip
2026-07-22 09:14:41,743 [INFO]   [VZ_FR]
    URL    : https://gruppofsitaliane.sharepoint.com/:f:/r/sites/IngegneriaETReMezziLeggeri-Trenitalia/Shared%20Documents/DB_ETR1000/DOC_FLOTTE/VZ_FR/CONFIG/FRS/3ECP413571-0502.pdf#page=14
    Pagina : '14' → 14
2026-07-22 09:14:41,743 [INFO]   [VZ_ES]
    URL    : https://gruppofsitaliane.sharepoint.com/:f:/r/sites/IngegneriaETReMezziLeggeri-Trenitalia/Shared%20Documents/DB_ETR1000/DOC_FLOTTE/VZ_ES/CONFIG/FRS/3ECP413922-0502.pdf#page=14
    Pagina : '14' → 14
2026-07-22 09:14:41,743 [INFO]   [VZI-6_R1]
    URL    : https://gruppofsitaliane.sharepoint.com/:f:/r/sites/IngegneriaETReMezziLeggeri-Trenitalia/Shared%20Documents/DB_ETR1000/DOC_FLOTTE/VZI-6_R1/CONFIG/FRS/FA020023100.pdf#page=19
    Pagina : '19' → 19
2026-07-22 09:14:41,743 [INFO]   [VZI-4_R1] nessun link — skip
2026-07-22 09:14:41,744 [INFO]   Doc 'FRS_Brake Control' [cartella: CONFIG] (riga 225): 4/6 configurazioni con link
2026-07-22 09:14:41,744 [INFO] 
───────────────────────────────────────────────────────
  FUNZIONE    : BRK_Service_Brake_Indirect_Brake — 
  DOCUMENTO   : FRS_Brake Control
  DOC CARTELLA: CONFIG
  RIGA Doc    : 225 | RIGA AI: 227
───────────────────────────────────────────────────────
2026-07-22 09:14:41,744 [INFO]   [VZI_Base]
    URL    : https://gruppofsitaliane.sharepoint.com/:f:/r/sites/IngegneriaETReMezziLeggeri-Trenitalia/Shared%20Documents/DB_ETR1000/DOC_FLOTTE/VZI_Base/CONFIG/FRS/3EST000225-7910.pdf#page=50
    Pagina : '50' → 50
2026-07-22 09:14:41,745 [INFO]   [VZI_New14] nessun link — skip
2026-07-22 09:14:41,746 [INFO]   [VZ_FR]
    URL    : https://gruppofsitaliane.sharepoint.com/:f:/r/sites/IngegneriaETReMezziLeggeri-Trenitalia/Shared%20Documents/DB_ETR1000/DOC_FLOTTE/VZ_FR/CONFIG/FRS/3ECP413571-0502.pdf#page=54
    Pagina : '54' → 54
2026-07-22 09:14:41,747 [INFO]   [VZ_ES]
    URL    : https://gruppofsitaliane.sharepoint.com/:f:/r/sites/IngegneriaETReMezziLeggeri-Trenitalia/Shared%20Documents/DB_ETR1000/DOC_FLOTTE/VZ_ES/CONFIG/FRS/3ECP413922-0502.pdf#page=50
    Pagina : '50' → 50
2026-07-22 09:14:41,747 [INFO]   [VZI-6_R1]
    URL    : https://gruppofsitaliane.sharepoint.com/:f:/r/sites/IngegneriaETReMezziLeggeri-Trenitalia/Shared%20Documents/DB_ETR1000/DOC_FLOTTE/VZI-6_R1/CONFIG/FRS/FA020023100.pdf#page=95
    Pagina : '95' → 95
2026-07-22 09:14:41,755 [INFO]   [VZI-4_R1] nessun link — skip
2026-07-22 09:14:41,756 [INFO]   Doc 'FRS_Brake Control' [cartella: CONFIG] (riga 229): 4/6 configurazioni con link
2026-07-22 09:14:41,756 [INFO] 
───────────────────────────────────────────────────────
  FUNZIONE    : BRK_Holding_Brake — 
  DOCUMENTO   : FRS_Brake Control
  DOC CARTELLA: CONFIG
  RIGA Doc    : 229 | RIGA AI: 231
───────────────────────────────────────────────────────
2026-07-22 09:14:41,757 [INFO]   [VZI_Base]
    URL    : https://gruppofsitaliane.sharepoint.com/:f:/r/sites/IngegneriaETReMezziLeggeri-Trenitalia/Shared%20Documents/DB_ETR1000/DOC_FLOTTE/VZI_Base/CONFIG/FRS/3EST000225-7910.pdf#page=87
    Pagina : '87' → 87
2026-07-22 09:14:41,757 [INFO]   [VZI_New14] nessun link — skip
2026-07-22 09:14:41,758 [INFO]   [VZ_FR]
    URL    : https://gruppofsitaliane.sharepoint.com/:f:/r/sites/IngegneriaETReMezziLeggeri-Trenitalia/Shared%20Documents/DB_ETR1000/DOC_FLOTTE/VZ_FR/CONFIG/FRS/3ECP413571-0502.pdf#page=94
    Pagina : '94' → 94
2026-07-22 09:14:41,758 [INFO]   [VZ_ES]
    URL    : https://gruppofsitaliane.sharepoint.com/:f:/r/sites/IngegneriaETReMezziLeggeri-Trenitalia/Shared%20Documents/DB_ETR1000/DOC_FLOTTE/VZ_ES/CONFIG/FRS/3ECP413922-0502.pdf#page=86
    Pagina : '86' → 86
2026-07-22 09:14:41,758 [INFO]   [VZI-6_R1]
    URL    : https://gruppofsitaliane.sharepoint.com/:f:/r/sites/IngegneriaETReMezziLeggeri-Trenitalia/Shared%20Documents/DB_ETR1000/DOC_FLOTTE/VZI-6_R1/CONFIG/FRS/FA020023100.pdf#page=129
    Pagina : '129' → 129
2026-07-22 09:14:41,758 [INFO]   [VZI-4_R1] nessun link — skip
2026-07-22 09:14:41,759 [INFO]   Doc 'FRS_Brake Control' [cartella: CONFIG] (riga 233): 4/6 configurazioni con link
2026-07-22 09:14:41,759 [INFO] 
───────────────────────────────────────────────────────
  FUNZIONE    : BRK_Urgency_Brake_(Optional) — 
  DOCUMENTO   : FRS_Brake Control
  DOC CARTELLA: CONFIG
  RIGA Doc    : 233 | RIGA AI: 235
───────────────────────────────────────────────────────
2026-07-22 09:14:41,759 [INFO]   [VZI_Base]
    URL    : https://gruppofsitaliane.sharepoint.com/:f:/r/sites/IngegneriaETReMezziLeggeri-Trenitalia/Shared%20Documents/DB_ETR1000/DOC_FLOTTE/VZI_Base/CONFIG/FRS/3EST000225-7910.pdf#page=91
    Pagina : '91' → 91
2026-07-22 09:14:41,759 [INFO]   [VZI_New14] nessun link — skip
2026-07-22 09:14:41,760 [INFO]   [VZ_FR]
    URL    : https://gruppofsitaliane.sharepoint.com/:f:/r/sites/IngegneriaETReMezziLeggeri-Trenitalia/Shared%20Documents/DB_ETR1000/DOC_FLOTTE/VZ_FR/CONFIG/FRS/3ECP413571-0502.pdf#page=99
    Pagina : '99' → 99
2026-07-22 09:14:41,760 [INFO]   [VZ_ES]
    URL    : https://gruppofsitaliane.sharepoint.com/:f:/r/sites/IngegneriaETReMezziLeggeri-Trenitalia/Shared%20Documents/DB_ETR1000/DOC_FLOTTE/VZ_ES/CONFIG/FRS/3ECP413922-0502.pdf#page=90
    Pagina : '90' → 90
2026-07-22 09:14:41,760 [INFO]   [VZI-6_R1]
    URL    : https://gruppofsitaliane.sharepoint.com/:f:/r/sites/IngegneriaETReMezziLeggeri-Trenitalia/Shared%20Documents/DB_ETR1000/DOC_FLOTTE/VZI-6_R1/CONFIG/FRS/FA020023100.pdf#page=133
    Pagina : '133' → 133
2026-07-22 09:14:41,760 [INFO]   [VZI-4_R1] nessun link — skip
2026-07-22 09:14:41,761 [INFO]   Doc 'FRS_Brake Control' [cartella: CONFIG] (riga 237): 4/6 configurazioni con link
2026-07-22 09:14:41,761 [INFO] 
───────────────────────────────────────────────────────
  FUNZIONE    : BRK_Emergency_Brake — 
  DOCUMENTO   : FRS_Brake Control
  DOC CARTELLA: CONFIG
  RIGA Doc    : 237 | RIGA AI: 239
───────────────────────────────────────────────────────
2026-07-22 09:14:41,762 [INFO]   [VZI_Base]
    URL    : https://gruppofsitaliane.sharepoint.com/:f:/r/sites/IngegneriaETReMezziLeggeri-Trenitalia/Shared%20Documents/DB_ETR1000/DOC_FLOTTE/VZI_Base/CONFIG/FRS/3EST000225-7910.pdf#page=97
    Pagina : '97' → 97
2026-07-22 09:14:41,762 [INFO]   [VZI_New14] nessun link — skip
2026-07-22 09:14:41,763 [INFO]   [VZ_FR]
    URL    : https://gruppofsitaliane.sharepoint.com/:f:/r/sites/IngegneriaETReMezziLeggeri-Trenitalia/Shared%20Documents/DB_ETR1000/DOC_FLOTTE/VZ_FR/CONFIG/FRS/3ECP413571-0502.pdf#page=102
    Pagina : '102' → 102
2026-07-22 09:14:41,763 [INFO]   [VZ_ES]
    URL    : https://gruppofsitaliane.sharepoint.com/:f:/r/sites/IngegneriaETReMezziLeggeri-Trenitalia/Shared%20Documents/DB_ETR1000/DOC_FLOTTE/VZ_ES/CONFIG/FRS/3ECP413922-0502.pdf#page=93
    Pagina : '93' → 93
2026-07-22 09:14:41,764 [INFO]   [VZI-6_R1]
    URL    : https://gruppofsitaliane.sharepoint.com/:f:/r/sites/IngegneriaETReMezziLeggeri-Trenitalia/Shared%20Documents/DB_ETR1000/DOC_FLOTTE/VZI-6_R1/CONFIG/FRS/FA020023100.pdf#page=136
    Pagina : '136' → 136
2026-07-22 09:14:41,764 [INFO]   [VZI-4_R1] nessun link — skip
2026-07-22 09:14:41,764 [INFO]   Doc 'FRS_Brake Control' [cartella: CONFIG] (riga 241): 4/6 configurazioni con link
2026-07-22 09:14:41,765 [INFO] 
───────────────────────────────────────────────────────
  FUNZIONE    : BRK_Parking_Brake — 
  DOCUMENTO   : FRS_Brake Control
  DOC CARTELLA: CONFIG
  RIGA Doc    : 241 | RIGA AI: 243
───────────────────────────────────────────────────────
2026-07-22 09:14:41,765 [INFO]   [VZI_Base]
    URL    : https://gruppofsitaliane.sharepoint.com/:f:/r/sites/IngegneriaETReMezziLeggeri-Trenitalia/Shared%20Documents/DB_ETR1000/DOC_FLOTTE/VZI_Base/CONFIG/FRS/3EST000225-7910.pdf#page=117
    Pagina : '117' → 117
2026-07-22 09:14:41,765 [INFO]   [VZI_New14] nessun link — skip
2026-07-22 09:14:41,765 [INFO]   [VZ_FR]
    URL    : https://gruppofsitaliane.sharepoint.com/:f:/r/sites/IngegneriaETReMezziLeggeri-Trenitalia/Shared%20Documents/DB_ETR1000/DOC_FLOTTE/VZ_FR/CONFIG/FRS/3ECP413571-0502.pdf#page=127
    Pagina : '127' → 127
2026-07-22 09:14:41,765 [INFO]   [VZ_ES]
    URL    : https://gruppofsitaliane.sharepoint.com/:f:/r/sites/IngegneriaETReMezziLeggeri-Trenitalia/Shared%20Documents/DB_ETR1000/DOC_FLOTTE/VZ_ES/CONFIG/FRS/3ECP413922-0502.pdf#page=113
    Pagina : '113' → 113
2026-07-22 09:14:41,766 [INFO]   [VZI-6_R1]
    URL    : https://gruppofsitaliane.sharepoint.com/:f:/r/sites/IngegneriaETReMezziLeggeri-Trenitalia/Shared%20Documents/DB_ETR1000/DOC_FLOTTE/VZI-6_R1/CONFIG/FRS/FA020023100.pdf#page=154
    Pagina : '154' → 154
2026-07-22 09:14:41,766 [INFO]   [VZI-4_R1] nessun link — skip
2026-07-22 09:14:41,766 [INFO]   Doc 'FRS_Brake Control' [cartella: CONFIG] (riga 245): 4/6 configurazioni con link
2026-07-22 09:14:41,767 [INFO] 
───────────────────────────────────────────────────────
  FUNZIONE    : BRK_Wheel_Slide_Protection — 
  DOCUMENTO   : FRS_Brake Control
  DOC CARTELLA: CONFIG
  RIGA Doc    : 245 | RIGA AI: 247
───────────────────────────────────────────────────────
2026-07-22 09:14:41,767 [INFO]   [VZI_Base]
    URL    : https://gruppofsitaliane.sharepoint.com/:f:/r/sites/IngegneriaETReMezziLeggeri-Trenitalia/Shared%20Documents/DB_ETR1000/DOC_FLOTTE/VZI_Base/CONFIG/FRS/3EST000225-7910.pdf#page=131
    Pagina : '131' → 131
2026-07-22 09:14:41,767 [INFO]   [VZI_New14] nessun link — skip
2026-07-22 09:14:41,768 [INFO]   [VZ_FR]
    URL    : https://gruppofsitaliane.sharepoint.com/:f:/r/sites/IngegneriaETReMezziLeggeri-Trenitalia/Shared%20Documents/DB_ETR1000/DOC_FLOTTE/VZ_FR/CONFIG/FRS/3ECP413571-0502.pdf#page=142
    Pagina : '142' → 142
2026-07-22 09:14:41,768 [INFO]   [VZ_ES]
    URL    : https://gruppofsitaliane.sharepoint.com/:f:/r/sites/IngegneriaETReMezziLeggeri-Trenitalia/Shared%20Documents/DB_ETR1000/DOC_FLOTTE/VZ_ES/CONFIG/FRS/3ECP413922-0502.pdf#page=131
    Pagina : '131' → 131
2026-07-22 09:14:41,768 [INFO]   [VZI-6_R1]
    URL    : https://gruppofsitaliane.sharepoint.com/:f:/r/sites/IngegneriaETReMezziLeggeri-Trenitalia/Shared%20Documents/DB_ETR1000/DOC_FLOTTE/VZI-6_R1/CONFIG/FRS/FA020023100.pdf#page=171
    Pagina : '171' → 171
2026-07-22 09:14:41,768 [INFO]   [VZI-4_R1] nessun link — skip
2026-07-22 09:14:41,769 [INFO]   Doc 'FRS_Brake Control' [cartella: CONFIG] (riga 249): 4/6 configurazioni con link
2026-07-22 09:14:41,769 [INFO] 
───────────────────────────────────────────────────────
  FUNZIONE    : BRK_Detection_of_Non-Rotating_Axle_(DNRA) — 
  DOCUMENTO   : FRS_Brake Control
  DOC CARTELLA: CONFIG
  RIGA Doc    : 249 | RIGA AI: 251
───────────────────────────────────────────────────────
2026-07-22 09:14:41,769 [INFO]   [VZI_Base]
    URL    : https://gruppofsitaliane.sharepoint.com/:f:/r/sites/IngegneriaETReMezziLeggeri-Trenitalia/Shared%20Documents/DB_ETR1000/DOC_FLOTTE/VZI_Base/CONFIG/FRS/3EST000225-7910.pdf#page=145
    Pagina : '145' → 145
2026-07-22 09:14:41,769 [INFO]   [VZI_New14] nessun link — skip
2026-07-22 09:14:41,770 [INFO]   [VZ_FR]
    URL    : https://gruppofsitaliane.sharepoint.com/:f:/r/sites/IngegneriaETReMezziLeggeri-Trenitalia/Shared%20Documents/DB_ETR1000/DOC_FLOTTE/VZ_FR/CONFIG/FRS/3ECP413571-0502.pdf#page=157
    Pagina : '157' → 157
2026-07-22 09:14:41,770 [INFO]   [VZ_ES]
    URL    : https://gruppofsitaliane.sharepoint.com/:f:/r/sites/IngegneriaETReMezziLeggeri-Trenitalia/Shared%20Documents/DB_ETR1000/DOC_FLOTTE/VZ_ES/CONFIG/FRS/3ECP413922-0502.pdf#page=144
    Pagina : '144' → 144
2026-07-22 09:14:41,770 [INFO]   [VZI-6_R1]
    URL    : https://gruppofsitaliane.sharepoint.com/:f:/r/sites/IngegneriaETReMezziLeggeri-Trenitalia/Shared%20Documents/DB_ETR1000/DOC_FLOTTE/VZI-6_R1/CONFIG/FRS/FA020023100.pdf#page=189
    Pagina : '189' → 189
2026-07-22 09:14:41,770 [INFO]   [VZI-4_R1] nessun link — skip
2026-07-22 09:14:41,770 [INFO]   Doc 'FRS_Brake Control' [cartella: CONFIG] (riga 253): 4/6 configurazioni con link
2026-07-22 09:14:41,771 [INFO] 
───────────────────────────────────────────────────────
  FUNZIONE    : BRK_Passenger_Emergency_Brake — 
  DOCUMENTO   : FRS_Brake Control
  DOC CARTELLA: CONFIG
  RIGA Doc    : 253 | RIGA AI: 255
───────────────────────────────────────────────────────
2026-07-22 09:14:41,771 [INFO]   [VZI_Base]
    URL    : https://gruppofsitaliane.sharepoint.com/:f:/r/sites/IngegneriaETReMezziLeggeri-Trenitalia/Shared%20Documents/DB_ETR1000/DOC_FLOTTE/VZI_Base/CONFIG/FRS/3EST000225-7910.pdf#page=153
    Pagina : '153' → 153
2026-07-22 09:14:41,771 [INFO]   [VZI_New14] nessun link — skip
2026-07-22 09:14:41,771 [INFO]   [VZ_FR]
    URL    : https://gruppofsitaliane.sharepoint.com/:f:/r/sites/IngegneriaETReMezziLeggeri-Trenitalia/Shared%20Documents/DB_ETR1000/DOC_FLOTTE/VZ_FR/CONFIG/FRS/3ECP413571-0502.pdf#page=165
    Pagina : '165' → 165
2026-07-22 09:14:41,771 [INFO]   [VZ_ES]
    URL    : https://gruppofsitaliane.sharepoint.com/:f:/r/sites/IngegneriaETReMezziLeggeri-Trenitalia/Shared%20Documents/DB_ETR1000/DOC_FLOTTE/VZ_ES/CONFIG/FRS/3ECP413922-0502.pdf#page=166
    Pagina : '166' → 166
2026-07-22 09:14:41,772 [INFO]   [VZI-6_R1]
    URL    : https://gruppofsitaliane.sharepoint.com/:f:/r/sites/IngegneriaETReMezziLeggeri-Trenitalia/Shared%20Documents/DB_ETR1000/DOC_FLOTTE/VZI-6_R1/CONFIG/FRS/FA020023100.pdf#page=192
    Pagina : '192' → 192
2026-07-22 09:14:41,772 [INFO]   [VZI-4_R1] nessun link — skip
2026-07-22 09:14:41,772 [INFO]   Doc 'FRS_Brake Control' [cartella: CONFIG] (riga 257): 4/6 configurazioni con link
2026-07-22 09:14:41,773 [INFO] 
───────────────────────────────────────────────────────
  FUNZIONE    : BRK_Sanding — 
  DOCUMENTO   : FRS_Brake Control
  DOC CARTELLA: CONFIG
  RIGA Doc    : 257 | RIGA AI: 259
───────────────────────────────────────────────────────
2026-07-22 09:14:41,773 [INFO]   [VZI_Base]
    URL    : https://gruppofsitaliane.sharepoint.com/:f:/r/sites/IngegneriaETReMezziLeggeri-Trenitalia/Shared%20Documents/DB_ETR1000/DOC_FLOTTE/VZI_Base/CONFIG/FRS/3EST000225-7910.pdf#page=163
    Pagina : '163' → 163
2026-07-22 09:14:41,773 [INFO]   [VZI_New14] nessun link — skip
2026-07-22 09:14:41,773 [INFO]   [VZ_FR]
    URL    : https://gruppofsitaliane.sharepoint.com/:f:/r/sites/IngegneriaETReMezziLeggeri-Trenitalia/Shared%20Documents/DB_ETR1000/DOC_FLOTTE/VZ_FR/CONFIG/FRS/3ECP413571-0502.pdf#page=173
    Pagina : '173' → 173
2026-07-22 09:14:41,774 [INFO]   [VZ_ES]
    URL    : https://gruppofsitaliane.sharepoint.com/:f:/r/sites/IngegneriaETReMezziLeggeri-Trenitalia/Shared%20Documents/DB_ETR1000/DOC_FLOTTE/VZ_ES/CONFIG/FRS/3ECP413922-0502.pdf#page=177
    Pagina : '177' → 177
2026-07-22 09:14:41,774 [INFO]   [VZI-6_R1]
    URL    : https://gruppofsitaliane.sharepoint.com/:f:/r/sites/IngegneriaETReMezziLeggeri-Trenitalia/Shared%20Documents/DB_ETR1000/DOC_FLOTTE/VZI-6_R1/CONFIG/FRS/FA020023100.pdf#page=204
    Pagina : '204' → 204
2026-07-22 09:14:41,774 [INFO]   [VZI-4_R1] nessun link — skip
2026-07-22 09:14:41,774 [INFO]   Doc 'FRS_Brake Control' [cartella: CONFIG] (riga 261): 4/6 configurazioni con link
2026-07-22 09:14:41,774 [INFO] 
───────────────────────────────────────────────────────
  FUNZIONE    : BRK_Brake_Test — 
  DOCUMENTO   : FRS_Brake Control
  DOC CARTELLA: CONFIG
  RIGA Doc    : 261 | RIGA AI: 263
───────────────────────────────────────────────────────
2026-07-22 09:14:41,774 [INFO]   [VZI_Base]
    URL    : https://gruppofsitaliane.sharepoint.com/:f:/r/sites/IngegneriaETReMezziLeggeri-Trenitalia/Shared%20Documents/DB_ETR1000/DOC_FLOTTE/VZI_Base/CONFIG/FRS/3EST000225-7910.pdf#page=172
    Pagina : '172' → 172
2026-07-22 09:14:41,775 [INFO]   [VZI_New14] nessun link — skip
2026-07-22 09:14:41,775 [INFO]   [VZ_FR]
    URL    : https://gruppofsitaliane.sharepoint.com/:f:/r/sites/IngegneriaETReMezziLeggeri-Trenitalia/Shared%20Documents/DB_ETR1000/DOC_FLOTTE/VZ_FR/CONFIG/FRS/3ECP413571-0502.pdf#page=184
    Pagina : '184' → 184
2026-07-22 09:14:41,775 [INFO]   [VZ_ES]
    URL    : https://gruppofsitaliane.sharepoint.com/:f:/r/sites/IngegneriaETReMezziLeggeri-Trenitalia/Shared%20Documents/DB_ETR1000/DOC_FLOTTE/VZ_ES/CONFIG/FRS/3ECP413922-0502.pdf#page=186
    Pagina : '186' → 186
2026-07-22 09:14:41,775 [INFO]   [VZI-6_R1]
    URL    : https://gruppofsitaliane.sharepoint.com/:f:/r/sites/IngegneriaETReMezziLeggeri-Trenitalia/Shared%20Documents/DB_ETR1000/DOC_FLOTTE/VZI-6_R1/CONFIG/FRS/FA020023100.pdf#page=213
    Pagina : '213' → 213
2026-07-22 09:14:41,776 [INFO]   [VZI-4_R1] nessun link — skip
2026-07-22 09:14:41,776 [INFO]   Doc 'FRS_Brake Control' [cartella: CONFIG] (riga 265): 4/6 configurazioni con link
2026-07-22 09:14:41,776 [INFO] 
───────────────────────────────────────────────────────
  FUNZIONE    : BRK_Towing — 
  DOCUMENTO   : FRS_Brake Control
  DOC CARTELLA: CONFIG
  RIGA Doc    : 265 | RIGA AI: 267
───────────────────────────────────────────────────────
2026-07-22 09:14:41,776 [INFO]   [VZI_Base]
    URL    : https://gruppofsitaliane.sharepoint.com/:f:/r/sites/IngegneriaETReMezziLeggeri-Trenitalia/Shared%20Documents/DB_ETR1000/DOC_FLOTTE/VZI_Base/CONFIG/FRS/3EST000225-7910.pdf#page=224
    Pagina : '224' → 224
2026-07-22 09:14:41,776 [INFO]   [VZI_New14] nessun link — skip
2026-07-22 09:14:41,777 [INFO]   [VZ_FR]
    URL    : https://gruppofsitaliane.sharepoint.com/:f:/r/sites/IngegneriaETReMezziLeggeri-Trenitalia/Shared%20Documents/DB_ETR1000/DOC_FLOTTE/VZ_FR/CONFIG/FRS/3ECP413571-0502.pdf#page=238
    Pagina : '238' → 238
2026-07-22 09:14:41,777 [INFO]   [VZ_ES]
    URL    : https://gruppofsitaliane.sharepoint.com/:f:/r/sites/IngegneriaETReMezziLeggeri-Trenitalia/Shared%20Documents/DB_ETR1000/DOC_FLOTTE/VZ_ES/CONFIG/FRS/3ECP413922-0502.pdf#page=234
    Pagina : '234' → 234
2026-07-22 09:14:41,777 [INFO]   [VZI-6_R1]
    URL    : https://gruppofsitaliane.sharepoint.com/:f:/r/sites/IngegneriaETReMezziLeggeri-Trenitalia/Shared%20Documents/DB_ETR1000/DOC_FLOTTE/VZI-6_R1/CONFIG/FRS/FA020023100.pdf#page=262
    Pagina : '262' → 262
2026-07-22 09:14:41,777 [INFO]   [VZI-4_R1] nessun link — skip
2026-07-22 09:14:41,778 [INFO]   Doc 'FRS_Brake Control' [cartella: CONFIG] (riga 269): 4/6 configurazioni con link
2026-07-22 09:14:41,778 [INFO] 
───────────────────────────────────────────────────────
  FUNZIONE    : BRK_Fire_Safety_&_Running_Capability — 
  DOCUMENTO   : FRS_Brake Control
  DOC CARTELLA: CONFIG
  RIGA Doc    : 269 | RIGA AI: 271
───────────────────────────────────────────────────────
2026-07-22 09:14:41,779 [INFO]   [VZI_Base]
    URL    : https://gruppofsitaliane.sharepoint.com/:f:/r/sites/IngegneriaETReMezziLeggeri-Trenitalia/Shared%20Documents/DB_ETR1000/DOC_FLOTTE/VZI_Base/CONFIG/FRS/3EST000225-7910.pdf#page=233
    Pagina : '233' → 233
2026-07-22 09:14:41,780 [INFO]   [VZI_New14] nessun link — skip
2026-07-22 09:14:41,781 [INFO]   [VZ_FR]
    URL    : https://gruppofsitaliane.sharepoint.com/:f:/r/sites/IngegneriaETReMezziLeggeri-Trenitalia/Shared%20Documents/DB_ETR1000/DOC_FLOTTE/VZ_FR/CONFIG/FRS/3ECP413571-0502.pdf#page=246
    Pagina : '246' → 246
2026-07-22 09:14:41,781 [INFO]   [VZ_ES]
    URL    : https://gruppofsitaliane.sharepoint.com/:f:/r/sites/IngegneriaETReMezziLeggeri-Trenitalia/Shared%20Documents/DB_ETR1000/DOC_FLOTTE/VZ_ES/CONFIG/FRS/3ECP413922-0502.pdf#page=242
    Pagina : '242' → 242
2026-07-22 09:14:41,781 [INFO]   [VZI-6_R1]
    URL    : https://gruppofsitaliane.sharepoint.com/:f:/r/sites/IngegneriaETReMezziLeggeri-Trenitalia/Shared%20Documents/DB_ETR1000/DOC_FLOTTE/VZI-6_R1/CONFIG/FRS/FA020023100.pdf#page=270
    Pagina : '270' → 270
2026-07-22 09:14:41,781 [INFO]   [VZI-4_R1] nessun link — skip
2026-07-22 09:14:41,782 [INFO]   Doc 'FRS_Brake Control' [cartella: CONFIG] (riga 273): 4/6 configurazioni con link
2026-07-22 09:14:41,782 [INFO] 
───────────────────────────────────────────────────────
  FUNZIONE    : BRK_Magnetic_Track_Brake_Optional — 
  DOCUMENTO   : FRS_Brake Control
  DOC CARTELLA: CONFIG
  RIGA Doc    : 273 | RIGA AI: 275
───────────────────────────────────────────────────────
2026-07-22 09:14:41,782 [INFO]   [VZI_Base]
    URL    : https://gruppofsitaliane.sharepoint.com/:f:/r/sites/IngegneriaETReMezziLeggeri-Trenitalia/Shared%20Documents/DB_ETR1000/DOC_FLOTTE/VZI_Base/CONFIG/FRS/3EST000225-7910.pdf#page=234
    Pagina : '234' → 234
2026-07-22 09:14:41,782 [INFO]   [VZI_New14] nessun link — skip
2026-07-22 09:14:41,782 [INFO]   [VZ_FR]
    URL    : https://gruppofsitaliane.sharepoint.com/:f:/r/sites/IngegneriaETReMezziLeggeri-Trenitalia/Shared%20Documents/DB_ETR1000/DOC_FLOTTE/VZ_FR/CONFIG/FRS/3ECP413571-0502.pdf#page=247
    Pagina : '247' → 247
2026-07-22 09:14:41,783 [INFO]   [VZ_ES]
    URL    : https://gruppofsitaliane.sharepoint.com/:f:/r/sites/IngegneriaETReMezziLeggeri-Trenitalia/Shared%20Documents/DB_ETR1000/DOC_FLOTTE/VZ_ES/CONFIG/FRS/3ECP413922-0502.pdf
    Pagina : '' → 0
2026-07-22 09:14:41,783 [INFO]   [VZI-6_R1]
    URL    : https://gruppofsitaliane.sharepoint.com/:f:/r/sites/IngegneriaETReMezziLeggeri-Trenitalia/Shared%20Documents/DB_ETR1000/DOC_FLOTTE/VZI-6_R1/CONFIG/FRS/FA020023100.pdf
    Pagina : '' → 0
2026-07-22 09:14:41,783 [INFO]   [VZI-4_R1] nessun link — skip
2026-07-22 09:14:41,783 [INFO]   Doc 'FRS_Bogies' [cartella: CONFIG] (riga 277): 3/6 configurazioni con link
2026-07-22 09:14:41,783 [INFO] 
───────────────────────────────────────────────────────
  FUNZIONE    : BOG_Flange_Lubrication — 
  DOCUMENTO   : FRS_Bogies
  DOC CARTELLA: CONFIG
  RIGA Doc    : 277 | RIGA AI: 279
───────────────────────────────────────────────────────
2026-07-22 09:14:41,784 [INFO]   [VZI_Base]
    URL    : https://gruppofsitaliane.sharepoint.com/:f:/r/sites/IngegneriaETReMezziLeggeri-Trenitalia/Shared%20Documents/DB_ETR1000/DOC_FLOTTE/VZI_Base/CONFIG/FRS/3EST000225-7906.pdf#page=11
    Pagina : '11' → 11
2026-07-22 09:14:41,784 [INFO]   [VZI_New14]
    URL    : https://gruppofsitaliane.sharepoint.com/:f:/r/sites/IngegneriaETReMezziLeggeri-Trenitalia/Shared%20Documents/DB_ETR1000/DOC_FLOTTE/VZI_New14/CONFIG/FRS/3ECP413719-0300.pdf#page=10
    Pagina : '10' → 10
2026-07-22 09:14:41,784 [INFO]   [VZ_FR] nessun link — skip
2026-07-22 09:14:41,784 [INFO]   [VZ_ES] nessun link — skip
2026-07-22 09:14:41,785 [INFO]   [VZI-6_R1]
    URL    : https://gruppofsitaliane.sharepoint.com/:f:/r/sites/IngegneriaETReMezziLeggeri-Trenitalia/Shared%20Documents/DB_ETR1000/DOC_FLOTTE/VZI-6_R1/CONFIG/FRS/FA020030729.pdf#page=11
    Pagina : '11' → 11
2026-07-22 09:14:41,785 [INFO]   [VZI-4_R1] nessun link — skip
2026-07-22 09:14:41,785 [INFO]   Doc 'FRS_Bogies' [cartella: CONFIG] (riga 281): 3/6 configurazioni con link
2026-07-22 09:14:41,785 [INFO] 
───────────────────────────────────────────────────────
  FUNZIONE    : BOG_Hotbox_Detection — 
  DOCUMENTO   : FRS_Bogies
  DOC CARTELLA: CONFIG
  RIGA Doc    : 281 | RIGA AI: 283
───────────────────────────────────────────────────────
2026-07-22 09:14:41,785 [INFO]   [VZI_Base]
    URL    : https://gruppofsitaliane.sharepoint.com/:f:/r/sites/IngegneriaETReMezziLeggeri-Trenitalia/Shared%20Documents/DB_ETR1000/DOC_FLOTTE/VZI_Base/CONFIG/FRS/3EST000225-7906.pdf#page=14
    Pagina : '14' → 14
2026-07-22 09:14:41,786 [INFO]   [VZI_New14]
    URL    : https://gruppofsitaliane.sharepoint.com/:f:/r/sites/IngegneriaETReMezziLeggeri-Trenitalia/Shared%20Documents/DB_ETR1000/DOC_FLOTTE/VZI_New14/CONFIG/FRS/3ECP413719-0300.pdf#page=12
    Pagina : '12' → 12
2026-07-22 09:14:41,786 [INFO]   [VZ_FR] nessun link — skip
2026-07-22 09:14:41,786 [INFO]   [VZ_ES] nessun link — skip
2026-07-22 09:14:41,786 [INFO]   [VZI-6_R1]
    URL    : https://gruppofsitaliane.sharepoint.com/:f:/r/sites/IngegneriaETReMezziLeggeri-Trenitalia/Shared%20Documents/DB_ETR1000/DOC_FLOTTE/VZI-6_R1/CONFIG/FRS/FA020030729.pdf#page=14
    Pagina : '14' → 14
2026-07-22 09:14:41,786 [INFO]   [VZI-4_R1] nessun link — skip
2026-07-22 09:14:41,786 [INFO]   Doc 'FRS_Bogies' [cartella: CONFIG] (riga 285): 3/6 configurazioni con link
2026-07-22 09:14:41,787 [INFO] 
───────────────────────────────────────────────────────
  FUNZIONE    : BOG_Instability_Monitoring — 
  DOCUMENTO   : FRS_Bogies
  DOC CARTELLA: CONFIG
  RIGA Doc    : 285 | RIGA AI: 287
───────────────────────────────────────────────────────
2026-07-22 09:14:41,787 [INFO]   [VZI_Base]
    URL    : https://gruppofsitaliane.sharepoint.com/:f:/r/sites/IngegneriaETReMezziLeggeri-Trenitalia/Shared%20Documents/DB_ETR1000/DOC_FLOTTE/VZI_Base/CONFIG/FRS/3EST000225-7906.pdf#page=20
    Pagina : '20' → 20
2026-07-22 09:14:41,787 [INFO]   [VZI_New14]
    URL    : https://gruppofsitaliane.sharepoint.com/:f:/r/sites/IngegneriaETReMezziLeggeri-Trenitalia/Shared%20Documents/DB_ETR1000/DOC_FLOTTE/VZI_New14/CONFIG/FRS/3ECP413719-0300.pdf#page=20
    Pagina : '20' → 20
2026-07-22 09:14:41,787 [INFO]   [VZ_FR] nessun link — skip
2026-07-22 09:14:41,787 [INFO]   [VZ_ES] nessun link — skip
2026-07-22 09:14:41,787 [INFO]   [VZI-6_R1]
    URL    : https://gruppofsitaliane.sharepoint.com/:f:/r/sites/IngegneriaETReMezziLeggeri-Trenitalia/Shared%20Documents/DB_ETR1000/DOC_FLOTTE/VZI-6_R1/CONFIG/FRS/FA020030729.pdf#page=36
    Pagina : '36' → 36
2026-07-22 09:14:41,787 [INFO]   [VZI-4_R1] nessun link — skip
2026-07-22 09:14:41,788 [INFO]   Doc 'FRS_Bogies' [cartella: CONFIG] (riga 289): 3/6 configurazioni con link
2026-07-22 09:14:41,788 [INFO] 
───────────────────────────────────────────────────────
  FUNZIONE    : BOG_Active_Lateral_Suspension_(ALS) — 
  DOCUMENTO   : FRS_Bogies
  DOC CARTELLA: CONFIG
  RIGA Doc    : 289 | RIGA AI: 291
───────────────────────────────────────────────────────
2026-07-22 09:14:41,788 [INFO]   [VZI_Base]
    URL    : https://gruppofsitaliane.sharepoint.com/:f:/r/sites/IngegneriaETReMezziLeggeri-Trenitalia/Shared%20Documents/DB_ETR1000/DOC_FLOTTE/VZI_Base/CONFIG/FRS/3EST000225-7906.pdf#page=29
    Pagina : '29' → 29
2026-07-22 09:14:41,788 [INFO]   [VZI_New14]
    URL    : https://gruppofsitaliane.sharepoint.com/:f:/r/sites/IngegneriaETReMezziLeggeri-Trenitalia/Shared%20Documents/DB_ETR1000/DOC_FLOTTE/VZI_New14/CONFIG/FRS/3ECP413719-0300.pdf#page=28
    Pagina : '28' → 28
2026-07-22 09:14:41,788 [INFO]   [VZ_FR] nessun link — skip
2026-07-22 09:14:41,789 [INFO]   [VZ_ES] nessun link — skip
2026-07-22 09:14:41,789 [INFO]   [VZI-6_R1]
    URL    : https://gruppofsitaliane.sharepoint.com/:f:/r/sites/IngegneriaETReMezziLeggeri-Trenitalia/Shared%20Documents/DB_ETR1000/DOC_FLOTTE/VZI-6_R1/CONFIG/FRS/FA020030729.pdf#page=43
    Pagina : '43' → 43
2026-07-22 09:14:41,789 [INFO]   [VZI-4_R1] nessun link — skip
2026-07-22 09:14:41,789 [INFO]   Doc 'FRS_Bogies' [cartella: CONFIG] (riga 293): 3/6 configurazioni con link
2026-07-22 09:14:41,789 [INFO] 
───────────────────────────────────────────────────────
  FUNZIONE    : BOG_Diagnostics_&_CBM — 
  DOCUMENTO   : FRS_Bogies
  DOC CARTELLA: CONFIG
  RIGA Doc    : 293 | RIGA AI: 295
───────────────────────────────────────────────────────
2026-07-22 09:14:41,789 [INFO]   [VZI_Base]
    URL    : https://gruppofsitaliane.sharepoint.com/:f:/r/sites/IngegneriaETReMezziLeggeri-Trenitalia/Shared%20Documents/DB_ETR1000/DOC_FLOTTE/VZI_Base/CONFIG/FRS/3EST000225-7906.pdf#page=31
    Pagina : '31' → 31
2026-07-22 09:14:41,790 [INFO]   [VZI_New14]
    URL    : https://gruppofsitaliane.sharepoint.com/:f:/r/sites/IngegneriaETReMezziLeggeri-Trenitalia/Shared%20Documents/DB_ETR1000/DOC_FLOTTE/VZI_New14/CONFIG/FRS/3ECP413719-0300.pdf#page=29
    Pagina : '29' → 29
2026-07-22 09:14:41,790 [INFO]   [VZ_FR] nessun link — skip
2026-07-22 09:14:41,790 [INFO]   [VZ_ES] nessun link — skip
2026-07-22 09:14:41,790 [INFO]   [VZI-6_R1]
    URL    : https://gruppofsitaliane.sharepoint.com/:f:/r/sites/IngegneriaETReMezziLeggeri-Trenitalia/Shared%20Documents/DB_ETR1000/DOC_FLOTTE/VZI-6_R1/CONFIG/FRS/FA020030729.pdf#page=44
    Pagina : '44' → 44
2026-07-22 09:14:41,790 [INFO]   [VZI-4_R1] nessun link — skip
2026-07-22 09:14:41,790 [INFO] 
FillTarget: 224 celle in 64 gruppi
2026-07-22 09:14:41,790 [INFO] 
═══════════════════════════════════════════════════════
  LV_Country_code_selection / FRS_Line Voltage (4 config)
═══════════════════════════════════════════════════════
2026-07-22 09:14:41,791 [INFO]   [VZI_Base] Estrazione pag.7...
2026-07-22 09:14:41,791 [INFO]   🔍 Ricerca locale per: https://gruppofsitaliane.sharepoint.com/:f:/r/sites/IngegneriaETReMezziLeggeri-T...
2026-07-22 09:14:41,792 [INFO]   📁 File trovato (percorso esatto): C:\Users\2954534.UTENTI\OneDrive - Gruppo Ferrovie Dello Stato\Documenti - Ingegneria ETR - Trenitalia\DB_ETR1000\DOC_FLOTTE\VZI_Base\CONFIG\FRS\3EST000225-7907.pdf
2026-07-22 09:14:41,928 [INFO]   🎯 Indice funzione: '3.1' (score=3, func_id='LV_Country_code_selection')
2026-07-22 09:14:41,928 [INFO]   📑 Strategia A — indice funzione: '3.1' su pag.7
2026-07-22 09:14:41,929 [INFO]   ✂ Pagina iniziale parziale: testo prima di '3.1' escluso (offset=533)
2026-07-22 09:14:41,933 [INFO]   ✂ Testo troncato: indice estraneo '3.2 Pantograph Control' trovato a offset 507 — pagina parziale
2026-07-22 09:14:41,933 [INFO]   ✅✂ Pag.8: testo precedente a '3.2' incluso — poi STOP
2026-07-22 09:14:41,934 [INFO]   📖 Estratte pagine 7–8 (parziale inizio, parziale fine) da '3EST000225-7907.pdf'
2026-07-22 09:14:41,934 [INFO]   [VZ_FR] Estrazione pag.7...
2026-07-22 09:14:41,934 [INFO]   🔍 Ricerca locale per: https://gruppofsitaliane.sharepoint.com/:f:/r/sites/IngegneriaETReMezziLeggeri-T...
2026-07-22 09:14:41,935 [INFO]   📁 File trovato (percorso esatto): C:\Users\2954534.UTENTI\OneDrive - Gruppo Ferrovie Dello Stato\Documenti - Ingegneria ETR - Trenitalia\DB_ETR1000\DOC_FLOTTE\VZ_FR\CONFIG\FRS\3ECP413571-0401.pdf
2026-07-22 09:14:41,951 [INFO]   🎯 Indice funzione: '3.1' (score=3, func_id='LV_Country_code_selection')
2026-07-22 09:14:41,951 [INFO]   📑 Strategia A — indice funzione: '3.1' su pag.7
2026-07-22 09:14:41,952 [INFO]   ✂ Pagina iniziale parziale: testo prima di '3.1' escluso (offset=533)
2026-07-22 09:14:41,955 [INFO]   ✂ Testo troncato: indice estraneo '3.2 Pantograph Control' trovato a offset 507 — pagina parziale
2026-07-22 09:14:41,955 [INFO]   ✅✂ Pag.8: testo precedente a '3.2' incluso — poi STOP
2026-07-22 09:14:41,956 [INFO]   📖 Estratte pagine 7–8 (parziale inizio, parziale fine) da '3ECP413571-0401.pdf'
2026-07-22 09:14:41,956 [INFO]   [VZ_ES] Estrazione pag.7...
2026-07-22 09:14:41,956 [INFO]   🔍 Ricerca locale per: https://gruppofsitaliane.sharepoint.com/:f:/r/sites/IngegneriaETReMezziLeggeri-T...
2026-07-22 09:14:41,957 [INFO]   📁 File trovato (percorso esatto): C:\Users\2954534.UTENTI\OneDrive - Gruppo Ferrovie Dello Stato\Documenti - Ingegneria ETR - Trenitalia\DB_ETR1000\DOC_FLOTTE\VZ_ES\CONFIG\FRS\3EGH489028-2358.pdf
2026-07-22 09:14:42,010 [INFO]   🎯 Indice funzione: '3.1' (score=3, func_id='LV_Country_code_selection')
2026-07-22 09:14:42,010 [INFO]   📑 Strategia A — indice funzione: '3.1' su pag.7
2026-07-22 09:14:42,011 [INFO]   ✂ Pagina iniziale parziale: testo prima di '3.1' escluso (offset=556)
2026-07-22 09:14:42,014 [INFO]   ✂ Testo troncato: indice estraneo '3.2 Pantograph Control' trovato a offset 528 — pagina parziale
2026-07-22 09:14:42,015 [INFO]   ✅✂ Pag.8: testo precedente a '3.2' incluso — poi STOP
2026-07-22 09:14:42,015 [INFO]   📖 Estratte pagine 7–8 (parziale inizio, parziale fine) da '3EGH489028-2358.pdf'
2026-07-22 09:14:42,015 [INFO]   [VZI-6_R1] Estrazione pag.12...
2026-07-22 09:14:42,015 [INFO]   🔍 Ricerca locale per: https://gruppofsitaliane.sharepoint.com/:f:/r/sites/IngegneriaETReMezziLeggeri-T...
2026-07-22 09:14:42,016 [INFO]   📁 File trovato (percorso esatto): C:\Users\2954534.UTENTI\OneDrive - Gruppo Ferrovie Dello Stato\Documenti - Ingegneria ETR - Trenitalia\DB_ETR1000\DOC_FLOTTE\VZI-6_R1\CONFIG\FRS\FA020022045.pdf
2026-07-22 09:14:42,059 [INFO]   🎯 Indice funzione: '3.1' (score=3, func_id='LV_Country_code_selection')
2026-07-22 09:14:42,059 [INFO]   📑 Strategia A — indice funzione: '3.1' su pag.12
2026-07-22 09:14:42,059 [INFO]   ✂ Pagina iniziale parziale: testo prima di '3.1' escluso (offset=186)
2026-07-22 09:14:42,066 [INFO]   ✂ Testo troncato: indice estraneo '3.2 Pantograph Control' trovato a offset 1599 — pagina parziale
2026-07-22 09:14:42,066 [INFO]   ✅✂ Pag.13: testo precedente a '3.2' incluso — poi STOP
2026-07-22 09:14:42,069 [INFO]   📖 Estratte pagine 12–13 (parziale inizio, parziale fine) da 'FA020022045.pdf'
2026-07-22 09:14:42,070 [INFO]   Testi: 4/4
2026-07-22 09:14:42,071 [INFO]   [parse] [VZI_Base] ✅ Parsing regex OK — campi valorizzati: 3/16
2026-07-22 09:14:42,072 [INFO]   [parse] [VZ_FR] ✅ Parsing regex OK — campi valorizzati: 3/16
2026-07-22 09:14:42,073 [INFO]   [parse] [VZ_ES] ✅ Parsing regex OK — campi valorizzati: 3/16
2026-07-22 09:14:42,074 [INFO]   [parse] [VZI-6_R1] ✅ Parsing regex OK — campi valorizzati: 3/16
2026-07-22 09:14:42,074 [INFO]   [det] VZI_Base vs VZ_FR: ✅ Nessuna diff. funzionale oggettiva
2026-07-22 09:14:42,074 [INFO]   [det] VZI_Base vs VZ_ES: ✅ Nessuna diff. funzionale oggettiva
2026-07-22 09:14:42,075 [INFO]   [det] VZI_Base vs VZI-6_R1: ✅ Nessuna diff. funzionale oggettiva
2026-07-22 09:14:42,075 [INFO]   [det] VZ_FR vs VZ_ES: ✅ Nessuna diff. funzionale oggettiva
2026-07-22 09:14:42,075 [INFO]   [det] VZ_FR vs VZI-6_R1: ✅ Nessuna diff. funzionale oggettiva
2026-07-22 09:14:42,075 [INFO]   [det] VZ_ES vs VZI-6_R1: ✅ Nessuna diff. funzionale oggettiva
2026-07-22 09:14:42,075 [INFO]   ✅ Nessuna diff. oggettiva
2026-07-22 09:14:42,076 [INFO]   Chiamata Ollama (unica per questo gruppo, 4 config in parallelo nel prompt)...
2026-07-22 09:14:42,076 [INFO]   Ollama: analisi funzionale gruppo LV_Country_code_selection (4 config in un unico prompt)...
2026-07-22 09:19:39,480 [INFO] HTTP Request: POST http://127.0.0.1:11434/api/chat "HTTP/1.1 200 OK"
2026-07-22 09:19:39,482 [INFO]   ✅ Risultato in cache — score=85, equivalenti=True
2026-07-22 09:19:39,482 [INFO] ───────────────────────────────────────────────────────
2026-07-22 09:19:39,483 [INFO]   CONFIG      : VZI_Base
2026-07-22 09:19:39,483 [INFO]   SCORE       : 85/100
2026-07-22 09:19:39,483 [INFO]   DECISIONE   : ⚫ NON CLASSIFICABILE
2026-07-22 09:19:39,483 [INFO]   MOTIVAZIONE : Score 85 ma 4 categorie DIFFERENT — caso contraddittorio, revisione manuale.
2026-07-22 09:19:39,483 [INFO]   CHECKLIST   :
2026-07-22 09:19:39,483 [INFO]     Scopo funzionale              : IDENTICAL
2026-07-22 09:19:39,484 [INFO]     Logica operativa              : DIFFERENT
2026-07-22 09:19:39,484 [INFO]     Prestazioni                   : DIFFERENT
2026-07-22 09:19:39,484 [INFO]     Comportamento in guasto       : DIFFERENT
2026-07-22 09:19:39,484 [INFO]     Diagnostica                   : DIFFERENT
2026-07-22 09:19:39,484 [INFO]     Sicurezza                     : IDENTICAL
2026-07-22 09:19:39,485 [INFO]   DIFF FUNZIONALI:
2026-07-22 09:19:39,485 [INFO]     • {'category': 'operational_logic', 'description': 'La logica operativa è diversa tra VZI_Base e VZI-6_R1, poiché la VZI-6_R1 ha una selezione più avanzata del codice paese.'}
2026-07-22 09:19:39,485 [INFO]     • {'category': 'performance', 'description': 'Le prestazioni sono diverse tra VZI_Base e VZI-6_R1, poiché la VZI-6_R1 ha un sistema di gestione più complesso delle prestazioni.'}
2026-07-22 09:19:39,486 [INFO]     • {'category': 'failure_handling', 'description': 'La gestione degli errori è diversa tra VZI_Base e VZI-6_R1, poiché la VZI-6_R1 ha un sistema di allarme più avanzato.'}
2026-07-22 09:19:39,486 [INFO] ───────────────────────────────────────────────────────
2026-07-22 09:19:39,486 [INFO]   [VZI_Base] ⚫ NERO (incerto) | Score: 85
2026-07-22 09:19:40,487 [INFO]   [VZ_FR] Da cache (score=85)
2026-07-22 09:19:40,487 [INFO] ───────────────────────────────────────────────────────
2026-07-22 09:19:40,487 [INFO]   CONFIG      : VZ_FR
2026-07-22 09:19:40,487 [INFO]   SCORE       : 85/100
2026-07-22 09:19:40,487 [INFO]   DECISIONE   : ⚫ NON CLASSIFICABILE
2026-07-22 09:19:40,487 [INFO]   MOTIVAZIONE : Score 85 ma 4 categorie DIFFERENT — caso contraddittorio, revisione manuale.
2026-07-22 09:19:40,488 [INFO]   CHECKLIST   :
2026-07-22 09:19:40,488 [INFO]     Scopo funzionale              : IDENTICAL
2026-07-22 09:19:40,488 [INFO]     Logica operativa              : DIFFERENT
2026-07-22 09:19:40,488 [INFO]     Prestazioni                   : DIFFERENT
2026-07-22 09:19:40,488 [INFO]     Comportamento in guasto       : DIFFERENT
2026-07-22 09:19:40,488 [INFO]     Diagnostica                   : DIFFERENT
2026-07-22 09:19:40,488 [INFO]     Sicurezza                     : IDENTICAL
2026-07-22 09:19:40,488 [INFO]   DIFF FUNZIONALI:
2026-07-22 09:19:40,489 [INFO]     • {'category': 'operational_logic', 'description': 'La logica operativa è diversa tra VZI_Base e VZI-6_R1, poiché la VZI-6_R1 ha una selezione più avanzata del codice paese.'}
2026-07-22 09:19:40,489 [INFO]     • {'category': 'performance', 'description': 'Le prestazioni sono diverse tra VZI_Base e VZI-6_R1, poiché la VZI-6_R1 ha un sistema di gestione più complesso delle prestazioni.'}
2026-07-22 09:19:40,489 [INFO]     • {'category': 'failure_handling', 'description': 'La gestione degli errori è diversa tra VZI_Base e VZI-6_R1, poiché la VZI-6_R1 ha un sistema di allarme più avanzato.'}
2026-07-22 09:19:40,489 [INFO] ───────────────────────────────────────────────────────
2026-07-22 09:19:40,490 [INFO]   [VZ_FR] ⚫ NERO (incerto) | Score: 85
2026-07-22 09:19:40,490 [INFO]   [VZ_ES] Da cache (score=85)
2026-07-22 09:19:40,490 [INFO] ───────────────────────────────────────────────────────
2026-07-22 09:19:40,490 [INFO]   CONFIG      : VZ_ES
2026-07-22 09:19:40,490 [INFO]   SCORE       : 85/100
2026-07-22 09:19:40,491 [INFO]   DECISIONE   : ⚫ NON CLASSIFICABILE
2026-07-22 09:19:40,491 [INFO]   MOTIVAZIONE : Score 85 ma 4 categorie DIFFERENT — caso contraddittorio, revisione manuale.
2026-07-22 09:19:40,491 [INFO]   CHECKLIST   :
2026-07-22 09:19:40,491 [INFO]     Scopo funzionale              : IDENTICAL
2026-07-22 09:19:40,491 [INFO]     Logica operativa              : DIFFERENT
2026-07-22 09:19:40,491 [INFO]     Prestazioni                   : DIFFERENT
2026-07-22 09:19:40,491 [INFO]     Comportamento in guasto       : DIFFERENT
2026-07-22 09:19:40,492 [INFO]     Diagnostica                   : DIFFERENT
2026-07-22 09:19:40,492 [INFO]     Sicurezza                     : IDENTICAL
2026-07-22 09:19:40,492 [INFO]   DIFF FUNZIONALI:
2026-07-22 09:19:40,492 [INFO]     • {'category': 'operational_logic', 'description': 'La logica operativa è diversa tra VZI_Base e VZI-6_R1, poiché la VZI-6_R1 ha una selezione più avanzata del codice paese.'}
2026-07-22 09:19:40,492 [INFO]     • {'category': 'performance', 'description': 'Le prestazioni sono diverse tra VZI_Base e VZI-6_R1, poiché la VZI-6_R1 ha un sistema di gestione più complesso delle prestazioni.'}
2026-07-22 09:19:40,492 [INFO]     • {'category': 'failure_handling', 'description': 'La gestione degli errori è diversa tra VZI_Base e VZI-6_R1, poiché la VZI-6_R1 ha un sistema di allarme più avanzato.'}
2026-07-22 09:19:40,492 [INFO] ───────────────────────────────────────────────────────
2026-07-22 09:19:40,493 [INFO]   [VZ_ES] ⚫ NERO (incerto) | Score: 85
2026-07-22 09:19:40,493 [INFO]   [VZI-6_R1] Da cache (score=85)
2026-07-22 09:19:40,493 [INFO] ───────────────────────────────────────────────────────
2026-07-22 09:19:40,493 [INFO]   CONFIG      : VZI-6_R1
2026-07-22 09:19:40,494 [INFO]   SCORE       : 85/100
2026-07-22 09:19:40,494 [INFO]   DECISIONE   : ⚫ NON CLASSIFICABILE
2026-07-22 09:19:40,494 [INFO]   MOTIVAZIONE : Score 85 ma 4 categorie DIFFERENT — caso contraddittorio, revisione manuale.
2026-07-22 09:19:40,494 [INFO]   CHECKLIST   :
2026-07-22 09:19:40,494 [INFO]     Scopo funzionale              : IDENTICAL
2026-07-22 09:19:40,494 [INFO]     Logica operativa              : DIFFERENT
2026-07-22 09:19:40,494 [INFO]     Prestazioni                   : DIFFERENT
2026-07-22 09:19:40,494 [INFO]     Comportamento in guasto       : DIFFERENT
2026-07-22 09:19:40,495 [INFO]     Diagnostica                   : DIFFERENT
2026-07-22 09:19:40,495 [INFO]     Sicurezza                     : IDENTICAL
2026-07-22 09:19:40,495 [INFO]   DIFF FUNZIONALI:
2026-07-22 09:19:40,495 [INFO]     • {'category': 'operational_logic', 'description': 'La logica operativa è diversa tra VZI_Base e VZI-6_R1, poiché la VZI-6_R1 ha una selezione più avanzata del codice paese.'}
2026-07-22 09:19:40,495 [INFO]     • {'category': 'performance', 'description': 'Le prestazioni sono diverse tra VZI_Base e VZI-6_R1, poiché la VZI-6_R1 ha un sistema di gestione più complesso delle prestazioni.'}
2026-07-22 09:19:40,495 [INFO]     • {'category': 'failure_handling', 'description': 'La gestione degli errori è diversa tra VZI_Base e VZI-6_R1, poiché la VZI-6_R1 ha un sistema di allarme più avanzato.'}
2026-07-22 09:19:40,495 [INFO] ───────────────────────────────────────────────────────
2026-07-22 09:19:40,496 [INFO]   [VZI-6_R1] ⚫ NERO (incerto) | Score: 85
2026-07-22 09:19:40,496 [INFO] 
═══════════════════════════════════════════════════════
  LV_Pantograph_Lifting / FRS_Line Voltage (4 config)
═══════════════════════════════════════════════════════
2026-07-22 09:19:40,496 [INFO]   [VZI_Base] Estrazione pag.8...
2026-07-22 09:19:40,496 [INFO]   🔍 Ricerca locale per: https://gruppofsitaliane.sharepoint.com/:f:/r/sites/IngegneriaETReMezziLeggeri-T...
2026-07-22 09:19:40,497 [INFO]   📁 File trovato (percorso esatto): C:\Users\2954534.UTENTI\OneDrive - Gruppo Ferrovie Dello Stato\Documenti - Ingegneria ETR - Trenitalia\DB_ETR1000\DOC_FLOTTE\VZI_Base\CONFIG\FRS\3EST000225-7907.pdf
2026-07-22 09:19:40,508 [INFO]   🎯 Indice funzione: '3.2.1' (score=2, func_id='LV_Pantograph_Lifting')
2026-07-22 09:19:40,508 [INFO]   📑 Strategia A — indice funzione: '3.2.1' su pag.8
2026-07-22 09:19:40,509 [INFO]   ✂ Pagina iniziale parziale: testo prima di '3.2.1' escluso (offset=530)
2026-07-22 09:19:40,532 [INFO]   ✂ Testo troncato: indice estraneo '3.2.2 Pantograph - Lowering' trovato a offset 778 — pagina parziale
2026-07-22 09:19:40,533 [INFO]   ✅✂ Pag.14: testo precedente a '3.2.2' incluso — poi STOP
2026-07-22 09:19:40,533 [INFO]   📖 Estratte pagine 8–14 (parziale inizio, parziale fine) da '3EST000225-7907.pdf'
2026-07-22 09:19:40,534 [INFO]   [VZ_FR] Estrazione pag.8...
2026-07-22 09:19:40,534 [INFO]   🔍 Ricerca locale per: https://gruppofsitaliane.sharepoint.com/:f:/r/sites/IngegneriaETReMezziLeggeri-T...
2026-07-22 09:19:40,535 [INFO]   📁 File trovato (percorso esatto): C:\Users\2954534.UTENTI\OneDrive - Gruppo Ferrovie Dello Stato\Documenti - Ingegneria ETR - Trenitalia\DB_ETR1000\DOC_FLOTTE\VZ_FR\CONFIG\FRS\3ECP413571-0401.pdf
2026-07-22 09:19:40,550 [INFO]   🎯 Indice funzione: '3.2.1' (score=2, func_id='LV_Pantograph_Lifting')
2026-07-22 09:19:40,550 [INFO]   📑 Strategia A — indice funzione: '3.2.1' su pag.8
2026-07-22 09:19:40,551 [INFO]   ✂ Pagina iniziale parziale: testo prima di '3.2.1' escluso (offset=530)
2026-07-22 09:19:40,583 [INFO]   ✂ Testo troncato: indice estraneo '3.2.2 Pantograph - Lowering' trovato a offset 508 — pagina parziale
2026-07-22 09:19:40,583 [INFO]   ✅✂ Pag.16: testo precedente a '3.2.2' incluso — poi STOP
2026-07-22 09:19:40,584 [INFO]   📖 Estratte pagine 8–16 (parziale inizio, parziale fine) da '3ECP413571-0401.pdf'
2026-07-22 09:19:40,584 [INFO]   [VZ_ES] Estrazione pag.8...
2026-07-22 09:19:40,584 [INFO]   🔍 Ricerca locale per: https://gruppofsitaliane.sharepoint.com/:f:/r/sites/IngegneriaETReMezziLeggeri-T...
2026-07-22 09:19:40,586 [INFO]   📁 File trovato (percorso esatto): C:\Users\2954534.UTENTI\OneDrive - Gruppo Ferrovie Dello Stato\Documenti - Ingegneria ETR - Trenitalia\DB_ETR1000\DOC_FLOTTE\VZ_ES\CONFIG\FRS\3EGH489028-2358.pdf
2026-07-22 09:19:40,616 [INFO]   🎯 Indice funzione: '3.2.1' (score=2, func_id='LV_Pantograph_Lifting')
2026-07-22 09:19:40,616 [INFO]   📑 Strategia A — indice funzione: '3.2.1' su pag.8
2026-07-22 09:19:40,617 [INFO]   ✂ Pagina iniziale parziale: testo prima di '3.2.1' escluso (offset=553)
2026-07-22 09:19:40,639 [INFO]   ✂ Testo troncato: indice estraneo '3.2.2 Pantograph - Lowering' trovato a offset 1112 — pagina parziale
2026-07-22 09:19:40,639 [INFO]   ✅✂ Pag.14: testo precedente a '3.2.2' incluso — poi STOP
2026-07-22 09:19:40,639 [INFO]   📖 Estratte pagine 8–14 (parziale inizio, parziale fine) da '3EGH489028-2358.pdf'
2026-07-22 09:19:40,639 [INFO]   [VZI-6_R1] Estrazione pag.13...
2026-07-22 09:19:40,639 [INFO]   🔍 Ricerca locale per: https://gruppofsitaliane.sharepoint.com/:f:/r/sites/IngegneriaETReMezziLeggeri-T...
2026-07-22 09:19:40,640 [INFO]   📁 File trovato (percorso esatto): C:\Users\2954534.UTENTI\OneDrive - Gruppo Ferrovie Dello Stato\Documenti - Ingegneria ETR - Trenitalia\DB_ETR1000\DOC_FLOTTE\VZI-6_R1\CONFIG\FRS\FA020022045.pdf
2026-07-22 09:19:40,683 [INFO]   🎯 Indice funzione: '3.2.1' (score=2, func_id='LV_Pantograph_Lifting')
2026-07-22 09:19:40,683 [INFO]   📑 Strategia A — indice funzione: '3.2.1' su pag.13
2026-07-22 09:19:40,684 [INFO]   ✂ Pagina iniziale parziale: testo prima di '3.2.1' escluso (offset=1624)
2026-07-22 09:19:40,695 [INFO]   ✅ Pag.14: '3.2.1.2' ⊆ '3.2.1' — inclusa
2026-07-22 09:19:40,736 [INFO]   ✂ Testo troncato: indice estraneo '3.2.2 Pantograph - Lowering' trovato a offset 2891 — pagina parziale
2026-07-22 09:19:40,736 [INFO]   ✅✂ Pag.19: testo precedente a '3.2.2' incluso — poi STOP
2026-07-22 09:19:40,741 [INFO]   📖 Estratte pagine 13–19 (parziale inizio, parziale fine) da 'FA020022045.pdf'
2026-07-22 09:19:40,741 [INFO]   Testi: 4/4
2026-07-22 09:19:40,749 [INFO]   [parse] [VZI_Base] ✅ Parsing regex OK — campi valorizzati: 4/16
2026-07-22 09:19:40,755 [INFO]   [parse] [VZ_FR] ✅ Parsing regex OK — campi valorizzati: 4/16
2026-07-22 09:19:40,762 [INFO]   [parse] [VZ_ES] ✅ Parsing regex OK — campi valorizzati: 4/16
2026-07-22 09:19:40,769 [INFO]   [parse] [VZI-6_R1] ✅ Parsing regex OK — campi valorizzati: 4/16
2026-07-22 09:19:40,770 [INFO]   [det] VZI_Base vs VZ_FR: ✅ Nessuna diff. funzionale oggettiva
2026-07-22 09:19:40,770 [INFO]   [det] VZI_Base vs VZ_ES: ✅ Nessuna diff. funzionale oggettiva
2026-07-22 09:19:40,770 [INFO]   [det] VZI_Base vs VZI-6_R1: ⚡ 2 diff. funzionali oggettive
2026-07-22 09:19:40,771 [INFO]   [det] VZ_FR vs VZ_ES: ✅ Nessuna diff. funzionale oggettiva
2026-07-22 09:19:40,771 [INFO]   [det] VZ_FR vs VZI-6_R1: ✅ Nessuna diff. funzionale oggettiva
2026-07-22 09:19:40,771 [INFO]   [det] VZ_ES vs VZI-6_R1: ✅ Nessuna diff. funzionale oggettiva
2026-07-22 09:19:40,771 [INFO]   ⚡ Diff. oggettive: 2 voci
2026-07-22 09:19:40,772 [INFO]   Chiamata Ollama (unica per questo gruppo, 4 config in parallelo nel prompt)...
2026-07-22 09:19:40,772 [INFO]   Ollama: analisi funzionale gruppo LV_Pantograph_Lifting (4 config in un unico prompt)...
2026-07-22 09:25:28,199 [INFO] HTTP Request: POST http://127.0.0.1:11434/api/chat "HTTP/1.1 200 OK"
2026-07-22 09:25:28,199 [INFO]   ✅ Risultato in cache — score=85, equivalenti=True
2026-07-22 09:25:28,200 [INFO] ───────────────────────────────────────────────────────
2026-07-22 09:25:28,200 [INFO]   CONFIG      : VZI_Base
2026-07-22 09:25:28,200 [INFO]   SCORE       : 85/100
2026-07-22 09:25:28,201 [INFO]   DECISIONE   : ⚫ NON CLASSIFICABILE
2026-07-22 09:25:28,201 [INFO]   MOTIVAZIONE : Score 85 ma 4 categorie DIFFERENT — caso contraddittorio, revisione manuale.
2026-07-22 09:25:28,201 [INFO]   CHECKLIST   :
2026-07-22 09:25:28,201 [INFO]     Scopo funzionale              : IDENTICAL
2026-07-22 09:25:28,201 [INFO]     Logica operativa              : DIFFERENT
2026-07-22 09:25:28,202 [INFO]     Prestazioni                   : IDENTICAL
2026-07-22 09:25:28,202 [INFO]     Comportamento in guasto       : DIFFERENT
2026-07-22 09:25:28,202 [INFO]     Diagnostica                   : DIFFERENT
2026-07-22 09:25:28,202 [INFO]     Sicurezza                     : DIFFERENT
2026-07-22 09:25:28,202 [INFO]   DIFF FUNZIONALI:
2026-07-22 09:25:28,203 [INFO]     • {'category': 'operational_logic', 'description': 'Differenza nella logica di operazione per la configurazione AC e DC'}
2026-07-22 09:25:28,203 [INFO]     • {'category': 'failure_handling', 'description': 'Differenza nella gestione delle fallimenti per la configurazione AC e DC'}
2026-07-22 09:25:28,203 [INFO]     • {'category': 'diagnostics', 'description': 'Differenza nella gestione dei diagnostiche per la configurazione AC e DC'}
2026-07-22 09:25:28,203 [INFO]   DIFF PARAMETRICHE:
2026-07-22 09:25:28,203 [INFO]     • [thresholds/parametri numerici] Solo in VZI_Base: 15kv
2026-07-22 09:25:28,204 [INFO]     • [thresholds/parametri numerici] Solo in VZI-6_R1: 1,5kv, 800v
2026-07-22 09:25:28,204 [INFO] ───────────────────────────────────────────────────────
2026-07-22 09:25:28,204 [INFO]   [VZI_Base] ⚫ NERO (incerto) | Score: 85
2026-07-22 09:25:29,205 [INFO]   [VZ_FR] Da cache (score=85)
2026-07-22 09:25:29,206 [INFO] ───────────────────────────────────────────────────────
2026-07-22 09:25:29,207 [INFO]   CONFIG      : VZ_FR
2026-07-22 09:25:29,207 [INFO]   SCORE       : 85/100
2026-07-22 09:25:29,209 [INFO]   DECISIONE   : ⚫ NON CLASSIFICABILE
2026-07-22 09:25:29,209 [INFO]   MOTIVAZIONE : Score 85 ma 4 categorie DIFFERENT — caso contraddittorio, revisione manuale.
2026-07-22 09:25:29,209 [INFO]   CHECKLIST   :
2026-07-22 09:25:29,210 [INFO]     Scopo funzionale              : IDENTICAL
2026-07-22 09:25:29,211 [INFO]     Logica operativa              : DIFFERENT
2026-07-22 09:25:29,211 [INFO]     Prestazioni                   : IDENTICAL
2026-07-22 09:25:29,212 [INFO]     Comportamento in guasto       : DIFFERENT
2026-07-22 09:25:29,213 [INFO]     Diagnostica                   : DIFFERENT
2026-07-22 09:25:29,214 [INFO]     Sicurezza                     : DIFFERENT
2026-07-22 09:25:29,215 [INFO]   DIFF FUNZIONALI:
2026-07-22 09:25:29,215 [INFO]     • {'category': 'operational_logic', 'description': 'Differenza nella logica di operazione per la configurazione AC e DC'}
2026-07-22 09:25:29,215 [INFO]     • {'category': 'failure_handling', 'description': 'Differenza nella gestione delle fallimenti per la configurazione AC e DC'}
2026-07-22 09:25:29,216 [INFO]     • {'category': 'diagnostics', 'description': 'Differenza nella gestione dei diagnostiche per la configurazione AC e DC'}
2026-07-22 09:25:29,217 [INFO]   DIFF PARAMETRICHE:
2026-07-22 09:25:29,217 [INFO]     • [thresholds/parametri numerici] Solo in VZI_Base: 15kv
2026-07-22 09:25:29,218 [INFO]     • [thresholds/parametri numerici] Solo in VZI-6_R1: 1,5kv, 800v
2026-07-22 09:25:29,219 [INFO] ───────────────────────────────────────────────────────
2026-07-22 09:25:29,220 [INFO]   [VZ_FR] ⚫ NERO (incerto) | Score: 85
2026-07-22 09:25:29,220 [INFO]   [VZ_ES] Da cache (score=85)
2026-07-22 09:25:29,221 [INFO] ───────────────────────────────────────────────────────
2026-07-22 09:25:29,221 [INFO]   CONFIG      : VZ_ES
2026-07-22 09:25:29,221 [INFO]   SCORE       : 85/100
2026-07-22 09:25:29,221 [INFO]   DECISIONE   : ⚫ NON CLASSIFICABILE
2026-07-22 09:25:29,222 [INFO]   MOTIVAZIONE : Score 85 ma 4 categorie DIFFERENT — caso contraddittorio, revisione manuale.
2026-07-22 09:25:29,222 [INFO]   CHECKLIST   :
2026-07-22 09:25:29,222 [INFO]     Scopo funzionale              : IDENTICAL
2026-07-22 09:25:29,223 [INFO]     Logica operativa              : DIFFERENT
2026-07-22 09:25:29,223 [INFO]     Prestazioni                   : IDENTICAL
2026-07-22 09:25:29,223 [INFO]     Comportamento in guasto       : DIFFERENT
2026-07-22 09:25:29,224 [INFO]     Diagnostica                   : DIFFERENT
2026-07-22 09:25:29,224 [INFO]     Sicurezza                     : DIFFERENT
2026-07-22 09:25:29,225 [INFO]   DIFF FUNZIONALI:
2026-07-22 09:25:29,225 [INFO]     • {'category': 'operational_logic', 'description': 'Differenza nella logica di operazione per la configurazione AC e DC'}
2026-07-22 09:25:29,225 [INFO]     • {'category': 'failure_handling', 'description': 'Differenza nella gestione delle fallimenti per la configurazione AC e DC'}
2026-07-22 09:25:29,225 [INFO]     • {'category': 'diagnostics', 'description': 'Differenza nella gestione dei diagnostiche per la configurazione AC e DC'}
2026-07-22 09:25:29,226 [INFO]   DIFF PARAMETRICHE:
2026-07-22 09:25:29,226 [INFO]     • [thresholds/parametri numerici] Solo in VZI_Base: 15kv
2026-07-22 09:25:29,226 [INFO]     • [thresholds/parametri numerici] Solo in VZI-6_R1: 1,5kv, 800v
2026-07-22 09:25:29,227 [INFO] ───────────────────────────────────────────────────────
2026-07-22 09:25:29,227 [INFO]   [VZ_ES] ⚫ NERO (incerto) | Score: 85
2026-07-22 09:25:29,227 [INFO]   [VZI-6_R1] Da cache (score=85)
2026-07-22 09:25:29,228 [INFO] ───────────────────────────────────────────────────────
2026-07-22 09:25:29,228 [INFO]   CONFIG      : VZI-6_R1
2026-07-22 09:25:29,228 [INFO]   SCORE       : 85/100
2026-07-22 09:25:29,229 [INFO]   DECISIONE   : ⚫ NON CLASSIFICABILE
2026-07-22 09:25:29,229 [INFO]   MOTIVAZIONE : Score 85 ma 4 categorie DIFFERENT — caso contraddittorio, revisione manuale.
2026-07-22 09:25:29,229 [INFO]   CHECKLIST   :
2026-07-22 09:25:29,229 [INFO]     Scopo funzionale              : IDENTICAL
2026-07-22 09:25:29,230 [INFO]     Logica operativa              : DIFFERENT
2026-07-22 09:25:29,230 [INFO]     Prestazioni                   : IDENTICAL
2026-07-22 09:25:29,230 [INFO]     Comportamento in guasto       : DIFFERENT
2026-07-22 09:25:29,231 [INFO]     Diagnostica                   : DIFFERENT
2026-07-22 09:25:29,231 [INFO]     Sicurezza                     : DIFFERENT
2026-07-22 09:25:29,231 [INFO]   DIFF FUNZIONALI:
2026-07-22 09:25:29,231 [INFO]     • {'category': 'operational_logic', 'description': 'Differenza nella logica di operazione per la configurazione AC e DC'}
2026-07-22 09:25:29,232 [INFO]     • {'category': 'failure_handling', 'description': 'Differenza nella gestione delle fallimenti per la configurazione AC e DC'}
2026-07-22 09:25:29,232 [INFO]     • {'category': 'diagnostics', 'description': 'Differenza nella gestione dei diagnostiche per la configurazione AC e DC'}
2026-07-22 09:25:29,232 [INFO]   DIFF PARAMETRICHE:
2026-07-22 09:25:29,232 [INFO]     • [thresholds/parametri numerici] Solo in VZI_Base: 15kv
2026-07-22 09:25:29,233 [INFO]     • [thresholds/parametri numerici] Solo in VZI-6_R1: 1,5kv, 800v
2026-07-22 09:25:29,233 [INFO] ───────────────────────────────────────────────────────
2026-07-22 09:25:29,233 [INFO]   [VZI-6_R1] ⚫ NERO (incerto) | Score: 85
2026-07-22 09:25:29,233 [INFO] 
═══════════════════════════════════════════════════════
  LV_Pantograph_Lowering / FRS_Line Voltage (4 config)
═══════════════════════════════════════════════════════
2026-07-22 09:25:29,234 [INFO]   [VZI_Base] Estrazione pag.14...
2026-07-22 09:25:29,234 [INFO]   🔍 Ricerca locale per: https://gruppofsitaliane.sharepoint.com/:f:/r/sites/IngegneriaETReMezziLeggeri-T...
2026-07-22 09:25:29,235 [INFO]   📁 File trovato (percorso esatto): C:\Users\2954534.UTENTI\OneDrive - Gruppo Ferrovie Dello Stato\Documenti - Ingegneria ETR - Trenitalia\DB_ETR1000\DOC_FLOTTE\VZI_Base\CONFIG\FRS\3EST000225-7907.pdf
2026-07-22 09:25:29,251 [INFO]   🎯 Indice funzione: '3.2.2' (score=2, func_id='LV_Pantograph_Lowering')
2026-07-22 09:25:29,251 [INFO]   📑 Strategia A — indice funzione: '3.2.2' su pag.14
2026-07-22 09:25:29,251 [INFO]   ✂ Pagina iniziale parziale: testo prima di '3.2.2' escluso (offset=778)
2026-07-22 09:25:29,264 [INFO]   ✂ Testo troncato: indice estraneo '3.2.3 Automatic Dropping Device (ADD)' trovato a offset 1668 — pagina parziale
2026-07-22 09:25:29,264 [INFO]   ✅✂ Pag.16: testo precedente a '3.2.3' incluso — poi STOP
2026-07-22 09:25:29,265 [INFO]   📖 Estratte pagine 14–16 (parziale inizio, parziale fine) da '3EST000225-7907.pdf'
2026-07-22 09:25:29,265 [INFO]   [VZ_FR] Estrazione pag.16...
2026-07-22 09:25:29,265 [INFO]   🔍 Ricerca locale per: https://gruppofsitaliane.sharepoint.com/:f:/r/sites/IngegneriaETReMezziLeggeri-T...
2026-07-22 09:25:29,266 [INFO]   📁 File trovato (percorso esatto): C:\Users\2954534.UTENTI\OneDrive - Gruppo Ferrovie Dello Stato\Documenti - Ingegneria ETR - Trenitalia\DB_ETR1000\DOC_FLOTTE\VZ_FR\CONFIG\FRS\3ECP413571-0401.pdf
2026-07-22 09:25:29,275 [INFO]   🎯 Indice funzione: '3.2.2' (score=2, func_id='LV_Pantograph_Lowering')
2026-07-22 09:25:29,276 [INFO]   📑 Strategia A — indice funzione: '3.2.2' su pag.16
2026-07-22 09:25:29,277 [INFO]   ✂ Pagina iniziale parziale: testo prima di '3.2.2' escluso (offset=508)
2026-07-22 09:25:29,286 [INFO]   ✂ Testo troncato: indice estraneo '3.2.3 Automatic Dropping Device (ADD)' trovato a offset 1665 — pagina parziale
2026-07-22 09:25:29,287 [INFO]   ✅✂ Pag.18: testo precedente a '3.2.3' incluso — poi STOP
2026-07-22 09:25:29,287 [INFO]   📖 Estratte pagine 16–18 (parziale inizio, parziale fine) da '3ECP413571-0401.pdf'
2026-07-22 09:25:29,287 [INFO]   [VZ_ES] Estrazione pag.14...
2026-07-22 09:25:29,287 [INFO]   🔍 Ricerca locale per: https://gruppofsitaliane.sharepoint.com/:f:/r/sites/IngegneriaETReMezziLeggeri-T...
2026-07-22 09:25:29,288 [INFO]   📁 File trovato (percorso esatto): C:\Users\2954534.UTENTI\OneDrive - Gruppo Ferrovie Dello Stato\Documenti - Ingegneria ETR - Trenitalia\DB_ETR1000\DOC_FLOTTE\VZ_ES\CONFIG\FRS\3EGH489028-2358.pdf
2026-07-22 09:25:29,306 [INFO]   🎯 Indice funzione: '3.2.2' (score=2, func_id='LV_Pantograph_Lowering')
2026-07-22 09:25:29,307 [INFO]   📑 Strategia A — indice funzione: '3.2.2' su pag.14
2026-07-22 09:25:29,307 [INFO]   ✂ Pagina iniziale parziale: testo prima di '3.2.2' escluso (offset=1112)
2026-07-22 09:25:29,315 [INFO]   ✂ Testo troncato: indice estraneo '3.2.3 Automatic Dropping Device (ADD)' trovato a offset 1751 — pagina parziale
2026-07-22 09:25:29,315 [INFO]   ✅✂ Pag.16: testo precedente a '3.2.3' incluso — poi STOP
2026-07-22 09:25:29,316 [INFO]   📖 Estratte pagine 14–16 (parziale inizio, parziale fine) da '3EGH489028-2358.pdf'
2026-07-22 09:25:29,317 [INFO]   [VZI-6_R1] Estrazione pag.19...
2026-07-22 09:25:29,317 [INFO]   🔍 Ricerca locale per: https://gruppofsitaliane.sharepoint.com/:f:/r/sites/IngegneriaETReMezziLeggeri-T...
2026-07-22 09:25:29,317 [INFO]   📁 File trovato (percorso esatto): C:\Users\2954534.UTENTI\OneDrive - Gruppo Ferrovie Dello Stato\Documenti - Ingegneria ETR - Trenitalia\DB_ETR1000\DOC_FLOTTE\VZI-6_R1\CONFIG\FRS\FA020022045.pdf
2026-07-22 09:25:29,349 [INFO]   🎯 Indice funzione: '3.2.2' (score=2, func_id='LV_Pantograph_Lowering')
2026-07-22 09:25:29,349 [INFO]   📑 Strategia A — indice funzione: '3.2.2' su pag.19
2026-07-22 09:25:29,350 [INFO]   ✂ Pagina iniziale parziale: testo prima di '3.2.2' escluso (offset=2891)
2026-07-22 09:25:29,360 [INFO]   ✅ Pag.20: '3.2.2.1.2' ⊆ '3.2.2' — inclusa
2026-07-22 09:25:29,375 [INFO]   ✂ Testo troncato: indice estraneo '3.2.3 Automatic Dropping Device (ADD)' trovato a offset 269 — pagina parziale
2026-07-22 09:25:29,375 [INFO]   ✅✂ Pag.22: testo precedente a '3.2.3' incluso — poi STOP
2026-07-22 09:25:29,380 [INFO]   📖 Estratte pagine 19–22 (parziale inizio, parziale fine) da 'FA020022045.pdf'
2026-07-22 09:25:29,380 [INFO]   Testi: 4/4
2026-07-22 09:25:29,384 [INFO]   [parse] [VZI_Base] ✅ Parsing regex OK — campi valorizzati: 4/16
2026-07-22 09:25:29,387 [INFO]   [parse] [VZ_FR] ✅ Parsing regex OK — campi valorizzati: 4/16
2026-07-22 09:25:29,390 [INFO]   [parse] [VZ_ES] ✅ Parsing regex OK — campi valorizzati: 4/16
2026-07-22 09:25:29,393 [INFO]   [parse] [VZI-6_R1] ✅ Parsing regex OK — campi valorizzati: 4/16
2026-07-22 09:25:29,393 [INFO]   [det] VZI_Base vs VZ_FR: ✅ Nessuna diff. funzionale oggettiva
2026-07-22 09:25:29,393 [INFO]   [det] VZI_Base vs VZ_ES: ✅ Nessuna diff. funzionale oggettiva
2026-07-22 09:25:29,394 [INFO]   [det] VZI_Base vs VZI-6_R1: ✅ Nessuna diff. funzionale oggettiva
2026-07-22 09:25:29,394 [INFO]   [det] VZ_FR vs VZ_ES: ✅ Nessuna diff. funzionale oggettiva
2026-07-22 09:25:29,394 [INFO]   [det] VZ_FR vs VZI-6_R1: ✅ Nessuna diff. funzionale oggettiva
2026-07-22 09:25:29,394 [INFO]   [det] VZ_ES vs VZI-6_R1: ✅ Nessuna diff. funzionale oggettiva
2026-07-22 09:25:29,394 [INFO]   ✅ Nessuna diff. oggettiva
2026-07-22 09:25:29,395 [INFO]   Chiamata Ollama (unica per questo gruppo, 4 config in parallelo nel prompt)...
2026-07-22 09:25:29,395 [INFO]   Ollama: analisi funzionale gruppo LV_Pantograph_Lowering (4 config in un unico prompt)...
2026-07-22 09:30:39,419 [INFO] 
============================================================
2026-07-22 09:30:39,419 [INFO]   funzioni_ai_filter — avvio (versione ottimizzata)
2026-07-22 09:30:39,426 [INFO] ============================================================
2026-07-22 09:30:39,426 [INFO]   Excel     : C:\__SCRIPTS\AskTrainMind\DB Flotte ETR1000 Ver_1.7_00.xlsx
2026-07-22 09:30:39,426 [INFO]   AI model  : Ollama / llama3.2
2026-07-22 09:30:39,426 [INFO]   Partenza  : inizio foglio
2026-07-22 09:30:41,099 [INFO] HTTP Request: GET http://127.0.0.1:11434/api/tags "HTTP/1.1 200 OK"
2026-07-22 09:30:41,100 [INFO] ✅ Ollama OK — modello 'llama3.2' disponibile.
2026-07-22 09:30:41,793 [INFO]   [Cartelle] Base URL (da D5 data_only): https://gruppofsitaliane.sharepoint.com/:f:/r/sites/IngegneriaETReMezziLeggeri-Trenitalia/Shared%20Documents/DB_ETR1000/DOC_FLOTTE/
2026-07-22 09:30:41,793 [INFO]   [CONFIG] Configurazioni trovate in riga 1: ['VZI_Base', 'VZI_New14', 'VZ_FR', 'VZ_ES', 'VZI-6_R1', 'VZI-4_R1', 'VZ_DAI', 'VZ_Esxx']
2026-07-22 09:30:41,795 [INFO]   [CONFIG] 106 documenti caricati. Esempi: ['SW_Config', 'FPD_Drive Control', 'FPD_Conventional Train Control', 'FPD_Train Protection - ATP', 'FPD_TCMS Architecture', 'FPD_Propulsion and Auxiliary', 'FPD_Line Voltage', 'FPD_Auxiliary Electrical Supply']
2026-07-22 09:30:41,796 [INFO]   [MAN_CPR] Configurazioni trovate in riga 1: ['VZI_Base', 'VZI_New14', 'VZ_FR', 'VZ-ES', 'VZI-6_R1', 'VZI-4_R1']
2026-07-22 09:30:41,797 [INFO]   [MAN_CPR] 77 documenti caricati. Esempi: ['PBC_01A', 'PBC_01B', 'PBS_01A', 'MR1_01A', 'MR1_02A', 'MR1_03A', 'MR1_04A', 'MR1_05A']
2026-07-22 09:30:41,798 [INFO] Struttura foglio rilevata:
  FUNC ID=1, DESCRIZIONE=2, DOC CARTELLA=3, DOC ID=4, Info=5
  Configurazioni (6): ['VZI_Base', 'VZI_New14', 'VZ_FR', 'VZ_ES', 'VZI-6_R1', 'VZI-4_R1']
2026-07-22 09:30:41,798 [INFO] ▶ Elaborazione dall'inizio del foglio.
2026-07-22 09:30:41,799 [INFO]   Doc 'FS_DM1' [cartella: CONFIG] (riga 3): 2/6 configurazioni con link
2026-07-22 09:30:41,799 [INFO]   Doc 'FS_TT2' [cartella: CONFIG] (riga 7): 2/6 configurazioni con link
2026-07-22 09:30:41,799 [INFO]   Doc 'FRS_Brake Control' [cartella: CONFIG] (riga 11): 2/6 configurazioni con link
2026-07-22 09:30:41,800 [INFO]   Doc 'FPD_Brake Control' [cartella: CONFIG] (riga 14): 2/6 configurazioni con link
2026-07-22 09:30:41,800 [INFO]   Doc 'FS_DM1' [cartella: CONFIG] (riga 17): 2/6 configurazioni con link
2026-07-22 09:30:41,800 [INFO]   Doc 'FRS_Bogies' [cartella: CONFIG] (riga 21): 3/6 configurazioni con link
2026-07-22 09:30:41,800 [INFO]   Doc 'FPD_xx' [cartella: CONFIG] (riga 24): 0/6 configurazioni con link
2026-07-22 09:30:41,800 [INFO]   Doc 'FS_DM1' [cartella: CONFIG] (riga 27): 2/6 configurazioni con link
2026-07-22 09:30:41,801 [INFO]   Doc 'FRS_xx' [cartella: CONFIG] (riga 29): 0/6 configurazioni con link
2026-07-22 09:30:41,801 [INFO]   Doc 'FPD_xx' [cartella: CONFIG] (riga 31): 0/6 configurazioni con link
2026-07-22 09:30:41,801 [INFO]   Doc 'PBC_01A' [cartella: MAN_CPR] (riga 33): 2/6 configurazioni con link
2026-07-22 09:30:41,801 [INFO]   Doc 'DIA_Regole' [cartella: DIAGNOSTIC] (riga 36): 1/6 configurazioni con link
2026-07-22 09:30:41,802 [INFO]   Doc 'FD_TCMS' [cartella: GENERAL] (riga 38): 1/6 configurazioni con link
2026-07-22 09:30:41,802 [INFO]   Doc 'FRS_Line Voltage' [cartella: CONFIG] (riga 41): 4/6 configurazioni con link
2026-07-22 09:30:41,802 [INFO] 
───────────────────────────────────────────────────────
  FUNZIONE    : LV_Country_code_selection — Selezione su IDU del paese corrente, per informare
  DOCUMENTO   : FRS_Line Voltage
  DOC CARTELLA: CONFIG
  RIGA Doc    : 41 | RIGA AI: 43
───────────────────────────────────────────────────────
2026-07-22 09:30:41,802 [INFO]   [VZI_Base]
    URL    : https://gruppofsitaliane.sharepoint.com/:f:/r/sites/IngegneriaETReMezziLeggeri-Trenitalia/Shared%20Documents/DB_ETR1000/DOC_FLOTTE/VZI_Base/CONFIG/FRS/3EST000225-7907.pdf#page=7
    Pagina : '7' → 7
2026-07-22 09:30:41,802 [INFO]   [VZI_New14] nessun link — skip
2026-07-22 09:30:41,803 [INFO]   [VZ_FR]
    URL    : https://gruppofsitaliane.sharepoint.com/:f:/r/sites/IngegneriaETReMezziLeggeri-Trenitalia/Shared%20Documents/DB_ETR1000/DOC_FLOTTE/VZ_FR/CONFIG/FRS/3ECP413571-0401.pdf#page=7
    Pagina : '7' → 7
2026-07-22 09:30:41,803 [INFO]   [VZ_ES]
    URL    : https://gruppofsitaliane.sharepoint.com/:f:/r/sites/IngegneriaETReMezziLeggeri-Trenitalia/Shared%20Documents/DB_ETR1000/DOC_FLOTTE/VZ_ES/CONFIG/FRS/3EGH489028-2358.pdf#page=7
    Pagina : '7' → 7
2026-07-22 09:30:41,803 [INFO]   [VZI-6_R1]
    URL    : https://gruppofsitaliane.sharepoint.com/:f:/r/sites/IngegneriaETReMezziLeggeri-Trenitalia/Shared%20Documents/DB_ETR1000/DOC_FLOTTE/VZI-6_R1/CONFIG/FRS/FA020022045.pdf#page=12
    Pagina : '12' → 12
2026-07-22 09:30:41,803 [INFO]   [VZI-4_R1] nessun link — skip
2026-07-22 09:30:41,803 [INFO]   Doc 'FRS_Line Voltage' [cartella: CONFIG] (riga 45): 4/6 configurazioni con link
2026-07-22 09:30:41,803 [INFO] 
───────────────────────────────────────────────────────
  FUNZIONE    : LV_Pantograph_Lifting — Comando di alzamento pantografo 1 o 2 sulla base d
  DOCUMENTO   : FRS_Line Voltage
  DOC CARTELLA: CONFIG
  RIGA Doc    : 45 | RIGA AI: 47
───────────────────────────────────────────────────────
2026-07-22 09:30:41,803 [INFO]   [VZI_Base]
    URL    : https://gruppofsitaliane.sharepoint.com/:f:/r/sites/IngegneriaETReMezziLeggeri-Trenitalia/Shared%20Documents/DB_ETR1000/DOC_FLOTTE/VZI_Base/CONFIG/FRS/3EST000225-7907.pdf#page=8
    Pagina : '8' → 8
2026-07-22 09:30:41,803 [INFO]   [VZI_New14] nessun link — skip
2026-07-22 09:30:41,804 [INFO]   [VZ_FR]
    URL    : https://gruppofsitaliane.sharepoint.com/:f:/r/sites/IngegneriaETReMezziLeggeri-Trenitalia/Shared%20Documents/DB_ETR1000/DOC_FLOTTE/VZ_FR/CONFIG/FRS/3ECP413571-0401.pdf#page=8
    Pagina : '8' → 8
2026-07-22 09:30:41,804 [INFO]   [VZ_ES]
    URL    : https://gruppofsitaliane.sharepoint.com/:f:/r/sites/IngegneriaETReMezziLeggeri-Trenitalia/Shared%20Documents/DB_ETR1000/DOC_FLOTTE/VZ_ES/CONFIG/FRS/3EGH489028-2358.pdf#page=8
    Pagina : '8' → 8
2026-07-22 09:30:41,804 [INFO]   [VZI-6_R1]
    URL    : https://gruppofsitaliane.sharepoint.com/:f:/r/sites/IngegneriaETReMezziLeggeri-Trenitalia/Shared%20Documents/DB_ETR1000/DOC_FLOTTE/VZI-6_R1/CONFIG/FRS/FA020022045.pdf#page=13
    Pagina : '13' → 13
2026-07-22 09:30:41,804 [INFO]   [VZI-4_R1] nessun link — skip
2026-07-22 09:30:41,804 [INFO]   Doc 'FRS_Line Voltage' [cartella: CONFIG] (riga 49): 4/6 configurazioni con link
2026-07-22 09:30:41,804 [INFO] 
───────────────────────────────────────────────────────
  FUNZIONE    : LV_Pantograph_Lowering — Comando di abbassamento pantografo manuale/automat
  DOCUMENTO   : FRS_Line Voltage
  DOC CARTELLA: CONFIG
  RIGA Doc    : 49 | RIGA AI: 51
───────────────────────────────────────────────────────
2026-07-22 09:30:41,804 [INFO]   [VZI_Base]
    URL    : https://gruppofsitaliane.sharepoint.com/:f:/r/sites/IngegneriaETReMezziLeggeri-Trenitalia/Shared%20Documents/DB_ETR1000/DOC_FLOTTE/VZI_Base/CONFIG/FRS/3EST000225-7907.pdf#page=14
    Pagina : '14' → 14
2026-07-22 09:30:41,806 [INFO]   [VZI_New14] nessun link — skip
2026-07-22 09:30:41,806 [INFO]   [VZ_FR]
    URL    : https://gruppofsitaliane.sharepoint.com/:f:/r/sites/IngegneriaETReMezziLeggeri-Trenitalia/Shared%20Documents/DB_ETR1000/DOC_FLOTTE/VZ_FR/CONFIG/FRS/3ECP413571-0401.pdf#page=16
    Pagina : '16' → 16
2026-07-22 09:30:41,806 [INFO]   [VZ_ES]
    URL    : https://gruppofsitaliane.sharepoint.com/:f:/r/sites/IngegneriaETReMezziLeggeri-Trenitalia/Shared%20Documents/DB_ETR1000/DOC_FLOTTE/VZ_ES/CONFIG/FRS/3EGH489028-2358.pdf#page=14
    Pagina : '14' → 14
2026-07-22 09:30:41,806 [INFO]   [VZI-6_R1]
    URL    : https://gruppofsitaliane.sharepoint.com/:f:/r/sites/IngegneriaETReMezziLeggeri-Trenitalia/Shared%20Documents/DB_ETR1000/DOC_FLOTTE/VZI-6_R1/CONFIG/FRS/FA020022045.pdf#page=19
    Pagina : '19' → 19
2026-07-22 09:30:41,806 [INFO]   [VZI-4_R1] nessun link — skip
2026-07-22 09:30:41,806 [INFO]   Doc 'FRS_Line Voltage' [cartella: CONFIG] (riga 53): 4/6 configurazioni con link
2026-07-22 09:30:41,807 [INFO] 
───────────────────────────────────────────────────────
  FUNZIONE    : LV_Automatic_Dropping_Device_(ADD) — Dispositivo di abbassamento automatico del pantogr
  DOCUMENTO   : FRS_Line Voltage
  DOC CARTELLA: CONFIG
  RIGA Doc    : 53 | RIGA AI: 55
───────────────────────────────────────────────────────
2026-07-22 09:30:41,807 [INFO]   [VZI_Base]
    URL    : https://gruppofsitaliane.sharepoint.com/:f:/r/sites/IngegneriaETReMezziLeggeri-Trenitalia/Shared%20Documents/DB_ETR1000/DOC_FLOTTE/VZI_Base/CONFIG/FRS/3EST000225-7907.pdf#page=16
    Pagina : '16' → 16
2026-07-22 09:30:41,808 [INFO]   [VZI_New14] nessun link — skip
2026-07-22 09:30:41,808 [INFO]   [VZ_FR]
    URL    : https://gruppofsitaliane.sharepoint.com/:f:/r/sites/IngegneriaETReMezziLeggeri-Trenitalia/Shared%20Documents/DB_ETR1000/DOC_FLOTTE/VZ_FR/CONFIG/FRS/3ECP413571-0401.pdf#page=18
    Pagina : '18' → 18
2026-07-22 09:30:41,808 [INFO]   [VZ_ES]
    URL    : https://gruppofsitaliane.sharepoint.com/:f:/r/sites/IngegneriaETReMezziLeggeri-Trenitalia/Shared%20Documents/DB_ETR1000/DOC_FLOTTE/VZ_ES/CONFIG/FRS/3EGH489028-2358.pdf#page=16
    Pagina : '16' → 16
2026-07-22 09:30:41,808 [INFO]   [VZI-6_R1]
    URL    : https://gruppofsitaliane.sharepoint.com/:f:/r/sites/IngegneriaETReMezziLeggeri-Trenitalia/Shared%20Documents/DB_ETR1000/DOC_FLOTTE/VZI-6_R1/CONFIG/FRS/FA020022045.pdf#page=22
    Pagina : '22' → 22
2026-07-22 09:30:41,808 [INFO]   [VZI-4_R1] nessun link — skip
2026-07-22 09:30:41,809 [INFO]   Doc 'FRS_Line Voltage' [cartella: CONFIG] (riga 57): 4/6 configurazioni con link
2026-07-22 09:30:41,809 [INFO] 
───────────────────────────────────────────────────────
  FUNZIONE    : LV_Pantograph_Interlock — Interblocco automatico dei pantografi in caso di g
  DOCUMENTO   : FRS_Line Voltage
  DOC CARTELLA: CONFIG
  RIGA Doc    : 57 | RIGA AI: 59
───────────────────────────────────────────────────────
2026-07-22 09:30:41,809 [INFO]   [VZI_Base]
    URL    : https://gruppofsitaliane.sharepoint.com/:f:/r/sites/IngegneriaETReMezziLeggeri-Trenitalia/Shared%20Documents/DB_ETR1000/DOC_FLOTTE/VZI_Base/CONFIG/FRS/3EST000225-7907.pdf#page=18
    Pagina : '18' → 18
2026-07-22 09:30:41,809 [INFO]   [VZI_New14] nessun link — skip
2026-07-22 09:30:41,809 [INFO]   [VZ_FR]
    URL    : https://gruppofsitaliane.sharepoint.com/:f:/r/sites/IngegneriaETReMezziLeggeri-Trenitalia/Shared%20Documents/DB_ETR1000/DOC_FLOTTE/VZ_FR/CONFIG/FRS/3ECP413571-0401.pdf#page=21
    Pagina : '21' → 21
2026-07-22 09:30:41,810 [INFO]   [VZ_ES]
    URL    : https://gruppofsitaliane.sharepoint.com/:f:/r/sites/IngegneriaETReMezziLeggeri-Trenitalia/Shared%20Documents/DB_ETR1000/DOC_FLOTTE/VZ_ES/CONFIG/FRS/3EGH489028-2358.pdf#page=21
    Pagina : '21' → 21
2026-07-22 09:30:41,810 [INFO]   [VZI-6_R1]
    URL    : https://gruppofsitaliane.sharepoint.com/:f:/r/sites/IngegneriaETReMezziLeggeri-Trenitalia/Shared%20Documents/DB_ETR1000/DOC_FLOTTE/VZI-6_R1/CONFIG/FRS/FA020022045.pdf#page=26
    Pagina : '26' → 26
2026-07-22 09:30:41,810 [INFO]   [VZI-4_R1] nessun link — skip
2026-07-22 09:30:41,810 [INFO]   Doc 'FRS_Line Voltage' [cartella: CONFIG] (riga 61): 4/6 configurazioni con link
2026-07-22 09:30:41,811 [INFO] 
───────────────────────────────────────────────────────
  FUNZIONE    : LV_Pantograph_Selection — Selezione del pantografo in base al paese (tipolog
  DOCUMENTO   : FRS_Line Voltage
  DOC CARTELLA: CONFIG
  RIGA Doc    : 61 | RIGA AI: 63
───────────────────────────────────────────────────────
2026-07-22 09:30:41,811 [INFO]   [VZI_Base]
    URL    : https://gruppofsitaliane.sharepoint.com/:f:/r/sites/IngegneriaETReMezziLeggeri-Trenitalia/Shared%20Documents/DB_ETR1000/DOC_FLOTTE/VZI_Base/CONFIG/FRS/3EST000225-7907.pdf#page=20
    Pagina : '20' → 20
2026-07-22 09:30:41,811 [INFO]   [VZI_New14] nessun link — skip
2026-07-22 09:30:41,811 [INFO]   [VZ_FR]
    URL    : https://gruppofsitaliane.sharepoint.com/:f:/r/sites/IngegneriaETReMezziLeggeri-Trenitalia/Shared%20Documents/DB_ETR1000/DOC_FLOTTE/VZ_FR/CONFIG/FRS/3ECP413571-0401.pdf#page=22
    Pagina : '22' → 22
2026-07-22 09:30:41,811 [INFO]   [VZ_ES]
    URL    : https://gruppofsitaliane.sharepoint.com/:f:/r/sites/IngegneriaETReMezziLeggeri-Trenitalia/Shared%20Documents/DB_ETR1000/DOC_FLOTTE/VZ_ES/CONFIG/FRS/3EGH489028-2358.pdf#page=22
    Pagina : '22' → 22
2026-07-22 09:30:41,812 [INFO]   [VZI-6_R1]
    URL    : https://gruppofsitaliane.sharepoint.com/:f:/r/sites/IngegneriaETReMezziLeggeri-Trenitalia/Shared%20Documents/DB_ETR1000/DOC_FLOTTE/VZI-6_R1/CONFIG/FRS/FA020022045.pdf#page=28
    Pagina : '28' → 28
2026-07-22 09:30:41,812 [INFO]   [VZI-4_R1] nessun link — skip
2026-07-22 09:30:41,812 [INFO]   Doc 'FRS_Line Voltage' [cartella: CONFIG] (riga 65): 4/6 configurazioni con link
2026-07-22 09:30:41,812 [INFO] 
───────────────────────────────────────────────────────
  FUNZIONE    : LV_Pantograph_Control_of_Static_Contact_Force — Controllo della forza statica/pressione del pantog
  DOCUMENTO   : FRS_Line Voltage
  DOC CARTELLA: CONFIG
  RIGA Doc    : 65 | RIGA AI: 67
───────────────────────────────────────────────────────
2026-07-22 09:30:41,813 [INFO]   [VZI_Base]
    URL    : https://gruppofsitaliane.sharepoint.com/:f:/r/sites/IngegneriaETReMezziLeggeri-Trenitalia/Shared%20Documents/DB_ETR1000/DOC_FLOTTE/VZI_Base/CONFIG/FRS/3EST000225-7907.pdf#page=21
    Pagina : '21' → 21
2026-07-22 09:30:41,813 [INFO]   [VZI_New14] nessun link — skip
2026-07-22 09:30:41,813 [INFO]   [VZ_FR]
    URL    : https://gruppofsitaliane.sharepoint.com/:f:/r/sites/IngegneriaETReMezziLeggeri-Trenitalia/Shared%20Documents/DB_ETR1000/DOC_FLOTTE/VZ_FR/CONFIG/FRS/3ECP413571-0401.pdf#page=24
    Pagina : '24' → 24
2026-07-22 09:30:41,813 [INFO]   [VZ_ES]
    URL    : https://gruppofsitaliane.sharepoint.com/:f:/r/sites/IngegneriaETReMezziLeggeri-Trenitalia/Shared%20Documents/DB_ETR1000/DOC_FLOTTE/VZ_ES/CONFIG/FRS/3EGH489028-2358.pdf#page=23
    Pagina : '23' → 23
2026-07-22 09:30:41,813 [INFO]   [VZI-6_R1]
    URL    : https://gruppofsitaliane.sharepoint.com/:f:/r/sites/IngegneriaETReMezziLeggeri-Trenitalia/Shared%20Documents/DB_ETR1000/DOC_FLOTTE/VZI-6_R1/CONFIG/FRS/FA020022045.pdf#page=29
    Pagina : '29' → 29
2026-07-22 09:30:41,814 [INFO]   [VZI-4_R1] nessun link — skip
2026-07-22 09:30:41,814 [INFO]   Doc 'FRS_Line Voltage' [cartella: CONFIG] (riga 69): 4/6 configurazioni con link
2026-07-22 09:30:41,814 [INFO] 
───────────────────────────────────────────────────────
  FUNZIONE    : LV_Line_Voltage_Supervision — Controllo della tensione di linea tramite sensori 
  DOCUMENTO   : FRS_Line Voltage
  DOC CARTELLA: CONFIG
  RIGA Doc    : 69 | RIGA AI: 71
───────────────────────────────────────────────────────
2026-07-22 09:30:41,814 [INFO]   [VZI_Base]
    URL    : https://gruppofsitaliane.sharepoint.com/:f:/r/sites/IngegneriaETReMezziLeggeri-Trenitalia/Shared%20Documents/DB_ETR1000/DOC_FLOTTE/VZI_Base/CONFIG/FRS/3EST000225-7907.pdf#page=23
    Pagina : '23' → 23
2026-07-22 09:30:41,814 [INFO]   [VZI_New14] nessun link — skip
2026-07-22 09:30:41,814 [INFO]   [VZ_FR]
    URL    : https://gruppofsitaliane.sharepoint.com/:f:/r/sites/IngegneriaETReMezziLeggeri-Trenitalia/Shared%20Documents/DB_ETR1000/DOC_FLOTTE/VZ_FR/CONFIG/FRS/3ECP413571-0401.pdf#page=25
    Pagina : '25' → 25
2026-07-22 09:30:41,815 [INFO]   [VZ_ES]
    URL    : https://gruppofsitaliane.sharepoint.com/:f:/r/sites/IngegneriaETReMezziLeggeri-Trenitalia/Shared%20Documents/DB_ETR1000/DOC_FLOTTE/VZ_ES/CONFIG/FRS/3EGH489028-2358.pdf#page=24
    Pagina : '24' → 24
2026-07-22 09:30:41,815 [INFO]   [VZI-6_R1]
    URL    : https://gruppofsitaliane.sharepoint.com/:f:/r/sites/IngegneriaETReMezziLeggeri-Trenitalia/Shared%20Documents/DB_ETR1000/DOC_FLOTTE/VZI-6_R1/CONFIG/FRS/FA020022045.pdf#page=30
    Pagina : '30' → 30
2026-07-22 09:30:41,815 [INFO]   [VZI-4_R1] nessun link — skip
2026-07-22 09:30:41,815 [INFO]   Doc 'FRS_Line Voltage' [cartella: CONFIG] (riga 73): 4/6 configurazioni con link
2026-07-22 09:30:41,815 [INFO] 
───────────────────────────────────────────────────────
  FUNZIONE    : LV_Line_Current_Supervision — Controllo della corrente di linea
  DOCUMENTO   : FRS_Line Voltage
  DOC CARTELLA: CONFIG
  RIGA Doc    : 73 | RIGA AI: 75
───────────────────────────────────────────────────────
2026-07-22 09:30:41,816 [INFO]   [VZI_Base]
    URL    : https://gruppofsitaliane.sharepoint.com/:f:/r/sites/IngegneriaETReMezziLeggeri-Trenitalia/Shared%20Documents/DB_ETR1000/DOC_FLOTTE/VZI_Base/CONFIG/FRS/3EST000225-7907.pdf#page=25
    Pagina : '25' → 25
2026-07-22 09:30:41,816 [INFO]   [VZI_New14] nessun link — skip
2026-07-22 09:30:41,816 [INFO]   [VZ_FR]
    URL    : https://gruppofsitaliane.sharepoint.com/:f:/r/sites/IngegneriaETReMezziLeggeri-Trenitalia/Shared%20Documents/DB_ETR1000/DOC_FLOTTE/VZ_FR/CONFIG/FRS/3ECP413571-0401.pdf#page=29
    Pagina : '29' → 29
2026-07-22 09:30:41,816 [INFO]   [VZ_ES]
    URL    : https://gruppofsitaliane.sharepoint.com/:f:/r/sites/IngegneriaETReMezziLeggeri-Trenitalia/Shared%20Documents/DB_ETR1000/DOC_FLOTTE/VZ_ES/CONFIG/FRS/3EGH489028-2358.pdf#page=27
    Pagina : '27' → 27
2026-07-22 09:30:41,816 [INFO]   [VZI-6_R1]
    URL    : https://gruppofsitaliane.sharepoint.com/:f:/r/sites/IngegneriaETReMezziLeggeri-Trenitalia/Shared%20Documents/DB_ETR1000/DOC_FLOTTE/VZI-6_R1/CONFIG/FRS/FA020022045.pdf#page=36
    Pagina : '36' → 36
2026-07-22 09:30:41,816 [INFO]   [VZI-4_R1] nessun link — skip
2026-07-22 09:30:41,816 [INFO]   Doc 'FRS_Line Voltage' [cartella: CONFIG] (riga 77): 4/6 configurazioni con link
2026-07-22 09:30:41,816 [INFO] 
───────────────────────────────────────────────────────
  FUNZIONE    : LV_Line_Interference_Monitor — Controllo correnti/interferenze indesiderate di li
  DOCUMENTO   : FRS_Line Voltage
  DOC CARTELLA: CONFIG
  RIGA Doc    : 77 | RIGA AI: 79
───────────────────────────────────────────────────────
2026-07-22 09:30:41,817 [INFO]   [VZI_Base]
    URL    : https://gruppofsitaliane.sharepoint.com/:f:/r/sites/IngegneriaETReMezziLeggeri-Trenitalia/Shared%20Documents/DB_ETR1000/DOC_FLOTTE/VZI_Base/CONFIG/FRS/3EST000225-7907.pdf#page=27
    Pagina : '27' → 27
2026-07-22 09:30:41,817 [INFO]   [VZI_New14] nessun link — skip
2026-07-22 09:30:41,817 [INFO]   [VZ_FR]
    URL    : https://gruppofsitaliane.sharepoint.com/:f:/r/sites/IngegneriaETReMezziLeggeri-Trenitalia/Shared%20Documents/DB_ETR1000/DOC_FLOTTE/VZ_FR/CONFIG/FRS/3ECP413571-0401.pdf#page=31
    Pagina : '31' → 31
2026-07-22 09:30:41,817 [INFO]   [VZ_ES]
    URL    : https://gruppofsitaliane.sharepoint.com/:f:/r/sites/IngegneriaETReMezziLeggeri-Trenitalia/Shared%20Documents/DB_ETR1000/DOC_FLOTTE/VZ_ES/CONFIG/FRS/3EGH489028-2358.pdf#page=29
    Pagina : '29' → 29
2026-07-22 09:30:41,817 [INFO]   [VZI-6_R1]
    URL    : https://gruppofsitaliane.sharepoint.com/:f:/r/sites/IngegneriaETReMezziLeggeri-Trenitalia/Shared%20Documents/DB_ETR1000/DOC_FLOTTE/VZI-6_R1/CONFIG/FRS/FA020022045.pdf#page=39
    Pagina : '39' → 39
2026-07-22 09:30:41,817 [INFO]   [VZI-4_R1] nessun link — skip
2026-07-22 09:30:41,817 [INFO]   Doc 'FRS_Line Voltage' [cartella: CONFIG] (riga 81): 4/6 configurazioni con link
2026-07-22 09:30:41,818 [INFO] 
───────────────────────────────────────────────────────
  FUNZIONE    : LV_LIM_50Hz_protection_bypass — Bypass della protezione LIM 50 Hz
  DOCUMENTO   : FRS_Line Voltage
  DOC CARTELLA: CONFIG
  RIGA Doc    : 81 | RIGA AI: 83
───────────────────────────────────────────────────────
2026-07-22 09:30:41,818 [INFO]   [VZI_Base]
    URL    : https://gruppofsitaliane.sharepoint.com/:f:/r/sites/IngegneriaETReMezziLeggeri-Trenitalia/Shared%20Documents/DB_ETR1000/DOC_FLOTTE/VZI_Base/CONFIG/FRS/3EST000225-7907.pdf#page=29
    Pagina : '29' → 29
2026-07-22 09:30:41,818 [INFO]   [VZI_New14] nessun link — skip
2026-07-22 09:30:41,818 [INFO]   [VZ_FR]
    URL    : https://gruppofsitaliane.sharepoint.com/:f:/r/sites/IngegneriaETReMezziLeggeri-Trenitalia/Shared%20Documents/DB_ETR1000/DOC_FLOTTE/VZ_FR/CONFIG/FRS/3ECP413571-0401.pdf#page=34
    Pagina : '34' → 34
2026-07-22 09:30:41,818 [INFO]   [VZ_ES]
    URL    : https://gruppofsitaliane.sharepoint.com/:f:/r/sites/IngegneriaETReMezziLeggeri-Trenitalia/Shared%20Documents/DB_ETR1000/DOC_FLOTTE/VZ_ES/CONFIG/FRS/3EGH489028-2358.pdf#page=31
    Pagina : '31' → 31
2026-07-22 09:30:41,818 [INFO]   [VZI-6_R1]
    URL    : https://gruppofsitaliane.sharepoint.com/:f:/r/sites/IngegneriaETReMezziLeggeri-Trenitalia/Shared%20Documents/DB_ETR1000/DOC_FLOTTE/VZI-6_R1/CONFIG/FRS/FA020022045.pdf#page=42
    Pagina : '42' → 42
2026-07-22 09:30:41,818 [INFO]   [VZI-4_R1] nessun link — skip
2026-07-22 09:30:41,818 [INFO]   Doc 'FRS_Line Voltage' [cartella: CONFIG] (riga 85): 4/6 configurazioni con link
2026-07-22 09:30:41,818 [INFO] 
───────────────────────────────────────────────────────
  FUNZIONE    : LV_Neutral_Section_Passing — Gestione del passaggio in sezione neutra:
- automa
  DOCUMENTO   : FRS_Line Voltage
  DOC CARTELLA: CONFIG
  RIGA Doc    : 85 | RIGA AI: 87
───────────────────────────────────────────────────────
2026-07-22 09:30:41,818 [INFO]   [VZI_Base]
    URL    : https://gruppofsitaliane.sharepoint.com/:f:/r/sites/IngegneriaETReMezziLeggeri-Trenitalia/Shared%20Documents/DB_ETR1000/DOC_FLOTTE/VZI_Base/CONFIG/FRS/3EST000225-7907.pdf#page=30
    Pagina : '30' → 30
2026-07-22 09:30:41,819 [INFO]   [VZI_New14] nessun link — skip
2026-07-22 09:30:41,819 [INFO]   [VZ_FR]
    URL    : https://gruppofsitaliane.sharepoint.com/:f:/r/sites/IngegneriaETReMezziLeggeri-Trenitalia/Shared%20Documents/DB_ETR1000/DOC_FLOTTE/VZ_FR/CONFIG/FRS/3ECP413571-0401.pdf#page=35
    Pagina : '35' → 35
2026-07-22 09:30:41,819 [INFO]   [VZ_ES]
    URL    : https://gruppofsitaliane.sharepoint.com/:f:/r/sites/IngegneriaETReMezziLeggeri-Trenitalia/Shared%20Documents/DB_ETR1000/DOC_FLOTTE/VZ_ES/CONFIG/FRS/3EGH489028-2358.pdf#page=32
    Pagina : '32' → 32
2026-07-22 09:30:41,819 [INFO]   [VZI-6_R1]
    URL    : https://gruppofsitaliane.sharepoint.com/:f:/r/sites/IngegneriaETReMezziLeggeri-Trenitalia/Shared%20Documents/DB_ETR1000/DOC_FLOTTE/VZI-6_R1/CONFIG/FRS/FA020022045.pdf#page=43
    Pagina : '43' → 43
2026-07-22 09:30:41,819 [INFO]   [VZI-4_R1] nessun link — skip
2026-07-22 09:30:41,819 [INFO]   Doc 'FRS_Line Voltage' [cartella: CONFIG] (riga 89): 4/6 configurazioni con link
2026-07-22 09:30:41,819 [INFO] 
───────────────────────────────────────────────────────
  FUNZIONE    : LV_System_Selection — Selezione tramite commutatore a 4 posizioni della 
  DOCUMENTO   : FRS_Line Voltage
  DOC CARTELLA: CONFIG
  RIGA Doc    : 89 | RIGA AI: 91
───────────────────────────────────────────────────────
2026-07-22 09:30:41,820 [INFO]   [VZI_Base]
    URL    : https://gruppofsitaliane.sharepoint.com/:f:/r/sites/IngegneriaETReMezziLeggeri-Trenitalia/Shared%20Documents/DB_ETR1000/DOC_FLOTTE/VZI_Base/CONFIG/FRS/3EST000225-7907.pdf#page=34
    Pagina : '34' → 34
2026-07-22 09:30:41,820 [INFO]   [VZI_New14] nessun link — skip
2026-07-22 09:30:41,820 [INFO]   [VZ_FR]
    URL    : https://gruppofsitaliane.sharepoint.com/:f:/r/sites/IngegneriaETReMezziLeggeri-Trenitalia/Shared%20Documents/DB_ETR1000/DOC_FLOTTE/VZ_FR/CONFIG/FRS/3ECP413571-0401.pdf#page=39
    Pagina : '39' → 39
2026-07-22 09:30:41,820 [INFO]   [VZ_ES]
    URL    : https://gruppofsitaliane.sharepoint.com/:f:/r/sites/IngegneriaETReMezziLeggeri-Trenitalia/Shared%20Documents/DB_ETR1000/DOC_FLOTTE/VZ_ES/CONFIG/FRS/3EGH489028-2358.pdf#page=35
    Pagina : '35' → 35
2026-07-22 09:30:41,820 [INFO]   [VZI-6_R1]
    URL    : https://gruppofsitaliane.sharepoint.com/:f:/r/sites/IngegneriaETReMezziLeggeri-Trenitalia/Shared%20Documents/DB_ETR1000/DOC_FLOTTE/VZI-6_R1/CONFIG/FRS/FA020022045.pdf#page=47
    Pagina : '47' → 47
2026-07-22 09:30:41,820 [INFO]   [VZI-4_R1] nessun link — skip
2026-07-22 09:30:41,821 [INFO]   Doc 'FRS_Line Voltage' [cartella: CONFIG] (riga 93): 4/6 configurazioni con link
2026-07-22 09:30:41,821 [INFO] 
───────────────────────────────────────────────────────
  FUNZIONE    : LV_Line_Circuit_Breaker_Closing — Chiusura dell’interruttore di linea (LCB) per coll
  DOCUMENTO   : FRS_Line Voltage
  DOC CARTELLA: CONFIG
  RIGA Doc    : 93 | RIGA AI: 95
───────────────────────────────────────────────────────
2026-07-22 09:30:41,821 [INFO]   [VZI_Base]
    URL    : https://gruppofsitaliane.sharepoint.com/:f:/r/sites/IngegneriaETReMezziLeggeri-Trenitalia/Shared%20Documents/DB_ETR1000/DOC_FLOTTE/VZI_Base/CONFIG/FRS/3EST000225-7907.pdf#page=37
    Pagina : '37' → 37
2026-07-22 09:30:41,821 [INFO]   [VZI_New14] nessun link — skip
2026-07-22 09:30:41,821 [INFO]   [VZ_FR]
    URL    : https://gruppofsitaliane.sharepoint.com/:f:/r/sites/IngegneriaETReMezziLeggeri-Trenitalia/Shared%20Documents/DB_ETR1000/DOC_FLOTTE/VZ_FR/CONFIG/FRS/3ECP413571-0401.pdf#page=42
    Pagina : '42' → 42
2026-07-22 09:30:41,821 [INFO]   [VZ_ES]
    URL    : https://gruppofsitaliane.sharepoint.com/:f:/r/sites/IngegneriaETReMezziLeggeri-Trenitalia/Shared%20Documents/DB_ETR1000/DOC_FLOTTE/VZ_ES/CONFIG/FRS/3EGH489028-2358.pdf#page=38
    Pagina : '38' → 38
2026-07-22 09:30:41,821 [INFO]   [VZI-6_R1]
    URL    : https://gruppofsitaliane.sharepoint.com/:f:/r/sites/IngegneriaETReMezziLeggeri-Trenitalia/Shared%20Documents/DB_ETR1000/DOC_FLOTTE/VZI-6_R1/CONFIG/FRS/FA020022045.pdf#page=50
    Pagina : '50' → 50
2026-07-22 09:30:41,822 [INFO]   [VZI-4_R1] nessun link — skip
2026-07-22 09:30:41,822 [INFO]   Doc 'FRS_Line Voltage' [cartella: CONFIG] (riga 97): 4/6 configurazioni con link
2026-07-22 09:30:41,822 [INFO] 
───────────────────────────────────────────────────────
  FUNZIONE    : LV_Line_Circuit_Breaker_Opening — Apertura LCB su comando o per intervento protezion
  DOCUMENTO   : FRS_Line Voltage
  DOC CARTELLA: CONFIG
  RIGA Doc    : 97 | RIGA AI: 99
───────────────────────────────────────────────────────
2026-07-22 09:30:41,822 [INFO]   [VZI_Base]
    URL    : https://gruppofsitaliane.sharepoint.com/:f:/r/sites/IngegneriaETReMezziLeggeri-Trenitalia/Shared%20Documents/DB_ETR1000/DOC_FLOTTE/VZI_Base/CONFIG/FRS/3EST000225-7907.pdf#page=40
    Pagina : '40' → 40
2026-07-22 09:30:41,822 [INFO]   [VZI_New14] nessun link — skip
2026-07-22 09:30:41,822 [INFO]   [VZ_FR]
    URL    : https://gruppofsitaliane.sharepoint.com/:f:/r/sites/IngegneriaETReMezziLeggeri-Trenitalia/Shared%20Documents/DB_ETR1000/DOC_FLOTTE/VZ_FR/CONFIG/FRS/3ECP413571-0401.pdf#page=46
    Pagina : '46' → 46
2026-07-22 09:30:41,822 [INFO]   [VZ_ES]
    URL    : https://gruppofsitaliane.sharepoint.com/:f:/r/sites/IngegneriaETReMezziLeggeri-Trenitalia/Shared%20Documents/DB_ETR1000/DOC_FLOTTE/VZ_ES/CONFIG/FRS/3EGH489028-2358.pdf#page=42
    Pagina : '42' → 42
2026-07-22 09:30:41,822 [INFO]   [VZI-6_R1]
    URL    : https://gruppofsitaliane.sharepoint.com/:f:/r/sites/IngegneriaETReMezziLeggeri-Trenitalia/Shared%20Documents/DB_ETR1000/DOC_FLOTTE/VZI-6_R1/CONFIG/FRS/FA020022045.pdf#page=56
    Pagina : '56' → 56
2026-07-22 09:30:41,823 [INFO]   [VZI-4_R1] nessun link — skip
2026-07-22 09:30:41,823 [INFO]   Doc 'FRS_Line Voltage' [cartella: CONFIG] (riga 101): 4/6 configurazioni con link
2026-07-22 09:30:41,823 [INFO] 
───────────────────────────────────────────────────────
  FUNZIONE    : LV_Isolate_High_Voltage — Isolamento di sezioni HV guaste per mantenere disp
  DOCUMENTO   : FRS_Line Voltage
  DOC CARTELLA: CONFIG
  RIGA Doc    : 101 | RIGA AI: 103
───────────────────────────────────────────────────────
2026-07-22 09:30:41,823 [INFO]   [VZI_Base]
    URL    : https://gruppofsitaliane.sharepoint.com/:f:/r/sites/IngegneriaETReMezziLeggeri-Trenitalia/Shared%20Documents/DB_ETR1000/DOC_FLOTTE/VZI_Base/CONFIG/FRS/3EST000225-7907.pdf#page=45
    Pagina : '45' → 45
2026-07-22 09:30:41,823 [INFO]   [VZI_New14] nessun link — skip
2026-07-22 09:30:41,823 [INFO]   [VZ_FR]
    URL    : https://gruppofsitaliane.sharepoint.com/:f:/r/sites/IngegneriaETReMezziLeggeri-Trenitalia/Shared%20Documents/DB_ETR1000/DOC_FLOTTE/VZ_FR/CONFIG/FRS/3ECP413571-0401.pdf#page=52
    Pagina : '52' → 52
2026-07-22 09:30:41,823 [INFO]   [VZ_ES]
    URL    : https://gruppofsitaliane.sharepoint.com/:f:/r/sites/IngegneriaETReMezziLeggeri-Trenitalia/Shared%20Documents/DB_ETR1000/DOC_FLOTTE/VZ_ES/CONFIG/FRS/3EGH489028-2358.pdf#page=47
    Pagina : '47' → 47
2026-07-22 09:30:41,823 [INFO]   [VZI-6_R1]
    URL    : https://gruppofsitaliane.sharepoint.com/:f:/r/sites/IngegneriaETReMezziLeggeri-Trenitalia/Shared%20Documents/DB_ETR1000/DOC_FLOTTE/VZI-6_R1/CONFIG/FRS/FA020022045.pdf#page=61
    Pagina : '61' → 61
2026-07-22 09:30:41,823 [INFO]   [VZI-4_R1] nessun link — skip
2026-07-22 09:30:41,824 [INFO]   Doc 'FRS_Line Voltage' [cartella: CONFIG] (riga 105): 1/6 configurazioni con link
2026-07-22 09:30:41,824 [INFO] 
───────────────────────────────────────────────────────
  FUNZIONE    : LV_Main_Transformer_cooling_control — Controllo da parte della PCU della velocità delle 
  DOCUMENTO   : FRS_Line Voltage
  DOC CARTELLA: CONFIG
  RIGA Doc    : 105 | RIGA AI: 107
───────────────────────────────────────────────────────
2026-07-22 09:30:41,824 [INFO]   [VZI_Base] nessun link — skip
2026-07-22 09:30:41,824 [INFO]   [VZI_New14] nessun link — skip
2026-07-22 09:30:41,824 [INFO]   [VZ_FR] nessun link — skip
2026-07-22 09:30:41,824 [INFO]   [VZ_ES] nessun link — skip
2026-07-22 09:30:41,824 [INFO]   [VZI-6_R1]
    URL    : https://gruppofsitaliane.sharepoint.com/:f:/r/sites/IngegneriaETReMezziLeggeri-Trenitalia/Shared%20Documents/DB_ETR1000/DOC_FLOTTE/VZI-6_R1/CONFIG/FRS/FA020022045.pdf#page=65
    Pagina : '65' → 65
2026-07-22 09:30:41,825 [INFO]   [VZI-4_R1] nessun link — skip
2026-07-22 09:30:41,825 [INFO]   Doc 'FRS_Line Voltage' [cartella: CONFIG] (riga 109): 1/6 configurazioni con link
2026-07-22 09:30:41,825 [INFO] 
───────────────────────────────────────────────────────
  FUNZIONE    : LV_Main_Transformer_Supervision — Controllo da parte della PCU della temperatura del
  DOCUMENTO   : FRS_Line Voltage
  DOC CARTELLA: CONFIG
  RIGA Doc    : 109 | RIGA AI: 111
───────────────────────────────────────────────────────
2026-07-22 09:30:41,825 [INFO]   [VZI_Base] nessun link — skip
2026-07-22 09:30:41,826 [INFO]   [VZI_New14] nessun link — skip
2026-07-22 09:30:41,826 [INFO]   [VZ_FR] nessun link — skip
2026-07-22 09:30:41,826 [INFO]   [VZ_ES] nessun link — skip
2026-07-22 09:30:41,826 [INFO]   [VZI-6_R1]
    URL    : https://gruppofsitaliane.sharepoint.com/:f:/r/sites/IngegneriaETReMezziLeggeri-Trenitalia/Shared%20Documents/DB_ETR1000/DOC_FLOTTE/VZI-6_R1/CONFIG/FRS/FA020022045.pdf#page=68
    Pagina : '68' → 68
2026-07-22 09:30:41,826 [INFO]   [VZI-4_R1] nessun link — skip
2026-07-22 09:30:41,826 [INFO]   Doc 'FRS_Line Voltage' [cartella: CONFIG] (riga 113): 3/6 configurazioni con link
2026-07-22 09:30:41,826 [INFO] 
───────────────────────────────────────────────────────
  FUNZIONE    : LV_Energy_Meter — Sistema di lettura dell'evergia assorbita dal tren
  DOCUMENTO   : FRS_Line Voltage
  DOC CARTELLA: CONFIG
  RIGA Doc    : 113 | RIGA AI: 115
───────────────────────────────────────────────────────
2026-07-22 09:30:41,827 [INFO]   [VZI_Base] nessun link — skip
2026-07-22 09:30:41,827 [INFO]   [VZI_New14] nessun link — skip
2026-07-22 09:30:41,827 [INFO]   [VZ_FR]
    URL    : https://gruppofsitaliane.sharepoint.com/:f:/r/sites/IngegneriaETReMezziLeggeri-Trenitalia/Shared%20Documents/DB_ETR1000/DOC_FLOTTE/VZ_FR/CONFIG/FRS/3ECP413571-0401.pdf#page=54
    Pagina : '54' → 54
2026-07-22 09:30:41,827 [INFO]   [VZ_ES]
    URL    : https://gruppofsitaliane.sharepoint.com/:f:/r/sites/IngegneriaETReMezziLeggeri-Trenitalia/Shared%20Documents/DB_ETR1000/DOC_FLOTTE/VZ_ES/CONFIG/FRS/3EGH489028-2358.pdf#page=49
    Pagina : '49' → 49
2026-07-22 09:30:41,827 [INFO]   [VZI-6_R1]
    URL    : https://gruppofsitaliane.sharepoint.com/:f:/r/sites/IngegneriaETReMezziLeggeri-Trenitalia/Shared%20Documents/DB_ETR1000/DOC_FLOTTE/VZI-6_R1/CONFIG/FRS/FA020022045.pdf#page=71
    Pagina : '71' → 71
2026-07-22 09:30:41,828 [INFO]   [VZI-4_R1] nessun link — skip
2026-07-22 09:30:41,828 [INFO]   Doc 'FRS_Line Voltage' [cartella: CONFIG] (riga 117): 4/6 configurazioni con link
2026-07-22 09:30:41,828 [INFO] 
───────────────────────────────────────────────────────
  FUNZIONE    : LV_Key_interlocking — Interblocco tramite giro chiavi del sistema alta t
  DOCUMENTO   : FRS_Line Voltage
  DOC CARTELLA: CONFIG
  RIGA Doc    : 117 | RIGA AI: 119
───────────────────────────────────────────────────────
2026-07-22 09:30:41,828 [INFO]   [VZI_Base]
    URL    : https://gruppofsitaliane.sharepoint.com/:f:/r/sites/IngegneriaETReMezziLeggeri-Trenitalia/Shared%20Documents/DB_ETR1000/DOC_FLOTTE/VZI_Base/CONFIG/FRS/3EST000225-7907.pdf#page=48
    Pagina : '48' → 48
2026-07-22 09:30:41,828 [INFO]   [VZI_New14] nessun link — skip
2026-07-22 09:30:41,829 [INFO]   [VZ_FR]
    URL    : https://gruppofsitaliane.sharepoint.com/:f:/r/sites/IngegneriaETReMezziLeggeri-Trenitalia/Shared%20Documents/DB_ETR1000/DOC_FLOTTE/VZ_FR/CONFIG/FRS/3ECP413571-0401.pdf#page=55
    Pagina : '55' → 55
2026-07-22 09:30:41,829 [INFO]   [VZ_ES]
    URL    : https://gruppofsitaliane.sharepoint.com/:f:/r/sites/IngegneriaETReMezziLeggeri-Trenitalia/Shared%20Documents/DB_ETR1000/DOC_FLOTTE/VZ_ES/CONFIG/FRS/3EGH489028-2358.pdf#page=51
    Pagina : '51' → 51
2026-07-22 09:30:41,829 [INFO]   [VZI-6_R1]
    URL    : https://gruppofsitaliane.sharepoint.com/:f:/r/sites/IngegneriaETReMezziLeggeri-Trenitalia/Shared%20Documents/DB_ETR1000/DOC_FLOTTE/VZI-6_R1/CONFIG/FRS/FA020022045.pdf#page=73
    Pagina : '73' → 73
2026-07-22 09:30:41,829 [INFO]   [VZI-4_R1] nessun link — skip
2026-07-22 09:30:41,830 [INFO]   Doc 'FRS_Line Voltage' [cartella: CONFIG] (riga 121): 4/6 configurazioni con link
2026-07-22 09:30:41,830 [INFO] 
───────────────────────────────────────────────────────
  FUNZIONE    : LV_Function_Earthing_of_High_Voltage_Supply — Messa a terra dell'alta tensione per consentire la
  DOCUMENTO   : FRS_Line Voltage
  DOC CARTELLA: CONFIG
  RIGA Doc    : 121 | RIGA AI: 123
───────────────────────────────────────────────────────
2026-07-22 09:30:41,830 [INFO]   [VZI_Base]
    URL    : https://gruppofsitaliane.sharepoint.com/:f:/r/sites/IngegneriaETReMezziLeggeri-Trenitalia/Shared%20Documents/DB_ETR1000/DOC_FLOTTE/VZI_Base/CONFIG/FRS/3EST000225-7907.pdf#page=49
    Pagina : '49' → 49
2026-07-22 09:30:41,830 [INFO]   [VZI_New14] nessun link — skip
2026-07-22 09:30:41,830 [INFO]   [VZ_FR]
    URL    : https://gruppofsitaliane.sharepoint.com/:f:/r/sites/IngegneriaETReMezziLeggeri-Trenitalia/Shared%20Documents/DB_ETR1000/DOC_FLOTTE/VZ_FR/CONFIG/FRS/3ECP413571-0401.pdf#page=56
    Pagina : '56' → 56
2026-07-22 09:30:41,830 [INFO]   [VZ_ES]
    URL    : https://gruppofsitaliane.sharepoint.com/:f:/r/sites/IngegneriaETReMezziLeggeri-Trenitalia/Shared%20Documents/DB_ETR1000/DOC_FLOTTE/VZ_ES/CONFIG/FRS/3EGH489028-2358.pdf#page=52
    Pagina : '52' → 52
2026-07-22 09:30:41,831 [INFO]   [VZI-6_R1]
    URL    : https://gruppofsitaliane.sharepoint.com/:f:/r/sites/IngegneriaETReMezziLeggeri-Trenitalia/Shared%20Documents/DB_ETR1000/DOC_FLOTTE/VZI-6_R1/CONFIG/FRS/FA020022045.pdf#page=74
    Pagina : '74' → 74
2026-07-22 09:30:41,831 [INFO]   [VZI-4_R1] nessun link — skip
2026-07-22 09:30:41,831 [INFO]   Doc 'FRS_Line Voltage' [cartella: CONFIG] (riga 125): 4/6 configurazioni con link
2026-07-22 09:30:41,831 [INFO] 
───────────────────────────────────────────────────────
  FUNZIONE    : LV_Function_Earthing_of_Converter_boxes — Messa a terra dei box convertitori per consentire 
  DOCUMENTO   : FRS_Line Voltage
  DOC CARTELLA: CONFIG
  RIGA Doc    : 125 | RIGA AI: 127
───────────────────────────────────────────────────────
2026-07-22 09:30:41,831 [INFO]   [VZI_Base]
    URL    : https://gruppofsitaliane.sharepoint.com/:f:/r/sites/IngegneriaETReMezziLeggeri-Trenitalia/Shared%20Documents/DB_ETR1000/DOC_FLOTTE/VZI_Base/CONFIG/FRS/3EST000225-7907.pdf#page=52
    Pagina : '52' → 52
2026-07-22 09:30:41,831 [INFO]   [VZI_New14] nessun link — skip
2026-07-22 09:30:41,831 [INFO]   [VZ_FR]
    URL    : https://gruppofsitaliane.sharepoint.com/:f:/r/sites/IngegneriaETReMezziLeggeri-Trenitalia/Shared%20Documents/DB_ETR1000/DOC_FLOTTE/VZ_FR/CONFIG/FRS/3ECP413571-0401.pdf#page=59
    Pagina : '59' → 59
2026-07-22 09:30:41,831 [INFO]   [VZ_ES]
    URL    : https://gruppofsitaliane.sharepoint.com/:f:/r/sites/IngegneriaETReMezziLeggeri-Trenitalia/Shared%20Documents/DB_ETR1000/DOC_FLOTTE/VZ_ES/CONFIG/FRS/3EGH489028-2358.pdf#page=55
    Pagina : '55' → 55
2026-07-22 09:30:41,832 [INFO]   [VZI-6_R1]
    URL    : https://gruppofsitaliane.sharepoint.com/:f:/r/sites/IngegneriaETReMezziLeggeri-Trenitalia/Shared%20Documents/DB_ETR1000/DOC_FLOTTE/VZI-6_R1/CONFIG/FRS/FA020022045.pdf#page=77
    Pagina : '77' → 77
2026-07-22 09:30:41,832 [INFO]   [VZI-4_R1] nessun link — skip
2026-07-22 09:30:41,832 [INFO]   Doc 'FRS_Line Voltage' [cartella: CONFIG] (riga 129): 4/6 configurazioni con link
2026-07-22 09:30:41,832 [INFO] 
───────────────────────────────────────────────────────
  FUNZIONE    : LV_HVAC_pre-conditioning_on_DC_line — Funzione per alimentare gli HVAC senza superare i 
  DOCUMENTO   : FRS_Line Voltage
  DOC CARTELLA: CONFIG
  RIGA Doc    : 129 | RIGA AI: 131
───────────────────────────────────────────────────────
2026-07-22 09:30:41,832 [INFO]   [VZI_Base]
    URL    : https://gruppofsitaliane.sharepoint.com/:f:/r/sites/IngegneriaETReMezziLeggeri-Trenitalia/Shared%20Documents/DB_ETR1000/DOC_FLOTTE/VZI_Base/CONFIG/FRS/3EST000225-7907.pdf#page=55
    Pagina : '55' → 55
2026-07-22 09:30:41,832 [INFO]   [VZI_New14] nessun link — skip
2026-07-22 09:30:41,833 [INFO]   [VZ_FR]
    URL    : https://gruppofsitaliane.sharepoint.com/:f:/r/sites/IngegneriaETReMezziLeggeri-Trenitalia/Shared%20Documents/DB_ETR1000/DOC_FLOTTE/VZ_FR/CONFIG/FRS/3ECP413571-0401.pdf#page=62
    Pagina : '62' → 62
2026-07-22 09:30:41,833 [INFO]   [VZ_ES]
    URL    : https://gruppofsitaliane.sharepoint.com/:f:/r/sites/IngegneriaETReMezziLeggeri-Trenitalia/Shared%20Documents/DB_ETR1000/DOC_FLOTTE/VZ_ES/CONFIG/FRS/3EGH489028-2358.pdf#page=58
    Pagina : '58' → 58
2026-07-22 09:30:41,833 [INFO]   [VZI-6_R1]
    URL    : https://gruppofsitaliane.sharepoint.com/:f:/r/sites/IngegneriaETReMezziLeggeri-Trenitalia/Shared%20Documents/DB_ETR1000/DOC_FLOTTE/VZI-6_R1/CONFIG/FRS/FA020022045.pdf#page=80
    Pagina : '80' → 80
2026-07-22 09:30:41,833 [INFO]   [VZI-4_R1] nessun link — skip
2026-07-22 09:30:41,833 [INFO]   Doc 'FRS_Aux Electrical Supply' [cartella: CONFIG] (riga 133): 4/6 configurazioni con link
2026-07-22 09:30:41,833 [INFO] 
───────────────────────────────────────────────────────
  FUNZIONE    : AUX_Function_General — 
  DOCUMENTO   : FRS_Aux Electrical Supply
  DOC CARTELLA: CONFIG
  RIGA Doc    : 133 | RIGA AI: 135
───────────────────────────────────────────────────────
2026-07-22 09:30:41,833 [INFO]   [VZI_Base]
    URL    : https://gruppofsitaliane.sharepoint.com/:f:/r/sites/IngegneriaETReMezziLeggeri-Trenitalia/Shared%20Documents/DB_ETR1000/DOC_FLOTTE/VZI_Base/CONFIG/FRS/3EST000225-7914.pdf#page=5
    Pagina : '5' → 5
2026-07-22 09:30:41,833 [INFO]   [VZI_New14] nessun link — skip
2026-07-22 09:30:41,833 [INFO]   [VZ_FR]
    URL    : https://gruppofsitaliane.sharepoint.com/:f:/r/sites/IngegneriaETReMezziLeggeri-Trenitalia/Shared%20Documents/DB_ETR1000/DOC_FLOTTE/VZ_FR/CONFIG/FRS/3ECP413571-0601.pdf#page=5
    Pagina : '5' → 5
2026-07-22 09:30:41,834 [INFO]   [VZ_ES]
    URL    : https://gruppofsitaliane.sharepoint.com/:f:/r/sites/IngegneriaETReMezziLeggeri-Trenitalia/Shared%20Documents/DB_ETR1000/DOC_FLOTTE/VZ_ES/CONFIG/FRS/3EST000225-7914.pdf#page=5
    Pagina : '5' → 5
2026-07-22 09:30:41,834 [INFO]   [VZI-6_R1]
    URL    : https://gruppofsitaliane.sharepoint.com/:f:/r/sites/IngegneriaETReMezziLeggeri-Trenitalia/Shared%20Documents/DB_ETR1000/DOC_FLOTTE/VZI-6_R1/CONFIG/FRS/FA020024537.pdf#page=6
    Pagina : '6' → 6
2026-07-22 09:30:41,834 [INFO]   [VZI-4_R1] nessun link — skip
2026-07-22 09:30:41,834 [INFO]   Doc 'FRS_Aux Electrical Supply' [cartella: CONFIG] (riga 137): 4/6 configurazioni con link
2026-07-22 09:30:41,834 [INFO] 
───────────────────────────────────────────────────────
  FUNZIONE    : AUX_Activation_and_Synchronisation_of_ACM — 
  DOCUMENTO   : FRS_Aux Electrical Supply
  DOC CARTELLA: CONFIG
  RIGA Doc    : 137 | RIGA AI: 139
───────────────────────────────────────────────────────
2026-07-22 09:30:41,834 [INFO]   [VZI_Base]
    URL    : https://gruppofsitaliane.sharepoint.com/:f:/r/sites/IngegneriaETReMezziLeggeri-Trenitalia/Shared%20Documents/DB_ETR1000/DOC_FLOTTE/VZI_Base/CONFIG/FRS/3EST000225-7914.pdf#page=7
    Pagina : '7' → 7
2026-07-22 09:30:41,835 [INFO]   [VZI_New14] nessun link — skip
2026-07-22 09:30:41,835 [INFO]   [VZ_FR]
    URL    : https://gruppofsitaliane.sharepoint.com/:f:/r/sites/IngegneriaETReMezziLeggeri-Trenitalia/Shared%20Documents/DB_ETR1000/DOC_FLOTTE/VZ_FR/CONFIG/FRS/3ECP413571-0601.pdf#page=7
    Pagina : '7' → 7
2026-07-22 09:30:41,835 [INFO]   [VZ_ES]
    URL    : https://gruppofsitaliane.sharepoint.com/:f:/r/sites/IngegneriaETReMezziLeggeri-Trenitalia/Shared%20Documents/DB_ETR1000/DOC_FLOTTE/VZ_ES/CONFIG/FRS/3EST000225-7914.pdf#page=7
    Pagina : '7' → 7
2026-07-22 09:30:41,835 [INFO]   [VZI-6_R1]
    URL    : https://gruppofsitaliane.sharepoint.com/:f:/r/sites/IngegneriaETReMezziLeggeri-Trenitalia/Shared%20Documents/DB_ETR1000/DOC_FLOTTE/VZI-6_R1/CONFIG/FRS/FA020024537.pdf#page=8
    Pagina : '8' → 8
2026-07-22 09:30:41,835 [INFO]   [VZI-4_R1] nessun link — skip
2026-07-22 09:30:41,835 [INFO]   Doc 'FRS_Aux Electrical Supply' [cartella: CONFIG] (riga 141): 4/6 configurazioni con link
2026-07-22 09:30:41,836 [INFO] 
───────────────────────────────────────────────────────
  FUNZIONE    : AUX_ACM_reset — 
  DOCUMENTO   : FRS_Aux Electrical Supply
  DOC CARTELLA: CONFIG
  RIGA Doc    : 141 | RIGA AI: 143
───────────────────────────────────────────────────────
2026-07-22 09:30:41,836 [INFO]   [VZI_Base]
    URL    : https://gruppofsitaliane.sharepoint.com/:f:/r/sites/IngegneriaETReMezziLeggeri-Trenitalia/Shared%20Documents/DB_ETR1000/DOC_FLOTTE/VZI_Base/CONFIG/FRS/3EST000225-7914.pdf#page=9
    Pagina : '9' → 9
2026-07-22 09:30:41,836 [INFO]   [VZI_New14] nessun link — skip
2026-07-22 09:30:41,836 [INFO]   [VZ_FR]
    URL    : https://gruppofsitaliane.sharepoint.com/:f:/r/sites/IngegneriaETReMezziLeggeri-Trenitalia/Shared%20Documents/DB_ETR1000/DOC_FLOTTE/VZ_FR/CONFIG/FRS/3ECP413571-0601.pdf#page=9
    Pagina : '9' → 9
2026-07-22 09:30:41,836 [INFO]   [VZ_ES]
    URL    : https://gruppofsitaliane.sharepoint.com/:f:/r/sites/IngegneriaETReMezziLeggeri-Trenitalia/Shared%20Documents/DB_ETR1000/DOC_FLOTTE/VZ_ES/CONFIG/FRS/3EST000225-7914.pdf#page=9
    Pagina : '9' → 9
2026-07-22 09:30:41,836 [INFO]   [VZI-6_R1]
    URL    : https://gruppofsitaliane.sharepoint.com/:f:/r/sites/IngegneriaETReMezziLeggeri-Trenitalia/Shared%20Documents/DB_ETR1000/DOC_FLOTTE/VZI-6_R1/CONFIG/FRS/FA020024537.pdf#page=9
    Pagina : '9' → 9
2026-07-22 09:30:41,836 [INFO]   [VZI-4_R1] nessun link — skip
2026-07-22 09:30:41,837 [INFO]   Doc 'FRS_Aux Electrical Supply' [cartella: CONFIG] (riga 145): 4/6 configurazioni con link
2026-07-22 09:30:41,837 [INFO] 
───────────────────────────────────────────────────────
  FUNZIONE    : AUX_AC_on_Board_Supply_System — 
  DOCUMENTO   : FRS_Aux Electrical Supply
  DOC CARTELLA: CONFIG
  RIGA Doc    : 145 | RIGA AI: 147
───────────────────────────────────────────────────────
2026-07-22 09:30:41,837 [INFO]   [VZI_Base]
    URL    : https://gruppofsitaliane.sharepoint.com/:f:/r/sites/IngegneriaETReMezziLeggeri-Trenitalia/Shared%20Documents/DB_ETR1000/DOC_FLOTTE/VZI_Base/CONFIG/FRS/3EST000225-7914.pdf#page=10
    Pagina : '10' → 10
2026-07-22 09:30:41,837 [INFO]   [VZI_New14] nessun link — skip
2026-07-22 09:30:41,838 [INFO]   [VZ_FR]
    URL    : https://gruppofsitaliane.sharepoint.com/:f:/r/sites/IngegneriaETReMezziLeggeri-Trenitalia/Shared%20Documents/DB_ETR1000/DOC_FLOTTE/VZ_FR/CONFIG/FRS/3ECP413571-0601.pdf#page=10
    Pagina : '10' → 10
2026-07-22 09:30:41,838 [INFO]   [VZ_ES]
    URL    : https://gruppofsitaliane.sharepoint.com/:f:/r/sites/IngegneriaETReMezziLeggeri-Trenitalia/Shared%20Documents/DB_ETR1000/DOC_FLOTTE/VZ_ES/CONFIG/FRS/3EST000225-7914.pdf#page=10
    Pagina : '10' → 10
2026-07-22 09:30:41,838 [INFO]   [VZI-6_R1]
    URL    : https://gruppofsitaliane.sharepoint.com/:f:/r/sites/IngegneriaETReMezziLeggeri-Trenitalia/Shared%20Documents/DB_ETR1000/DOC_FLOTTE/VZI-6_R1/CONFIG/FRS/FA020024537.pdf#page=10
    Pagina : '10' → 10
2026-07-22 09:30:41,838 [INFO]   [VZI-4_R1] nessun link — skip
2026-07-22 09:30:41,838 [INFO]   Doc 'FRS_Aux Electrical Supply' [cartella: CONFIG] (riga 149): 4/6 configurazioni con link
2026-07-22 09:30:41,838 [INFO] 
───────────────────────────────────────────────────────
  FUNZIONE    : AUX_External_Power_Supply — 
  DOCUMENTO   : FRS_Aux Electrical Supply
  DOC CARTELLA: CONFIG
  RIGA Doc    : 149 | RIGA AI: 151
───────────────────────────────────────────────────────
2026-07-22 09:30:41,838 [INFO]   [VZI_Base]
    URL    : https://gruppofsitaliane.sharepoint.com/:f:/r/sites/IngegneriaETReMezziLeggeri-Trenitalia/Shared%20Documents/DB_ETR1000/DOC_FLOTTE/VZI_Base/CONFIG/FRS/3EST000225-7914.pdf#page=18
    Pagina : '18' → 18
2026-07-22 09:30:41,838 [INFO]   [VZI_New14] nessun link — skip
2026-07-22 09:30:41,838 [INFO]   [VZ_FR]
    URL    : https://gruppofsitaliane.sharepoint.com/:f:/r/sites/IngegneriaETReMezziLeggeri-Trenitalia/Shared%20Documents/DB_ETR1000/DOC_FLOTTE/VZ_FR/CONFIG/FRS/3ECP413571-0601.pdf#page=19
    Pagina : '19' → 19
2026-07-22 09:30:41,838 [INFO]   [VZ_ES]
    URL    : https://gruppofsitaliane.sharepoint.com/:f:/r/sites/IngegneriaETReMezziLeggeri-Trenitalia/Shared%20Documents/DB_ETR1000/DOC_FLOTTE/VZ_ES/CONFIG/FRS/3EST000225-7914.pdf#page=18
    Pagina : '18' → 18
2026-07-22 09:30:41,838 [INFO]   [VZI-6_R1]
    URL    : https://gruppofsitaliane.sharepoint.com/:f:/r/sites/IngegneriaETReMezziLeggeri-Trenitalia/Shared%20Documents/DB_ETR1000/DOC_FLOTTE/VZI-6_R1/CONFIG/FRS/FA020024537.pdf#page=18
    Pagina : '18' → 18
2026-07-22 09:30:41,839 [INFO]   [VZI-4_R1] nessun link — skip
2026-07-22 09:30:41,839 [INFO]   Doc 'FRS_Aux Electrical Supply' [cartella: CONFIG] (riga 153): 4/6 configurazioni con link
2026-07-22 09:30:41,839 [INFO] 
───────────────────────────────────────────────────────
  FUNZIONE    : AUX_Earthing_switch — 
  DOCUMENTO   : FRS_Aux Electrical Supply
  DOC CARTELLA: CONFIG
  RIGA Doc    : 153 | RIGA AI: 155
───────────────────────────────────────────────────────
2026-07-22 09:30:41,839 [INFO]   [VZI_Base]
    URL    : https://gruppofsitaliane.sharepoint.com/:f:/r/sites/IngegneriaETReMezziLeggeri-Trenitalia/Shared%20Documents/DB_ETR1000/DOC_FLOTTE/VZI_Base/CONFIG/FRS/3EST000225-7914.pdf#page=22
    Pagina : '22' → 22
2026-07-22 09:30:41,839 [INFO]   [VZI_New14] nessun link — skip
2026-07-22 09:30:41,839 [INFO]   [VZ_FR]
    URL    : https://gruppofsitaliane.sharepoint.com/:f:/r/sites/IngegneriaETReMezziLeggeri-Trenitalia/Shared%20Documents/DB_ETR1000/DOC_FLOTTE/VZ_FR/CONFIG/FRS/3ECP413571-0601.pdf#page=23
    Pagina : '23' → 23
2026-07-22 09:30:41,840 [INFO]   [VZ_ES]
    URL    : https://gruppofsitaliane.sharepoint.com/:f:/r/sites/IngegneriaETReMezziLeggeri-Trenitalia/Shared%20Documents/DB_ETR1000/DOC_FLOTTE/VZ_ES/CONFIG/FRS/3EST000225-7914.pdf#page=22
    Pagina : '22' → 22
2026-07-22 09:30:41,840 [INFO]   [VZI-6_R1]
    URL    : https://gruppofsitaliane.sharepoint.com/:f:/r/sites/IngegneriaETReMezziLeggeri-Trenitalia/Shared%20Documents/DB_ETR1000/DOC_FLOTTE/VZI-6_R1/CONFIG/FRS/FA020024537.pdf#page=22
    Pagina : '22' → 22
2026-07-22 09:30:41,840 [INFO]   [VZI-4_R1] nessun link — skip
2026-07-22 09:30:41,840 [INFO]   Doc 'FRS_Aux Electrical Supply' [cartella: CONFIG] (riga 157): 4/6 configurazioni con link
2026-07-22 09:30:41,840 [INFO] 
───────────────────────────────────────────────────────
  FUNZIONE    : AUX_230V,_50Hz_Sockets — 
  DOCUMENTO   : FRS_Aux Electrical Supply
  DOC CARTELLA: CONFIG
  RIGA Doc    : 157 | RIGA AI: 159
───────────────────────────────────────────────────────
2026-07-22 09:30:41,840 [INFO]   [VZI_Base]
    URL    : https://gruppofsitaliane.sharepoint.com/:f:/r/sites/IngegneriaETReMezziLeggeri-Trenitalia/Shared%20Documents/DB_ETR1000/DOC_FLOTTE/VZI_Base/CONFIG/FRS/3EST000225-7914.pdf#page=23
    Pagina : '23' → 23
2026-07-22 09:30:41,840 [INFO]   [VZI_New14] nessun link — skip
2026-07-22 09:30:41,840 [INFO]   [VZ_FR]
    URL    : https://gruppofsitaliane.sharepoint.com/:f:/r/sites/IngegneriaETReMezziLeggeri-Trenitalia/Shared%20Documents/DB_ETR1000/DOC_FLOTTE/VZ_FR/CONFIG/FRS/3ECP413571-0601.pdf#page=24
    Pagina : '24' → 24
2026-07-22 09:30:41,840 [INFO]   [VZ_ES]
    URL    : https://gruppofsitaliane.sharepoint.com/:f:/r/sites/IngegneriaETReMezziLeggeri-Trenitalia/Shared%20Documents/DB_ETR1000/DOC_FLOTTE/VZ_ES/CONFIG/FRS/3EST000225-7914.pdf#page=23
    Pagina : '23' → 23
2026-07-22 09:30:41,841 [INFO]   [VZI-6_R1]
    URL    : https://gruppofsitaliane.sharepoint.com/:f:/r/sites/IngegneriaETReMezziLeggeri-Trenitalia/Shared%20Documents/DB_ETR1000/DOC_FLOTTE/VZI-6_R1/CONFIG/FRS/FA020024537.pdf#page=23
    Pagina : '23' → 23
2026-07-22 09:30:41,841 [INFO]   [VZI-4_R1] nessun link — skip
2026-07-22 09:30:41,841 [INFO]   Doc 'FRS_Aux Electrical Supply' [cartella: CONFIG] (riga 161): 4/6 configurazioni con link
2026-07-22 09:30:41,841 [INFO] 
───────────────────────────────────────────────────────
  FUNZIONE    : AUX_Mini_Circuit_Breaker_Supervision — 
  DOCUMENTO   : FRS_Aux Electrical Supply
  DOC CARTELLA: CONFIG
  RIGA Doc    : 161 | RIGA AI: 163
───────────────────────────────────────────────────────
2026-07-22 09:30:41,841 [INFO]   [VZI_Base]
    URL    : https://gruppofsitaliane.sharepoint.com/:f:/r/sites/IngegneriaETReMezziLeggeri-Trenitalia/Shared%20Documents/DB_ETR1000/DOC_FLOTTE/VZI_Base/CONFIG/FRS/3EST000225-7914.pdf#page=24
    Pagina : '24' → 24
2026-07-22 09:30:41,842 [INFO]   [VZI_New14] nessun link — skip
2026-07-22 09:30:41,842 [INFO]   [VZ_FR]
    URL    : https://gruppofsitaliane.sharepoint.com/:f:/r/sites/IngegneriaETReMezziLeggeri-Trenitalia/Shared%20Documents/DB_ETR1000/DOC_FLOTTE/VZ_FR/CONFIG/FRS/3ECP413571-0601.pdf#page=25
    Pagina : '25' → 25
2026-07-22 09:30:41,842 [INFO]   [VZ_ES]
    URL    : https://gruppofsitaliane.sharepoint.com/:f:/r/sites/IngegneriaETReMezziLeggeri-Trenitalia/Shared%20Documents/DB_ETR1000/DOC_FLOTTE/VZ_ES/CONFIG/FRS/3EST000225-7914.pdf#page=24
    Pagina : '24' → 24
2026-07-22 09:30:41,842 [INFO]   [VZI-6_R1]
    URL    : https://gruppofsitaliane.sharepoint.com/:f:/r/sites/IngegneriaETReMezziLeggeri-Trenitalia/Shared%20Documents/DB_ETR1000/DOC_FLOTTE/VZI-6_R1/CONFIG/FRS/FA020024537.pdf#page=24
    Pagina : '24' → 24
2026-07-22 09:30:41,842 [INFO]   [VZI-4_R1] nessun link — skip
2026-07-22 09:30:41,842 [INFO]   Doc 'FRS_Battery' [cartella: CONFIG] (riga 165): 2/6 configurazioni con link
2026-07-22 09:30:41,843 [INFO] 
───────────────────────────────────────────────────────
  FUNZIONE    : BAT_Failure_cases_battery_system — 
  DOCUMENTO   : FRS_Battery
  DOC CARTELLA: CONFIG
  RIGA Doc    : 165 | RIGA AI: 167
───────────────────────────────────────────────────────
2026-07-22 09:30:41,843 [INFO]   [VZI_Base]
    URL    : https://gruppofsitaliane.sharepoint.com/:f:/r/sites/IngegneriaETReMezziLeggeri-Trenitalia/Shared%20Documents/DB_ETR1000/DOC_FLOTTE/VZI_Base/CONFIG/FRS/3EST000225-7908.pdf#page=8
    Pagina : '8' → 8
2026-07-22 09:30:41,843 [INFO]   [VZI_New14] nessun link — skip
2026-07-22 09:30:41,843 [INFO]   [VZ_FR] nessun link — skip
2026-07-22 09:30:41,844 [INFO]   [VZ_ES] nessun link — skip
2026-07-22 09:30:41,844 [INFO]   [VZI-6_R1]
    URL    : https://gruppofsitaliane.sharepoint.com/:f:/r/sites/IngegneriaETReMezziLeggeri-Trenitalia/Shared%20Documents/DB_ETR1000/DOC_FLOTTE/VZI-6_R1/CONFIG/FRS/FA020024538.pdf#page=8
    Pagina : '8' → 8
2026-07-22 09:30:41,844 [INFO]   [VZI-4_R1] nessun link — skip
2026-07-22 09:30:41,844 [INFO]   Doc 'FRS_Battery' [cartella: CONFIG] (riga 169): 2/6 configurazioni con link
2026-07-22 09:30:41,844 [INFO] 
───────────────────────────────────────────────────────
  FUNZIONE    : BAT_Function_Battery_Isolation — 
  DOCUMENTO   : FRS_Battery
  DOC CARTELLA: CONFIG
  RIGA Doc    : 169 | RIGA AI: 171
───────────────────────────────────────────────────────
2026-07-22 09:30:41,845 [INFO]   [VZI_Base]
    URL    : https://gruppofsitaliane.sharepoint.com/:f:/r/sites/IngegneriaETReMezziLeggeri-Trenitalia/Shared%20Documents/DB_ETR1000/DOC_FLOTTE/VZI_Base/CONFIG/FRS/3EST000225-7908.pdf#page=9
    Pagina : '9' → 9
2026-07-22 09:30:41,845 [INFO]   [VZI_New14] nessun link — skip
2026-07-22 09:30:41,845 [INFO]   [VZ_FR] nessun link — skip
2026-07-22 09:30:41,845 [INFO]   [VZ_ES] nessun link — skip
2026-07-22 09:30:41,845 [INFO]   [VZI-6_R1]
    URL    : https://gruppofsitaliane.sharepoint.com/:f:/r/sites/IngegneriaETReMezziLeggeri-Trenitalia/Shared%20Documents/DB_ETR1000/DOC_FLOTTE/VZI-6_R1/CONFIG/FRS/FA020024538.pdf#page=9
    Pagina : '9' → 9
2026-07-22 09:30:41,845 [INFO]   [VZI-4_R1] nessun link — skip
2026-07-22 09:30:41,846 [INFO]   Doc 'FRS_Battery' [cartella: CONFIG] (riga 173): 2/6 configurazioni con link
2026-07-22 09:30:41,846 [INFO] 
───────────────────────────────────────────────────────
  FUNZIONE    : BAT_Battery_Contactors — 
  DOCUMENTO   : FRS_Battery
  DOC CARTELLA: CONFIG
  RIGA Doc    : 173 | RIGA AI: 175
───────────────────────────────────────────────────────
2026-07-22 09:30:41,846 [INFO]   [VZI_Base]
    URL    : https://gruppofsitaliane.sharepoint.com/:f:/r/sites/IngegneriaETReMezziLeggeri-Trenitalia/Shared%20Documents/DB_ETR1000/DOC_FLOTTE/VZI_Base/CONFIG/FRS/3EST000225-7908.pdf#page=11
    Pagina : '11' → 11
2026-07-22 09:30:41,846 [INFO]   [VZI_New14] nessun link — skip
2026-07-22 09:30:41,846 [INFO]   [VZ_FR] nessun link — skip
2026-07-22 09:30:41,846 [INFO]   [VZ_ES] nessun link — skip
2026-07-22 09:30:41,846 [INFO]   [VZI-6_R1]
    URL    : https://gruppofsitaliane.sharepoint.com/:f:/r/sites/IngegneriaETReMezziLeggeri-Trenitalia/Shared%20Documents/DB_ETR1000/DOC_FLOTTE/VZI-6_R1/CONFIG/FRS/FA020024538.pdf#page=11
    Pagina : '11' → 11
2026-07-22 09:30:41,846 [INFO]   [VZI-4_R1] nessun link — skip
2026-07-22 09:30:41,846 [INFO]   Doc 'FRS_Battery' [cartella: CONFIG] (riga 177): 2/6 configurazioni con link
2026-07-22 09:30:41,847 [INFO] 
───────────────────────────────────────────────────────
  FUNZIONE    : BAT_Load_Shed_Contactors — 
  DOCUMENTO   : FRS_Battery
  DOC CARTELLA: CONFIG
  RIGA Doc    : 177 | RIGA AI: 179
───────────────────────────────────────────────────────
2026-07-22 09:30:41,847 [INFO]   [VZI_Base]
    URL    : https://gruppofsitaliane.sharepoint.com/:f:/r/sites/IngegneriaETReMezziLeggeri-Trenitalia/Shared%20Documents/DB_ETR1000/DOC_FLOTTE/VZI_Base/CONFIG/FRS/3EST000225-7908.pdf#page=16
    Pagina : '16' → 16
2026-07-22 09:30:41,847 [INFO]   [VZI_New14] nessun link — skip
2026-07-22 09:30:41,847 [INFO]   [VZ_FR] nessun link — skip
2026-07-22 09:30:41,847 [INFO]   [VZ_ES] nessun link — skip
2026-07-22 09:30:41,847 [INFO]   [VZI-6_R1]
    URL    : https://gruppofsitaliane.sharepoint.com/:f:/r/sites/IngegneriaETReMezziLeggeri-Trenitalia/Shared%20Documents/DB_ETR1000/DOC_FLOTTE/VZI-6_R1/CONFIG/FRS/FA020024538.pdf#page=16
    Pagina : '16' → 16
2026-07-22 09:30:41,847 [INFO]   [VZI-4_R1] nessun link — skip
2026-07-22 09:30:41,847 [INFO]   Doc 'FRS_Battery' [cartella: CONFIG] (riga 181): 2/6 configurazioni con link
2026-07-22 09:30:41,847 [INFO] 
───────────────────────────────────────────────────────
  FUNZIONE    : BAT_DC_Busline_Distribution — 
  DOCUMENTO   : FRS_Battery
  DOC CARTELLA: CONFIG
  RIGA Doc    : 181 | RIGA AI: 183
───────────────────────────────────────────────────────
2026-07-22 09:30:41,848 [INFO]   [VZI_Base]
    URL    : https://gruppofsitaliane.sharepoint.com/:f:/r/sites/IngegneriaETReMezziLeggeri-Trenitalia/Shared%20Documents/DB_ETR1000/DOC_FLOTTE/VZI_Base/CONFIG/FRS/3EST000225-7908.pdf#page=19
    Pagina : '19' → 19
2026-07-22 09:30:41,848 [INFO]   [VZI_New14] nessun link — skip
2026-07-22 09:30:41,848 [INFO]   [VZ_FR] nessun link — skip
2026-07-22 09:30:41,848 [INFO]   [VZ_ES] nessun link — skip
2026-07-22 09:30:41,848 [INFO]   [VZI-6_R1]
    URL    : https://gruppofsitaliane.sharepoint.com/:f:/r/sites/IngegneriaETReMezziLeggeri-Trenitalia/Shared%20Documents/DB_ETR1000/DOC_FLOTTE/VZI-6_R1/CONFIG/FRS/FA020024538.pdf#page=19
    Pagina : '19' → 19
2026-07-22 09:30:41,848 [INFO]   [VZI-4_R1] nessun link — skip
2026-07-22 09:30:41,848 [INFO]   Doc 'FRS_Battery' [cartella: CONFIG] (riga 185): 2/6 configurazioni con link
2026-07-22 09:30:41,848 [INFO] 
───────────────────────────────────────────────────────
  FUNZIONE    : BAT_Battery_Charging — 
  DOCUMENTO   : FRS_Battery
  DOC CARTELLA: CONFIG
  RIGA Doc    : 185 | RIGA AI: 187
───────────────────────────────────────────────────────
2026-07-22 09:30:41,848 [INFO]   [VZI_Base]
    URL    : https://gruppofsitaliane.sharepoint.com/:f:/r/sites/IngegneriaETReMezziLeggeri-Trenitalia/Shared%20Documents/DB_ETR1000/DOC_FLOTTE/VZI_Base/CONFIG/FRS/3EST000225-7908.pdf#page=21
    Pagina : '21' → 21
2026-07-22 09:30:41,848 [INFO]   [VZI_New14] nessun link — skip
2026-07-22 09:30:41,849 [INFO]   [VZ_FR] nessun link — skip
2026-07-22 09:30:41,849 [INFO]   [VZ_ES] nessun link — skip
2026-07-22 09:30:41,849 [INFO]   [VZI-6_R1]
    URL    : https://gruppofsitaliane.sharepoint.com/:f:/r/sites/IngegneriaETReMezziLeggeri-Trenitalia/Shared%20Documents/DB_ETR1000/DOC_FLOTTE/VZI-6_R1/CONFIG/FRS/FA020024538.pdf#page=21
    Pagina : '21' → 21
2026-07-22 09:30:41,849 [INFO]   [VZI-4_R1] nessun link — skip
2026-07-22 09:30:41,849 [INFO]   Doc 'FRS_Air Supply' [cartella: CONFIG] (riga 189): 3/6 configurazioni con link
2026-07-22 09:30:41,849 [INFO] 
───────────────────────────────────────────────────────
  FUNZIONE    : AIR_Control_of_Main_Compressor — 
  DOCUMENTO   : FRS_Air Supply
  DOC CARTELLA: CONFIG
  RIGA Doc    : 189 | RIGA AI: 191
───────────────────────────────────────────────────────
2026-07-22 09:30:41,849 [INFO]   [VZI_Base]
    URL    : https://gruppofsitaliane.sharepoint.com/:f:/r/sites/IngegneriaETReMezziLeggeri-Trenitalia/Shared%20Documents/DB_ETR1000/DOC_FLOTTE/VZI_Base/CONFIG/FRS/3EST000225-7915.pdf#page=6
    Pagina : '6' → 6
2026-07-22 09:30:41,849 [INFO]   [VZI_New14]
    URL    : https://gruppofsitaliane.sharepoint.com/:f:/r/sites/IngegneriaETReMezziLeggeri-Trenitalia/Shared%20Documents/DB_ETR1000/DOC_FLOTTE/VZI_New14/CONFIG/FRS/3ECP413719-0603.pdf#page=6
    Pagina : '6' → 6
2026-07-22 09:30:41,849 [INFO]   [VZ_FR] nessun link — skip
2026-07-22 09:30:41,850 [INFO]   [VZ_ES] nessun link — skip
2026-07-22 09:30:41,850 [INFO]   [VZI-6_R1]
    URL    : https://gruppofsitaliane.sharepoint.com/:f:/r/sites/IngegneriaETReMezziLeggeri-Trenitalia/Shared%20Documents/DB_ETR1000/DOC_FLOTTE/VZI-6_R1/CONFIG/FRS/FA020024531.pdf#page=6
    Pagina : '6' → 6
2026-07-22 09:30:41,850 [INFO]   [VZI-4_R1] nessun link — skip
2026-07-22 09:30:41,850 [INFO]   Doc 'FRS_Air Supply' [cartella: CONFIG] (riga 193): 3/6 configurazioni con link
2026-07-22 09:30:41,850 [INFO] 
───────────────────────────────────────────────────────
  FUNZIONE    : AIR_Monitoring_of_Main_Compressor — 
  DOCUMENTO   : FRS_Air Supply
  DOC CARTELLA: CONFIG
  RIGA Doc    : 193 | RIGA AI: 195
───────────────────────────────────────────────────────
2026-07-22 09:30:41,850 [INFO]   [VZI_Base]
    URL    : https://gruppofsitaliane.sharepoint.com/:f:/r/sites/IngegneriaETReMezziLeggeri-Trenitalia/Shared%20Documents/DB_ETR1000/DOC_FLOTTE/VZI_Base/CONFIG/FRS/3EST000225-7915.pdf#page=11
    Pagina : '11' → 11
2026-07-22 09:30:41,850 [INFO]   [VZI_New14]
    URL    : https://gruppofsitaliane.sharepoint.com/:f:/r/sites/IngegneriaETReMezziLeggeri-Trenitalia/Shared%20Documents/DB_ETR1000/DOC_FLOTTE/VZI_New14/CONFIG/FRS/3ECP413719-0603.pdf#page=12
    Pagina : '12' → 12
2026-07-22 09:30:41,850 [INFO]   [VZ_FR] nessun link — skip
2026-07-22 09:30:41,850 [INFO]   [VZ_ES] nessun link — skip
2026-07-22 09:30:41,851 [INFO]   [VZI-6_R1]
    URL    : https://gruppofsitaliane.sharepoint.com/:f:/r/sites/IngegneriaETReMezziLeggeri-Trenitalia/Shared%20Documents/DB_ETR1000/DOC_FLOTTE/VZI-6_R1/CONFIG/FRS/FA020024531.pdf#page=11
    Pagina : '11' → 11
2026-07-22 09:30:41,851 [INFO]   [VZI-4_R1] nessun link — skip
2026-07-22 09:30:41,851 [INFO]   Doc 'FRS_Air Supply' [cartella: CONFIG] (riga 197): 3/6 configurazioni con link
2026-07-22 09:30:41,851 [INFO] 
───────────────────────────────────────────────────────
  FUNZIONE    : AIR_Forcing_of_Main_compressor — 
  DOCUMENTO   : FRS_Air Supply
  DOC CARTELLA: CONFIG
  RIGA Doc    : 197 | RIGA AI: 199
───────────────────────────────────────────────────────
2026-07-22 09:30:41,851 [INFO]   [VZI_Base]
    URL    : https://gruppofsitaliane.sharepoint.com/:f:/r/sites/IngegneriaETReMezziLeggeri-Trenitalia/Shared%20Documents/DB_ETR1000/DOC_FLOTTE/VZI_Base/CONFIG/FRS/3EST000225-7915.pdf#page=14
    Pagina : '14' → 14
2026-07-22 09:30:41,851 [INFO]   [VZI_New14]
    URL    : https://gruppofsitaliane.sharepoint.com/:f:/r/sites/IngegneriaETReMezziLeggeri-Trenitalia/Shared%20Documents/DB_ETR1000/DOC_FLOTTE/VZI_New14/CONFIG/FRS/3ECP413719-0603.pdf#page=14
    Pagina : '14' → 14
2026-07-22 09:30:41,851 [INFO]   [VZ_FR] nessun link — skip
2026-07-22 09:30:41,851 [INFO]   [VZ_ES] nessun link — skip
2026-07-22 09:30:41,851 [INFO]   [VZI-6_R1]
    URL    : https://gruppofsitaliane.sharepoint.com/:f:/r/sites/IngegneriaETReMezziLeggeri-Trenitalia/Shared%20Documents/DB_ETR1000/DOC_FLOTTE/VZI-6_R1/CONFIG/FRS/FA020024531.pdf#page=14
    Pagina : '14' → 14
2026-07-22 09:30:41,852 [INFO]   [VZI-4_R1] nessun link — skip
2026-07-22 09:30:41,852 [INFO]   Doc 'FRS_Air Supply' [cartella: CONFIG] (riga 201): 3/6 configurazioni con link
2026-07-22 09:30:41,852 [INFO] 
───────────────────────────────────────────────────────
  FUNZIONE    : AIR_Air_Dryer — 
  DOCUMENTO   : FRS_Air Supply
  DOC CARTELLA: CONFIG
  RIGA Doc    : 201 | RIGA AI: 203
───────────────────────────────────────────────────────
2026-07-22 09:30:41,852 [INFO]   [VZI_Base]
    URL    : https://gruppofsitaliane.sharepoint.com/:f:/r/sites/IngegneriaETReMezziLeggeri-Trenitalia/Shared%20Documents/DB_ETR1000/DOC_FLOTTE/VZI_Base/CONFIG/FRS/3EST000225-7915.pdf#page=18
    Pagina : '18' → 18
2026-07-22 09:30:41,852 [INFO]   [VZI_New14]
    URL    : https://gruppofsitaliane.sharepoint.com/:f:/r/sites/IngegneriaETReMezziLeggeri-Trenitalia/Shared%20Documents/DB_ETR1000/DOC_FLOTTE/VZI_New14/CONFIG/FRS/3ECP413719-0603.pdf#page=16
    Pagina : '16' → 16
2026-07-22 09:30:41,852 [INFO]   [VZ_FR] nessun link — skip
2026-07-22 09:30:41,852 [INFO]   [VZ_ES] nessun link — skip
2026-07-22 09:30:41,852 [INFO]   [VZI-6_R1]
    URL    : https://gruppofsitaliane.sharepoint.com/:f:/r/sites/IngegneriaETReMezziLeggeri-Trenitalia/Shared%20Documents/DB_ETR1000/DOC_FLOTTE/VZI-6_R1/CONFIG/FRS/FA020024531.pdf#page=16
    Pagina : '16' → 16
2026-07-22 09:30:41,852 [INFO]   [VZI-4_R1] nessun link — skip
2026-07-22 09:30:41,853 [INFO]   Doc 'FRS_Air Supply' [cartella: CONFIG] (riga 205): 3/6 configurazioni con link
2026-07-22 09:30:41,853 [INFO] 
───────────────────────────────────────────────────────
  FUNZIONE    : AIR_External_Air_Supply — 
  DOCUMENTO   : FRS_Air Supply
  DOC CARTELLA: CONFIG
  RIGA Doc    : 205 | RIGA AI: 207
───────────────────────────────────────────────────────
2026-07-22 09:30:41,853 [INFO]   [VZI_Base]
    URL    : https://gruppofsitaliane.sharepoint.com/:f:/r/sites/IngegneriaETReMezziLeggeri-Trenitalia/Shared%20Documents/DB_ETR1000/DOC_FLOTTE/VZI_Base/CONFIG/FRS/3EST000225-7915.pdf#page=20
    Pagina : '20' → 20
2026-07-22 09:30:41,853 [INFO]   [VZI_New14]
    URL    : https://gruppofsitaliane.sharepoint.com/:f:/r/sites/IngegneriaETReMezziLeggeri-Trenitalia/Shared%20Documents/DB_ETR1000/DOC_FLOTTE/VZI_New14/CONFIG/FRS/3ECP413719-0603.pdf#page=18
    Pagina : '18' → 18
2026-07-22 09:30:41,853 [INFO]   [VZ_FR] nessun link — skip
2026-07-22 09:30:41,853 [INFO]   [VZ_ES] nessun link — skip
2026-07-22 09:30:41,853 [INFO]   [VZI-6_R1]
    URL    : https://gruppofsitaliane.sharepoint.com/:f:/r/sites/IngegneriaETReMezziLeggeri-Trenitalia/Shared%20Documents/DB_ETR1000/DOC_FLOTTE/VZI-6_R1/CONFIG/FRS/FA020024531.pdf#page=17
    Pagina : '17' → 17
2026-07-22 09:30:41,853 [INFO]   [VZI-4_R1] nessun link — skip
2026-07-22 09:30:41,853 [INFO]   Doc 'FRS_Air Supply' [cartella: CONFIG] (riga 209): 3/6 configurazioni con link
2026-07-22 09:30:41,853 [INFO] 
───────────────────────────────────────────────────────
  FUNZIONE    : AIR_Control_of_Auxiliary_Compressor — 
  DOCUMENTO   : FRS_Air Supply
  DOC CARTELLA: CONFIG
  RIGA Doc    : 209 | RIGA AI: 211
───────────────────────────────────────────────────────
2026-07-22 09:30:41,854 [INFO]   [VZI_Base]
    URL    : https://gruppofsitaliane.sharepoint.com/:f:/r/sites/IngegneriaETReMezziLeggeri-Trenitalia/Shared%20Documents/DB_ETR1000/DOC_FLOTTE/VZI_Base/CONFIG/FRS/3EST000225-7915.pdf#page=22
    Pagina : '22' → 22
2026-07-22 09:30:41,854 [INFO]   [VZI_New14]
    URL    : https://gruppofsitaliane.sharepoint.com/:f:/r/sites/IngegneriaETReMezziLeggeri-Trenitalia/Shared%20Documents/DB_ETR1000/DOC_FLOTTE/VZI_New14/CONFIG/FRS/3ECP413719-0603.pdf#page=19
    Pagina : '19' → 19
2026-07-22 09:30:41,854 [INFO]   [VZ_FR] nessun link — skip
2026-07-22 09:30:41,854 [INFO]   [VZ_ES] nessun link — skip
2026-07-22 09:30:41,854 [INFO]   [VZI-6_R1]
    URL    : https://gruppofsitaliane.sharepoint.com/:f:/r/sites/IngegneriaETReMezziLeggeri-Trenitalia/Shared%20Documents/DB_ETR1000/DOC_FLOTTE/VZI-6_R1/CONFIG/FRS/FA020024531.pdf#page=18
    Pagina : '18' → 18
2026-07-22 09:30:41,854 [INFO]   [VZI-4_R1] nessun link — skip
2026-07-22 09:30:41,854 [INFO]   Doc 'FRS_Air Supply' [cartella: CONFIG] (riga 213): 3/6 configurazioni con link
2026-07-22 09:30:41,854 [INFO] 
───────────────────────────────────────────────────────
  FUNZIONE    : AIR_Suspension_Supervision — 
  DOCUMENTO   : FRS_Air Supply
  DOC CARTELLA: CONFIG
  RIGA Doc    : 213 | RIGA AI: 215
───────────────────────────────────────────────────────
2026-07-22 09:30:41,855 [INFO]   [VZI_Base]
    URL    : https://gruppofsitaliane.sharepoint.com/:f:/r/sites/IngegneriaETReMezziLeggeri-Trenitalia/Shared%20Documents/DB_ETR1000/DOC_FLOTTE/VZI_Base/CONFIG/FRS/3EST000225-7915.pdf#page=26
    Pagina : '26' → 26
2026-07-22 09:30:41,855 [INFO]   [VZI_New14]
    URL    : https://gruppofsitaliane.sharepoint.com/:f:/r/sites/IngegneriaETReMezziLeggeri-Trenitalia/Shared%20Documents/DB_ETR1000/DOC_FLOTTE/VZI_New14/CONFIG/FRS/3ECP413719-0603.pdf#page=22
    Pagina : '22' → 22
2026-07-22 09:30:41,855 [INFO]   [VZ_FR] nessun link — skip
2026-07-22 09:30:41,855 [INFO]   [VZ_ES] nessun link — skip
2026-07-22 09:30:41,855 [INFO]   [VZI-6_R1]
    URL    : https://gruppofsitaliane.sharepoint.com/:f:/r/sites/IngegneriaETReMezziLeggeri-Trenitalia/Shared%20Documents/DB_ETR1000/DOC_FLOTTE/VZI-6_R1/CONFIG/FRS/FA020024531.pdf#page=21
    Pagina : '21' → 21
2026-07-22 09:30:41,855 [INFO]   [VZI-4_R1] nessun link — skip
2026-07-22 09:30:41,855 [INFO]   Doc 'FRS_Air Supply' [cartella: CONFIG] (riga 217): 3/6 configurazioni con link
2026-07-22 09:30:41,856 [INFO] 
───────────────────────────────────────────────────────
  FUNZIONE    : AIR_Provision_for_Tilt_system — 
  DOCUMENTO   : FRS_Air Supply
  DOC CARTELLA: CONFIG
  RIGA Doc    : 217 | RIGA AI: 219
───────────────────────────────────────────────────────
2026-07-22 09:30:41,856 [INFO]   [VZI_Base]
    URL    : https://gruppofsitaliane.sharepoint.com/:f:/r/sites/IngegneriaETReMezziLeggeri-Trenitalia/Shared%20Documents/DB_ETR1000/DOC_FLOTTE/VZI_Base/CONFIG/FRS/3EST000225-7915.pdf#page=28
    Pagina : '28' → 28
2026-07-22 09:30:41,856 [INFO]   [VZI_New14]
    URL    : https://gruppofsitaliane.sharepoint.com/:f:/r/sites/IngegneriaETReMezziLeggeri-Trenitalia/Shared%20Documents/DB_ETR1000/DOC_FLOTTE/VZI_New14/CONFIG/FRS/3ECP413719-0603.pdf#page=23
    Pagina : '23' → 23
2026-07-22 09:30:41,856 [INFO]   [VZ_FR] nessun link — skip
2026-07-22 09:30:41,856 [INFO]   [VZ_ES] nessun link — skip
2026-07-22 09:30:41,856 [INFO]   [VZI-6_R1]
    URL    : https://gruppofsitaliane.sharepoint.com/:f:/r/sites/IngegneriaETReMezziLeggeri-Trenitalia/Shared%20Documents/DB_ETR1000/DOC_FLOTTE/VZI-6_R1/CONFIG/FRS/FA020024531.pdf#page=22
    Pagina : '22' → 22
2026-07-22 09:30:41,856 [INFO]   [VZI-4_R1] nessun link — skip
2026-07-22 09:30:41,857 [INFO]   Doc 'FRS_Brake Control' [cartella: CONFIG] (riga 221): 4/6 configurazioni con link
2026-07-22 09:30:41,857 [INFO] 
───────────────────────────────────────────────────────
  FUNZIONE    : BRK_Service_Brake_Direct_Electro-Pneumatic_Brake — 
  DOCUMENTO   : FRS_Brake Control
  DOC CARTELLA: CONFIG
  RIGA Doc    : 221 | RIGA AI: 223
───────────────────────────────────────────────────────
2026-07-22 09:30:41,857 [INFO]   [VZI_Base]
    URL    : https://gruppofsitaliane.sharepoint.com/:f:/r/sites/IngegneriaETReMezziLeggeri-Trenitalia/Shared%20Documents/DB_ETR1000/DOC_FLOTTE/VZI_Base/CONFIG/FRS/3EST000225-7910.pdf#page=14
    Pagina : '14' → 14
2026-07-22 09:30:41,857 [INFO]   [VZI_New14] nessun link — skip
2026-07-22 09:30:41,857 [INFO]   [VZ_FR]
    URL    : https://gruppofsitaliane.sharepoint.com/:f:/r/sites/IngegneriaETReMezziLeggeri-Trenitalia/Shared%20Documents/DB_ETR1000/DOC_FLOTTE/VZ_FR/CONFIG/FRS/3ECP413571-0502.pdf#page=14
    Pagina : '14' → 14
2026-07-22 09:30:41,858 [INFO]   [VZ_ES]
    URL    : https://gruppofsitaliane.sharepoint.com/:f:/r/sites/IngegneriaETReMezziLeggeri-Trenitalia/Shared%20Documents/DB_ETR1000/DOC_FLOTTE/VZ_ES/CONFIG/FRS/3ECP413922-0502.pdf#page=14
    Pagina : '14' → 14
2026-07-22 09:30:41,858 [INFO]   [VZI-6_R1]
    URL    : https://gruppofsitaliane.sharepoint.com/:f:/r/sites/IngegneriaETReMezziLeggeri-Trenitalia/Shared%20Documents/DB_ETR1000/DOC_FLOTTE/VZI-6_R1/CONFIG/FRS/FA020023100.pdf#page=19
    Pagina : '19' → 19
2026-07-22 09:30:41,858 [INFO]   [VZI-4_R1] nessun link — skip
2026-07-22 09:30:41,858 [INFO]   Doc 'FRS_Brake Control' [cartella: CONFIG] (riga 225): 4/6 configurazioni con link
2026-07-22 09:30:41,858 [INFO] 
───────────────────────────────────────────────────────
  FUNZIONE    : BRK_Service_Brake_Indirect_Brake — 
  DOCUMENTO   : FRS_Brake Control
  DOC CARTELLA: CONFIG
  RIGA Doc    : 225 | RIGA AI: 227
───────────────────────────────────────────────────────
2026-07-22 09:30:41,858 [INFO]   [VZI_Base]
    URL    : https://gruppofsitaliane.sharepoint.com/:f:/r/sites/IngegneriaETReMezziLeggeri-Trenitalia/Shared%20Documents/DB_ETR1000/DOC_FLOTTE/VZI_Base/CONFIG/FRS/3EST000225-7910.pdf#page=50
    Pagina : '50' → 50
2026-07-22 09:30:41,858 [INFO]   [VZI_New14] nessun link — skip
2026-07-22 09:30:41,859 [INFO]   [VZ_FR]
    URL    : https://gruppofsitaliane.sharepoint.com/:f:/r/sites/IngegneriaETReMezziLeggeri-Trenitalia/Shared%20Documents/DB_ETR1000/DOC_FLOTTE/VZ_FR/CONFIG/FRS/3ECP413571-0502.pdf#page=54
    Pagina : '54' → 54
2026-07-22 09:30:41,859 [INFO]   [VZ_ES]
    URL    : https://gruppofsitaliane.sharepoint.com/:f:/r/sites/IngegneriaETReMezziLeggeri-Trenitalia/Shared%20Documents/DB_ETR1000/DOC_FLOTTE/VZ_ES/CONFIG/FRS/3ECP413922-0502.pdf#page=50
    Pagina : '50' → 50
2026-07-22 09:30:41,859 [INFO]   [VZI-6_R1]
    URL    : https://gruppofsitaliane.sharepoint.com/:f:/r/sites/IngegneriaETReMezziLeggeri-Trenitalia/Shared%20Documents/DB_ETR1000/DOC_FLOTTE/VZI-6_R1/CONFIG/FRS/FA020023100.pdf#page=95
    Pagina : '95' → 95
2026-07-22 09:30:41,859 [INFO]   [VZI-4_R1] nessun link — skip
2026-07-22 09:30:41,859 [INFO]   Doc 'FRS_Brake Control' [cartella: CONFIG] (riga 229): 4/6 configurazioni con link
2026-07-22 09:30:41,859 [INFO] 
───────────────────────────────────────────────────────
  FUNZIONE    : BRK_Holding_Brake — 
  DOCUMENTO   : FRS_Brake Control
  DOC CARTELLA: CONFIG
  RIGA Doc    : 229 | RIGA AI: 231
───────────────────────────────────────────────────────
2026-07-22 09:30:41,860 [INFO]   [VZI_Base]
    URL    : https://gruppofsitaliane.sharepoint.com/:f:/r/sites/IngegneriaETReMezziLeggeri-Trenitalia/Shared%20Documents/DB_ETR1000/DOC_FLOTTE/VZI_Base/CONFIG/FRS/3EST000225-7910.pdf#page=87
    Pagina : '87' → 87
2026-07-22 09:30:41,860 [INFO]   [VZI_New14] nessun link — skip
2026-07-22 09:30:41,860 [INFO]   [VZ_FR]
    URL    : https://gruppofsitaliane.sharepoint.com/:f:/r/sites/IngegneriaETReMezziLeggeri-Trenitalia/Shared%20Documents/DB_ETR1000/DOC_FLOTTE/VZ_FR/CONFIG/FRS/3ECP413571-0502.pdf#page=94
    Pagina : '94' → 94
2026-07-22 09:30:41,860 [INFO]   [VZ_ES]
    URL    : https://gruppofsitaliane.sharepoint.com/:f:/r/sites/IngegneriaETReMezziLeggeri-Trenitalia/Shared%20Documents/DB_ETR1000/DOC_FLOTTE/VZ_ES/CONFIG/FRS/3ECP413922-0502.pdf#page=86
    Pagina : '86' → 86
2026-07-22 09:30:41,861 [INFO]   [VZI-6_R1]
    URL    : https://gruppofsitaliane.sharepoint.com/:f:/r/sites/IngegneriaETReMezziLeggeri-Trenitalia/Shared%20Documents/DB_ETR1000/DOC_FLOTTE/VZI-6_R1/CONFIG/FRS/FA020023100.pdf#page=129
    Pagina : '129' → 129
2026-07-22 09:30:41,861 [INFO]   [VZI-4_R1] nessun link — skip
2026-07-22 09:30:41,861 [INFO]   Doc 'FRS_Brake Control' [cartella: CONFIG] (riga 233): 4/6 configurazioni con link
2026-07-22 09:30:41,861 [INFO] 
───────────────────────────────────────────────────────
  FUNZIONE    : BRK_Urgency_Brake_(Optional) — 
  DOCUMENTO   : FRS_Brake Control
  DOC CARTELLA: CONFIG
  RIGA Doc    : 233 | RIGA AI: 235
───────────────────────────────────────────────────────
2026-07-22 09:30:41,861 [INFO]   [VZI_Base]
    URL    : https://gruppofsitaliane.sharepoint.com/:f:/r/sites/IngegneriaETReMezziLeggeri-Trenitalia/Shared%20Documents/DB_ETR1000/DOC_FLOTTE/VZI_Base/CONFIG/FRS/3EST000225-7910.pdf#page=91
    Pagina : '91' → 91
2026-07-22 09:30:41,862 [INFO]   [VZI_New14] nessun link — skip
2026-07-22 09:30:41,862 [INFO]   [VZ_FR]
    URL    : https://gruppofsitaliane.sharepoint.com/:f:/r/sites/IngegneriaETReMezziLeggeri-Trenitalia/Shared%20Documents/DB_ETR1000/DOC_FLOTTE/VZ_FR/CONFIG/FRS/3ECP413571-0502.pdf#page=99
    Pagina : '99' → 99
2026-07-22 09:30:41,862 [INFO]   [VZ_ES]
    URL    : https://gruppofsitaliane.sharepoint.com/:f:/r/sites/IngegneriaETReMezziLeggeri-Trenitalia/Shared%20Documents/DB_ETR1000/DOC_FLOTTE/VZ_ES/CONFIG/FRS/3ECP413922-0502.pdf#page=90
    Pagina : '90' → 90
2026-07-22 09:30:41,862 [INFO]   [VZI-6_R1]
    URL    : https://gruppofsitaliane.sharepoint.com/:f:/r/sites/IngegneriaETReMezziLeggeri-Trenitalia/Shared%20Documents/DB_ETR1000/DOC_FLOTTE/VZI-6_R1/CONFIG/FRS/FA020023100.pdf#page=133
    Pagina : '133' → 133
2026-07-22 09:30:41,862 [INFO]   [VZI-4_R1] nessun link — skip
2026-07-22 09:30:41,862 [INFO]   Doc 'FRS_Brake Control' [cartella: CONFIG] (riga 237): 4/6 configurazioni con link
2026-07-22 09:30:41,863 [INFO] 
───────────────────────────────────────────────────────
  FUNZIONE    : BRK_Emergency_Brake — 
  DOCUMENTO   : FRS_Brake Control
  DOC CARTELLA: CONFIG
  RIGA Doc    : 237 | RIGA AI: 239
───────────────────────────────────────────────────────
2026-07-22 09:30:41,863 [INFO]   [VZI_Base]
    URL    : https://gruppofsitaliane.sharepoint.com/:f:/r/sites/IngegneriaETReMezziLeggeri-Trenitalia/Shared%20Documents/DB_ETR1000/DOC_FLOTTE/VZI_Base/CONFIG/FRS/3EST000225-7910.pdf#page=97
    Pagina : '97' → 97
2026-07-22 09:30:41,863 [INFO]   [VZI_New14] nessun link — skip
2026-07-22 09:30:41,863 [INFO]   [VZ_FR]
    URL    : https://gruppofsitaliane.sharepoint.com/:f:/r/sites/IngegneriaETReMezziLeggeri-Trenitalia/Shared%20Documents/DB_ETR1000/DOC_FLOTTE/VZ_FR/CONFIG/FRS/3ECP413571-0502.pdf#page=102
    Pagina : '102' → 102
2026-07-22 09:30:41,863 [INFO]   [VZ_ES]
    URL    : https://gruppofsitaliane.sharepoint.com/:f:/r/sites/IngegneriaETReMezziLeggeri-Trenitalia/Shared%20Documents/DB_ETR1000/DOC_FLOTTE/VZ_ES/CONFIG/FRS/3ECP413922-0502.pdf#page=93
    Pagina : '93' → 93
2026-07-22 09:30:41,863 [INFO]   [VZI-6_R1]
    URL    : https://gruppofsitaliane.sharepoint.com/:f:/r/sites/IngegneriaETReMezziLeggeri-Trenitalia/Shared%20Documents/DB_ETR1000/DOC_FLOTTE/VZI-6_R1/CONFIG/FRS/FA020023100.pdf#page=136
    Pagina : '136' → 136
2026-07-22 09:30:41,863 [INFO]   [VZI-4_R1] nessun link — skip
2026-07-22 09:30:41,863 [INFO]   Doc 'FRS_Brake Control' [cartella: CONFIG] (riga 241): 4/6 configurazioni con link
2026-07-22 09:30:41,863 [INFO] 
───────────────────────────────────────────────────────
  FUNZIONE    : BRK_Parking_Brake — 
  DOCUMENTO   : FRS_Brake Control
  DOC CARTELLA: CONFIG
  RIGA Doc    : 241 | RIGA AI: 243
───────────────────────────────────────────────────────
2026-07-22 09:30:41,863 [INFO]   [VZI_Base]
    URL    : https://gruppofsitaliane.sharepoint.com/:f:/r/sites/IngegneriaETReMezziLeggeri-Trenitalia/Shared%20Documents/DB_ETR1000/DOC_FLOTTE/VZI_Base/CONFIG/FRS/3EST000225-7910.pdf#page=117
    Pagina : '117' → 117
2026-07-22 09:30:41,864 [INFO]   [VZI_New14] nessun link — skip
2026-07-22 09:30:41,864 [INFO]   [VZ_FR]
    URL    : https://gruppofsitaliane.sharepoint.com/:f:/r/sites/IngegneriaETReMezziLeggeri-Trenitalia/Shared%20Documents/DB_ETR1000/DOC_FLOTTE/VZ_FR/CONFIG/FRS/3ECP413571-0502.pdf#page=127
    Pagina : '127' → 127
2026-07-22 09:30:41,864 [INFO]   [VZ_ES]
    URL    : https://gruppofsitaliane.sharepoint.com/:f:/r/sites/IngegneriaETReMezziLeggeri-Trenitalia/Shared%20Documents/DB_ETR1000/DOC_FLOTTE/VZ_ES/CONFIG/FRS/3ECP413922-0502.pdf#page=113
    Pagina : '113' → 113
2026-07-22 09:30:41,864 [INFO]   [VZI-6_R1]
    URL    : https://gruppofsitaliane.sharepoint.com/:f:/r/sites/IngegneriaETReMezziLeggeri-Trenitalia/Shared%20Documents/DB_ETR1000/DOC_FLOTTE/VZI-6_R1/CONFIG/FRS/FA020023100.pdf#page=154
    Pagina : '154' → 154
2026-07-22 09:30:41,864 [INFO]   [VZI-4_R1] nessun link — skip
2026-07-22 09:30:41,864 [INFO]   Doc 'FRS_Brake Control' [cartella: CONFIG] (riga 245): 4/6 configurazioni con link
2026-07-22 09:30:41,864 [INFO] 
───────────────────────────────────────────────────────
  FUNZIONE    : BRK_Wheel_Slide_Protection — 
  DOCUMENTO   : FRS_Brake Control
  DOC CARTELLA: CONFIG
  RIGA Doc    : 245 | RIGA AI: 247
───────────────────────────────────────────────────────
2026-07-22 09:30:41,864 [INFO]   [VZI_Base]
    URL    : https://gruppofsitaliane.sharepoint.com/:f:/r/sites/IngegneriaETReMezziLeggeri-Trenitalia/Shared%20Documents/DB_ETR1000/DOC_FLOTTE/VZI_Base/CONFIG/FRS/3EST000225-7910.pdf#page=131
    Pagina : '131' → 131
2026-07-22 09:30:41,865 [INFO]   [VZI_New14] nessun link — skip
2026-07-22 09:30:41,865 [INFO]   [VZ_FR]
    URL    : https://gruppofsitaliane.sharepoint.com/:f:/r/sites/IngegneriaETReMezziLeggeri-Trenitalia/Shared%20Documents/DB_ETR1000/DOC_FLOTTE/VZ_FR/CONFIG/FRS/3ECP413571-0502.pdf#page=142
    Pagina : '142' → 142
2026-07-22 09:30:41,865 [INFO]   [VZ_ES]
    URL    : https://gruppofsitaliane.sharepoint.com/:f:/r/sites/IngegneriaETReMezziLeggeri-Trenitalia/Shared%20Documents/DB_ETR1000/DOC_FLOTTE/VZ_ES/CONFIG/FRS/3ECP413922-0502.pdf#page=131
    Pagina : '131' → 131
2026-07-22 09:30:41,865 [INFO]   [VZI-6_R1]
    URL    : https://gruppofsitaliane.sharepoint.com/:f:/r/sites/IngegneriaETReMezziLeggeri-Trenitalia/Shared%20Documents/DB_ETR1000/DOC_FLOTTE/VZI-6_R1/CONFIG/FRS/FA020023100.pdf#page=171
    Pagina : '171' → 171
2026-07-22 09:30:41,865 [INFO]   [VZI-4_R1] nessun link — skip
2026-07-22 09:30:41,865 [INFO]   Doc 'FRS_Brake Control' [cartella: CONFIG] (riga 249): 4/6 configurazioni con link
2026-07-22 09:30:41,865 [INFO] 
───────────────────────────────────────────────────────
  FUNZIONE    : BRK_Detection_of_Non-Rotating_Axle_(DNRA) — 
  DOCUMENTO   : FRS_Brake Control
  DOC CARTELLA: CONFIG
  RIGA Doc    : 249 | RIGA AI: 251
───────────────────────────────────────────────────────
2026-07-22 09:30:41,865 [INFO]   [VZI_Base]
    URL    : https://gruppofsitaliane.sharepoint.com/:f:/r/sites/IngegneriaETReMezziLeggeri-Trenitalia/Shared%20Documents/DB_ETR1000/DOC_FLOTTE/VZI_Base/CONFIG/FRS/3EST000225-7910.pdf#page=145
    Pagina : '145' → 145
2026-07-22 09:30:41,866 [INFO]   [VZI_New14] nessun link — skip
2026-07-22 09:30:41,866 [INFO]   [VZ_FR]
    URL    : https://gruppofsitaliane.sharepoint.com/:f:/r/sites/IngegneriaETReMezziLeggeri-Trenitalia/Shared%20Documents/DB_ETR1000/DOC_FLOTTE/VZ_FR/CONFIG/FRS/3ECP413571-0502.pdf#page=157
    Pagina : '157' → 157
2026-07-22 09:30:41,866 [INFO]   [VZ_ES]
    URL    : https://gruppofsitaliane.sharepoint.com/:f:/r/sites/IngegneriaETReMezziLeggeri-Trenitalia/Shared%20Documents/DB_ETR1000/DOC_FLOTTE/VZ_ES/CONFIG/FRS/3ECP413922-0502.pdf#page=144
    Pagina : '144' → 144
2026-07-22 09:30:41,866 [INFO]   [VZI-6_R1]
    URL    : https://gruppofsitaliane.sharepoint.com/:f:/r/sites/IngegneriaETReMezziLeggeri-Trenitalia/Shared%20Documents/DB_ETR1000/DOC_FLOTTE/VZI-6_R1/CONFIG/FRS/FA020023100.pdf#page=189
    Pagina : '189' → 189
2026-07-22 09:30:41,866 [INFO]   [VZI-4_R1] nessun link — skip
2026-07-22 09:30:41,866 [INFO]   Doc 'FRS_Brake Control' [cartella: CONFIG] (riga 253): 4/6 configurazioni con link
2026-07-22 09:30:41,866 [INFO] 
───────────────────────────────────────────────────────
  FUNZIONE    : BRK_Passenger_Emergency_Brake — 
  DOCUMENTO   : FRS_Brake Control
  DOC CARTELLA: CONFIG
  RIGA Doc    : 253 | RIGA AI: 255
───────────────────────────────────────────────────────
2026-07-22 09:30:41,866 [INFO]   [VZI_Base]
    URL    : https://gruppofsitaliane.sharepoint.com/:f:/r/sites/IngegneriaETReMezziLeggeri-Trenitalia/Shared%20Documents/DB_ETR1000/DOC_FLOTTE/VZI_Base/CONFIG/FRS/3EST000225-7910.pdf#page=153
    Pagina : '153' → 153
2026-07-22 09:30:41,866 [INFO]   [VZI_New14] nessun link — skip
2026-07-22 09:30:41,867 [INFO]   [VZ_FR]
    URL    : https://gruppofsitaliane.sharepoint.com/:f:/r/sites/IngegneriaETReMezziLeggeri-Trenitalia/Shared%20Documents/DB_ETR1000/DOC_FLOTTE/VZ_FR/CONFIG/FRS/3ECP413571-0502.pdf#page=165
    Pagina : '165' → 165
2026-07-22 09:30:41,867 [INFO]   [VZ_ES]
    URL    : https://gruppofsitaliane.sharepoint.com/:f:/r/sites/IngegneriaETReMezziLeggeri-Trenitalia/Shared%20Documents/DB_ETR1000/DOC_FLOTTE/VZ_ES/CONFIG/FRS/3ECP413922-0502.pdf#page=166
    Pagina : '166' → 166
2026-07-22 09:30:41,867 [INFO]   [VZI-6_R1]
    URL    : https://gruppofsitaliane.sharepoint.com/:f:/r/sites/IngegneriaETReMezziLeggeri-Trenitalia/Shared%20Documents/DB_ETR1000/DOC_FLOTTE/VZI-6_R1/CONFIG/FRS/FA020023100.pdf#page=192
    Pagina : '192' → 192
2026-07-22 09:30:41,867 [INFO]   [VZI-4_R1] nessun link — skip
2026-07-22 09:30:41,867 [INFO]   Doc 'FRS_Brake Control' [cartella: CONFIG] (riga 257): 4/6 configurazioni con link
2026-07-22 09:30:41,867 [INFO] 
───────────────────────────────────────────────────────
  FUNZIONE    : BRK_Sanding — 
  DOCUMENTO   : FRS_Brake Control
  DOC CARTELLA: CONFIG
  RIGA Doc    : 257 | RIGA AI: 259
───────────────────────────────────────────────────────
2026-07-22 09:30:41,867 [INFO]   [VZI_Base]
    URL    : https://gruppofsitaliane.sharepoint.com/:f:/r/sites/IngegneriaETReMezziLeggeri-Trenitalia/Shared%20Documents/DB_ETR1000/DOC_FLOTTE/VZI_Base/CONFIG/FRS/3EST000225-7910.pdf#page=163
    Pagina : '163' → 163
2026-07-22 09:30:41,867 [INFO]   [VZI_New14] nessun link — skip
2026-07-22 09:30:41,867 [INFO]   [VZ_FR]
    URL    : https://gruppofsitaliane.sharepoint.com/:f:/r/sites/IngegneriaETReMezziLeggeri-Trenitalia/Shared%20Documents/DB_ETR1000/DOC_FLOTTE/VZ_FR/CONFIG/FRS/3ECP413571-0502.pdf#page=173
    Pagina : '173' → 173
2026-07-22 09:30:41,868 [INFO]   [VZ_ES]
    URL    : https://gruppofsitaliane.sharepoint.com/:f:/r/sites/IngegneriaETReMezziLeggeri-Trenitalia/Shared%20Documents/DB_ETR1000/DOC_FLOTTE/VZ_ES/CONFIG/FRS/3ECP413922-0502.pdf#page=177
    Pagina : '177' → 177
2026-07-22 09:30:41,868 [INFO]   [VZI-6_R1]
    URL    : https://gruppofsitaliane.sharepoint.com/:f:/r/sites/IngegneriaETReMezziLeggeri-Trenitalia/Shared%20Documents/DB_ETR1000/DOC_FLOTTE/VZI-6_R1/CONFIG/FRS/FA020023100.pdf#page=204
    Pagina : '204' → 204
2026-07-22 09:30:41,868 [INFO]   [VZI-4_R1] nessun link — skip
2026-07-22 09:30:41,868 [INFO]   Doc 'FRS_Brake Control' [cartella: CONFIG] (riga 261): 4/6 configurazioni con link
2026-07-22 09:30:41,868 [INFO] 
───────────────────────────────────────────────────────
  FUNZIONE    : BRK_Brake_Test — 
  DOCUMENTO   : FRS_Brake Control
  DOC CARTELLA: CONFIG
  RIGA Doc    : 261 | RIGA AI: 263
───────────────────────────────────────────────────────
2026-07-22 09:30:41,868 [INFO]   [VZI_Base]
    URL    : https://gruppofsitaliane.sharepoint.com/:f:/r/sites/IngegneriaETReMezziLeggeri-Trenitalia/Shared%20Documents/DB_ETR1000/DOC_FLOTTE/VZI_Base/CONFIG/FRS/3EST000225-7910.pdf#page=172
    Pagina : '172' → 172
2026-07-22 09:30:41,868 [INFO]   [VZI_New14] nessun link — skip
2026-07-22 09:30:41,868 [INFO]   [VZ_FR]
    URL    : https://gruppofsitaliane.sharepoint.com/:f:/r/sites/IngegneriaETReMezziLeggeri-Trenitalia/Shared%20Documents/DB_ETR1000/DOC_FLOTTE/VZ_FR/CONFIG/FRS/3ECP413571-0502.pdf#page=184
    Pagina : '184' → 184
2026-07-22 09:30:41,868 [INFO]   [VZ_ES]
    URL    : https://gruppofsitaliane.sharepoint.com/:f:/r/sites/IngegneriaETReMezziLeggeri-Trenitalia/Shared%20Documents/DB_ETR1000/DOC_FLOTTE/VZ_ES/CONFIG/FRS/3ECP413922-0502.pdf#page=186
    Pagina : '186' → 186
2026-07-22 09:30:41,868 [INFO]   [VZI-6_R1]
    URL    : https://gruppofsitaliane.sharepoint.com/:f:/r/sites/IngegneriaETReMezziLeggeri-Trenitalia/Shared%20Documents/DB_ETR1000/DOC_FLOTTE/VZI-6_R1/CONFIG/FRS/FA020023100.pdf#page=213
    Pagina : '213' → 213
2026-07-22 09:30:41,869 [INFO]   [VZI-4_R1] nessun link — skip
2026-07-22 09:30:41,869 [INFO]   Doc 'FRS_Brake Control' [cartella: CONFIG] (riga 265): 4/6 configurazioni con link
2026-07-22 09:30:41,869 [INFO] 
───────────────────────────────────────────────────────
  FUNZIONE    : BRK_Towing — 
  DOCUMENTO   : FRS_Brake Control
  DOC CARTELLA: CONFIG
  RIGA Doc    : 265 | RIGA AI: 267
───────────────────────────────────────────────────────
2026-07-22 09:30:41,869 [INFO]   [VZI_Base]
    URL    : https://gruppofsitaliane.sharepoint.com/:f:/r/sites/IngegneriaETReMezziLeggeri-Trenitalia/Shared%20Documents/DB_ETR1000/DOC_FLOTTE/VZI_Base/CONFIG/FRS/3EST000225-7910.pdf#page=224
    Pagina : '224' → 224
2026-07-22 09:30:41,869 [INFO]   [VZI_New14] nessun link — skip
2026-07-22 09:30:41,869 [INFO]   [VZ_FR]
    URL    : https://gruppofsitaliane.sharepoint.com/:f:/r/sites/IngegneriaETReMezziLeggeri-Trenitalia/Shared%20Documents/DB_ETR1000/DOC_FLOTTE/VZ_FR/CONFIG/FRS/3ECP413571-0502.pdf#page=238
    Pagina : '238' → 238
2026-07-22 09:30:41,869 [INFO]   [VZ_ES]
    URL    : https://gruppofsitaliane.sharepoint.com/:f:/r/sites/IngegneriaETReMezziLeggeri-Trenitalia/Shared%20Documents/DB_ETR1000/DOC_FLOTTE/VZ_ES/CONFIG/FRS/3ECP413922-0502.pdf#page=234
    Pagina : '234' → 234
2026-07-22 09:30:41,869 [INFO]   [VZI-6_R1]
    URL    : https://gruppofsitaliane.sharepoint.com/:f:/r/sites/IngegneriaETReMezziLeggeri-Trenitalia/Shared%20Documents/DB_ETR1000/DOC_FLOTTE/VZI-6_R1/CONFIG/FRS/FA020023100.pdf#page=262
    Pagina : '262' → 262
2026-07-22 09:30:41,870 [INFO]   [VZI-4_R1] nessun link — skip
2026-07-22 09:30:41,870 [INFO]   Doc 'FRS_Brake Control' [cartella: CONFIG] (riga 269): 4/6 configurazioni con link
2026-07-22 09:30:41,870 [INFO] 
───────────────────────────────────────────────────────
  FUNZIONE    : BRK_Fire_Safety_&_Running_Capability — 
  DOCUMENTO   : FRS_Brake Control
  DOC CARTELLA: CONFIG
  RIGA Doc    : 269 | RIGA AI: 271
───────────────────────────────────────────────────────
2026-07-22 09:30:41,870 [INFO]   [VZI_Base]
    URL    : https://gruppofsitaliane.sharepoint.com/:f:/r/sites/IngegneriaETReMezziLeggeri-Trenitalia/Shared%20Documents/DB_ETR1000/DOC_FLOTTE/VZI_Base/CONFIG/FRS/3EST000225-7910.pdf#page=233
    Pagina : '233' → 233
2026-07-22 09:30:41,870 [INFO]   [VZI_New14] nessun link — skip
2026-07-22 09:30:41,870 [INFO]   [VZ_FR]
    URL    : https://gruppofsitaliane.sharepoint.com/:f:/r/sites/IngegneriaETReMezziLeggeri-Trenitalia/Shared%20Documents/DB_ETR1000/DOC_FLOTTE/VZ_FR/CONFIG/FRS/3ECP413571-0502.pdf#page=246
    Pagina : '246' → 246
2026-07-22 09:30:41,870 [INFO]   [VZ_ES]
    URL    : https://gruppofsitaliane.sharepoint.com/:f:/r/sites/IngegneriaETReMezziLeggeri-Trenitalia/Shared%20Documents/DB_ETR1000/DOC_FLOTTE/VZ_ES/CONFIG/FRS/3ECP413922-0502.pdf#page=242
    Pagina : '242' → 242
2026-07-22 09:30:41,871 [INFO]   [VZI-6_R1]
    URL    : https://gruppofsitaliane.sharepoint.com/:f:/r/sites/IngegneriaETReMezziLeggeri-Trenitalia/Shared%20Documents/DB_ETR1000/DOC_FLOTTE/VZI-6_R1/CONFIG/FRS/FA020023100.pdf#page=270
    Pagina : '270' → 270
2026-07-22 09:30:41,871 [INFO]   [VZI-4_R1] nessun link — skip
2026-07-22 09:30:41,871 [INFO]   Doc 'FRS_Brake Control' [cartella: CONFIG] (riga 273): 4/6 configurazioni con link
2026-07-22 09:30:41,871 [INFO] 
───────────────────────────────────────────────────────
  FUNZIONE    : BRK_Magnetic_Track_Brake_Optional — 
  DOCUMENTO   : FRS_Brake Control
  DOC CARTELLA: CONFIG
  RIGA Doc    : 273 | RIGA AI: 275
───────────────────────────────────────────────────────
2026-07-22 09:30:41,871 [INFO]   [VZI_Base]
    URL    : https://gruppofsitaliane.sharepoint.com/:f:/r/sites/IngegneriaETReMezziLeggeri-Trenitalia/Shared%20Documents/DB_ETR1000/DOC_FLOTTE/VZI_Base/CONFIG/FRS/3EST000225-7910.pdf#page=234
    Pagina : '234' → 234
2026-07-22 09:30:41,871 [INFO]   [VZI_New14] nessun link — skip
2026-07-22 09:30:41,872 [INFO]   [VZ_FR]
    URL    : https://gruppofsitaliane.sharepoint.com/:f:/r/sites/IngegneriaETReMezziLeggeri-Trenitalia/Shared%20Documents/DB_ETR1000/DOC_FLOTTE/VZ_FR/CONFIG/FRS/3ECP413571-0502.pdf#page=247
    Pagina : '247' → 247
2026-07-22 09:30:41,872 [INFO]   [VZ_ES]
    URL    : https://gruppofsitaliane.sharepoint.com/:f:/r/sites/IngegneriaETReMezziLeggeri-Trenitalia/Shared%20Documents/DB_ETR1000/DOC_FLOTTE/VZ_ES/CONFIG/FRS/3ECP413922-0502.pdf
    Pagina : '' → 0
2026-07-22 09:30:41,872 [INFO]   [VZI-6_R1]
    URL    : https://gruppofsitaliane.sharepoint.com/:f:/r/sites/IngegneriaETReMezziLeggeri-Trenitalia/Shared%20Documents/DB_ETR1000/DOC_FLOTTE/VZI-6_R1/CONFIG/FRS/FA020023100.pdf
    Pagina : '' → 0
2026-07-22 09:30:41,872 [INFO]   [VZI-4_R1] nessun link — skip
2026-07-22 09:30:41,872 [INFO]   Doc 'FRS_Bogies' [cartella: CONFIG] (riga 277): 3/6 configurazioni con link
2026-07-22 09:30:41,872 [INFO] 
───────────────────────────────────────────────────────
  FUNZIONE    : BOG_Flange_Lubrication — 
  DOCUMENTO   : FRS_Bogies
  DOC CARTELLA: CONFIG
  RIGA Doc    : 277 | RIGA AI: 279
───────────────────────────────────────────────────────
2026-07-22 09:30:41,872 [INFO]   [VZI_Base]
    URL    : https://gruppofsitaliane.sharepoint.com/:f:/r/sites/IngegneriaETReMezziLeggeri-Trenitalia/Shared%20Documents/DB_ETR1000/DOC_FLOTTE/VZI_Base/CONFIG/FRS/3EST000225-7906.pdf#page=11
    Pagina : '11' → 11
2026-07-22 09:30:41,872 [INFO]   [VZI_New14]
    URL    : https://gruppofsitaliane.sharepoint.com/:f:/r/sites/IngegneriaETReMezziLeggeri-Trenitalia/Shared%20Documents/DB_ETR1000/DOC_FLOTTE/VZI_New14/CONFIG/FRS/3ECP413719-0300.pdf#page=10
    Pagina : '10' → 10
2026-07-22 09:30:41,873 [INFO]   [VZ_FR] nessun link — skip
2026-07-22 09:30:41,873 [INFO]   [VZ_ES] nessun link — skip
2026-07-22 09:30:41,873 [INFO]   [VZI-6_R1]
    URL    : https://gruppofsitaliane.sharepoint.com/:f:/r/sites/IngegneriaETReMezziLeggeri-Trenitalia/Shared%20Documents/DB_ETR1000/DOC_FLOTTE/VZI-6_R1/CONFIG/FRS/FA020030729.pdf#page=11
    Pagina : '11' → 11
2026-07-22 09:30:41,873 [INFO]   [VZI-4_R1] nessun link — skip
2026-07-22 09:30:41,873 [INFO]   Doc 'FRS_Bogies' [cartella: CONFIG] (riga 281): 3/6 configurazioni con link
2026-07-22 09:30:41,873 [INFO] 
───────────────────────────────────────────────────────
  FUNZIONE    : BOG_Hotbox_Detection — 
  DOCUMENTO   : FRS_Bogies
  DOC CARTELLA: CONFIG
  RIGA Doc    : 281 | RIGA AI: 283
───────────────────────────────────────────────────────
2026-07-22 09:30:41,873 [INFO]   [VZI_Base]
    URL    : https://gruppofsitaliane.sharepoint.com/:f:/r/sites/IngegneriaETReMezziLeggeri-Trenitalia/Shared%20Documents/DB_ETR1000/DOC_FLOTTE/VZI_Base/CONFIG/FRS/3EST000225-7906.pdf#page=14
    Pagina : '14' → 14
2026-07-22 09:30:41,873 [INFO]   [VZI_New14]
    URL    : https://gruppofsitaliane.sharepoint.com/:f:/r/sites/IngegneriaETReMezziLeggeri-Trenitalia/Shared%20Documents/DB_ETR1000/DOC_FLOTTE/VZI_New14/CONFIG/FRS/3ECP413719-0300.pdf#page=12
    Pagina : '12' → 12
2026-07-22 09:30:41,873 [INFO]   [VZ_FR] nessun link — skip
2026-07-22 09:30:41,873 [INFO]   [VZ_ES] nessun link — skip
2026-07-22 09:30:41,874 [INFO]   [VZI-6_R1]
    URL    : https://gruppofsitaliane.sharepoint.com/:f:/r/sites/IngegneriaETReMezziLeggeri-Trenitalia/Shared%20Documents/DB_ETR1000/DOC_FLOTTE/VZI-6_R1/CONFIG/FRS/FA020030729.pdf#page=14
    Pagina : '14' → 14
2026-07-22 09:30:41,874 [INFO]   [VZI-4_R1] nessun link — skip
2026-07-22 09:30:41,874 [INFO]   Doc 'FRS_Bogies' [cartella: CONFIG] (riga 285): 3/6 configurazioni con link
2026-07-22 09:30:41,874 [INFO] 
───────────────────────────────────────────────────────
  FUNZIONE    : BOG_Instability_Monitoring — 
  DOCUMENTO   : FRS_Bogies
  DOC CARTELLA: CONFIG
  RIGA Doc    : 285 | RIGA AI: 287
───────────────────────────────────────────────────────
2026-07-22 09:30:41,874 [INFO]   [VZI_Base]
    URL    : https://gruppofsitaliane.sharepoint.com/:f:/r/sites/IngegneriaETReMezziLeggeri-Trenitalia/Shared%20Documents/DB_ETR1000/DOC_FLOTTE/VZI_Base/CONFIG/FRS/3EST000225-7906.pdf#page=20
    Pagina : '20' → 20
2026-07-22 09:30:41,874 [INFO]   [VZI_New14]
    URL    : https://gruppofsitaliane.sharepoint.com/:f:/r/sites/IngegneriaETReMezziLeggeri-Trenitalia/Shared%20Documents/DB_ETR1000/DOC_FLOTTE/VZI_New14/CONFIG/FRS/3ECP413719-0300.pdf#page=20
    Pagina : '20' → 20
2026-07-22 09:30:41,874 [INFO]   [VZ_FR] nessun link — skip
2026-07-22 09:30:41,874 [INFO]   [VZ_ES] nessun link — skip
2026-07-22 09:30:41,875 [INFO]   [VZI-6_R1]
    URL    : https://gruppofsitaliane.sharepoint.com/:f:/r/sites/IngegneriaETReMezziLeggeri-Trenitalia/Shared%20Documents/DB_ETR1000/DOC_FLOTTE/VZI-6_R1/CONFIG/FRS/FA020030729.pdf#page=36
    Pagina : '36' → 36
2026-07-22 09:30:41,875 [INFO]   [VZI-4_R1] nessun link — skip
2026-07-22 09:30:41,875 [INFO]   Doc 'FRS_Bogies' [cartella: CONFIG] (riga 289): 3/6 configurazioni con link
2026-07-22 09:30:41,875 [INFO] 
───────────────────────────────────────────────────────
  FUNZIONE    : BOG_Active_Lateral_Suspension_(ALS) — 
  DOCUMENTO   : FRS_Bogies
  DOC CARTELLA: CONFIG
  RIGA Doc    : 289 | RIGA AI: 291
───────────────────────────────────────────────────────
2026-07-22 09:30:41,875 [INFO]   [VZI_Base]
    URL    : https://gruppofsitaliane.sharepoint.com/:f:/r/sites/IngegneriaETReMezziLeggeri-Trenitalia/Shared%20Documents/DB_ETR1000/DOC_FLOTTE/VZI_Base/CONFIG/FRS/3EST000225-7906.pdf#page=29
    Pagina : '29' → 29
2026-07-22 09:30:41,876 [INFO]   [VZI_New14]
    URL    : https://gruppofsitaliane.sharepoint.com/:f:/r/sites/IngegneriaETReMezziLeggeri-Trenitalia/Shared%20Documents/DB_ETR1000/DOC_FLOTTE/VZI_New14/CONFIG/FRS/3ECP413719-0300.pdf#page=28
    Pagina : '28' → 28
2026-07-22 09:30:41,876 [INFO]   [VZ_FR] nessun link — skip
2026-07-22 09:30:41,876 [INFO]   [VZ_ES] nessun link — skip
2026-07-22 09:30:41,876 [INFO]   [VZI-6_R1]
    URL    : https://gruppofsitaliane.sharepoint.com/:f:/r/sites/IngegneriaETReMezziLeggeri-Trenitalia/Shared%20Documents/DB_ETR1000/DOC_FLOTTE/VZI-6_R1/CONFIG/FRS/FA020030729.pdf#page=43
    Pagina : '43' → 43
2026-07-22 09:30:41,876 [INFO]   [VZI-4_R1] nessun link — skip
2026-07-22 09:30:41,877 [INFO]   Doc 'FRS_Bogies' [cartella: CONFIG] (riga 293): 3/6 configurazioni con link
2026-07-22 09:30:41,877 [INFO] 
───────────────────────────────────────────────────────
  FUNZIONE    : BOG_Diagnostics_&_CBM — 
  DOCUMENTO   : FRS_Bogies
  DOC CARTELLA: CONFIG
  RIGA Doc    : 293 | RIGA AI: 295
───────────────────────────────────────────────────────
2026-07-22 09:30:41,877 [INFO]   [VZI_Base]
    URL    : https://gruppofsitaliane.sharepoint.com/:f:/r/sites/IngegneriaETReMezziLeggeri-Trenitalia/Shared%20Documents/DB_ETR1000/DOC_FLOTTE/VZI_Base/CONFIG/FRS/3EST000225-7906.pdf#page=31
    Pagina : '31' → 31
2026-07-22 09:30:41,877 [INFO]   [VZI_New14]
    URL    : https://gruppofsitaliane.sharepoint.com/:f:/r/sites/IngegneriaETReMezziLeggeri-Trenitalia/Shared%20Documents/DB_ETR1000/DOC_FLOTTE/VZI_New14/CONFIG/FRS/3ECP413719-0300.pdf#page=29
    Pagina : '29' → 29
2026-07-22 09:30:41,877 [INFO]   [VZ_FR] nessun link — skip
2026-07-22 09:30:41,878 [INFO]   [VZ_ES] nessun link — skip
2026-07-22 09:30:41,878 [INFO]   [VZI-6_R1]
    URL    : https://gruppofsitaliane.sharepoint.com/:f:/r/sites/IngegneriaETReMezziLeggeri-Trenitalia/Shared%20Documents/DB_ETR1000/DOC_FLOTTE/VZI-6_R1/CONFIG/FRS/FA020030729.pdf#page=44
    Pagina : '44' → 44
2026-07-22 09:30:41,878 [INFO]   [VZI-4_R1] nessun link — skip
2026-07-22 09:30:41,878 [INFO] 
FillTarget: 224 celle in 64 gruppi
2026-07-22 09:30:41,878 [INFO] 
═══════════════════════════════════════════════════════
  LV_Country_code_selection / FRS_Line Voltage (4 config)
═══════════════════════════════════════════════════════
2026-07-22 09:30:41,878 [INFO]   [VZI_Base] Estrazione pag.7...
2026-07-22 09:30:41,879 [INFO]   🔍 Ricerca locale per: https://gruppofsitaliane.sharepoint.com/:f:/r/sites/IngegneriaETReMezziLeggeri-T...
2026-07-22 09:30:41,880 [INFO]   📁 File trovato (percorso esatto): C:\Users\2954534.UTENTI\OneDrive - Gruppo Ferrovie Dello Stato\Documenti - Ingegneria ETR - Trenitalia\DB_ETR1000\DOC_FLOTTE\VZI_Base\CONFIG\FRS\3EST000225-7907.pdf
2026-07-22 09:30:42,042 [INFO]   🎯 Indice funzione: '3.1' (score=3, func_id='LV_Country_code_selection')
2026-07-22 09:30:42,042 [INFO]   📑 Strategia A — indice funzione: '3.1' su pag.7
2026-07-22 09:30:42,042 [INFO]   ✂ Pagina iniziale parziale: testo prima di '3.1' escluso (offset=533)
2026-07-22 09:30:42,046 [INFO]   ✂ Testo troncato: indice estraneo '3.2 Pantograph Control' trovato a offset 507 — pagina parziale
2026-07-22 09:30:42,046 [INFO]   ✅✂ Pag.8: testo precedente a '3.2' incluso — poi STOP
2026-07-22 09:30:42,047 [INFO]   📖 Estratte pagine 7–8 (parziale inizio, parziale fine) da '3EST000225-7907.pdf'
2026-07-22 09:30:42,047 [INFO]   [VZ_FR] Estrazione pag.7...
2026-07-22 09:30:42,047 [INFO]   🔍 Ricerca locale per: https://gruppofsitaliane.sharepoint.com/:f:/r/sites/IngegneriaETReMezziLeggeri-T...
2026-07-22 09:30:42,048 [INFO]   📁 File trovato (percorso esatto): C:\Users\2954534.UTENTI\OneDrive - Gruppo Ferrovie Dello Stato\Documenti - Ingegneria ETR - Trenitalia\DB_ETR1000\DOC_FLOTTE\VZ_FR\CONFIG\FRS\3ECP413571-0401.pdf
2026-07-22 09:30:42,063 [INFO]   🎯 Indice funzione: '3.1' (score=3, func_id='LV_Country_code_selection')
2026-07-22 09:30:42,064 [INFO]   📑 Strategia A — indice funzione: '3.1' su pag.7
2026-07-22 09:30:42,064 [INFO]   ✂ Pagina iniziale parziale: testo prima di '3.1' escluso (offset=533)
2026-07-22 09:30:42,067 [INFO]   ✂ Testo troncato: indice estraneo '3.2 Pantograph Control' trovato a offset 507 — pagina parziale
2026-07-22 09:30:42,067 [INFO]   ✅✂ Pag.8: testo precedente a '3.2' incluso — poi STOP
2026-07-22 09:30:42,067 [INFO]   📖 Estratte pagine 7–8 (parziale inizio, parziale fine) da '3ECP413571-0401.pdf'
2026-07-22 09:30:42,068 [INFO]   [VZ_ES] Estrazione pag.7...
2026-07-22 09:30:42,068 [INFO]   🔍 Ricerca locale per: https://gruppofsitaliane.sharepoint.com/:f:/r/sites/IngegneriaETReMezziLeggeri-T...
2026-07-22 09:30:42,069 [INFO]   📁 File trovato (percorso esatto): C:\Users\2954534.UTENTI\OneDrive - Gruppo Ferrovie Dello Stato\Documenti - Ingegneria ETR - Trenitalia\DB_ETR1000\DOC_FLOTTE\VZ_ES\CONFIG\FRS\3EGH489028-2358.pdf
2026-07-22 09:30:42,122 [INFO]   🎯 Indice funzione: '3.1' (score=3, func_id='LV_Country_code_selection')
2026-07-22 09:30:42,123 [INFO]   📑 Strategia A — indice funzione: '3.1' su pag.7
2026-07-22 09:30:42,123 [INFO]   ✂ Pagina iniziale parziale: testo prima di '3.1' escluso (offset=556)
2026-07-22 09:30:42,126 [INFO]   ✂ Testo troncato: indice estraneo '3.2 Pantograph Control' trovato a offset 528 — pagina parziale
2026-07-22 09:30:42,126 [INFO]   ✅✂ Pag.8: testo precedente a '3.2' incluso — poi STOP
2026-07-22 09:30:42,127 [INFO]   📖 Estratte pagine 7–8 (parziale inizio, parziale fine) da '3EGH489028-2358.pdf'
2026-07-22 09:30:42,127 [INFO]   [VZI-6_R1] Estrazione pag.12...
2026-07-22 09:30:42,128 [INFO]   🔍 Ricerca locale per: https://gruppofsitaliane.sharepoint.com/:f:/r/sites/IngegneriaETReMezziLeggeri-T...
2026-07-22 09:30:42,130 [INFO]   📁 File trovato (percorso esatto): C:\Users\2954534.UTENTI\OneDrive - Gruppo Ferrovie Dello Stato\Documenti - Ingegneria ETR - Trenitalia\DB_ETR1000\DOC_FLOTTE\VZI-6_R1\CONFIG\FRS\FA020022045.pdf
2026-07-22 09:30:42,185 [INFO]   🎯 Indice funzione: '3.1' (score=3, func_id='LV_Country_code_selection')
2026-07-22 09:30:42,185 [INFO]   📑 Strategia A — indice funzione: '3.1' su pag.12
2026-07-22 09:30:42,186 [INFO]   ✂ Pagina iniziale parziale: testo prima di '3.1' escluso (offset=186)
2026-07-22 09:30:42,193 [INFO]   ✂ Testo troncato: indice estraneo '3.2 Pantograph Control' trovato a offset 1599 — pagina parziale
2026-07-22 09:30:42,193 [INFO]   ✅✂ Pag.13: testo precedente a '3.2' incluso — poi STOP
2026-07-22 09:30:42,198 [INFO]   📖 Estratte pagine 12–13 (parziale inizio, parziale fine) da 'FA020022045.pdf'
2026-07-22 09:30:42,198 [INFO]   Testi: 4/4
2026-07-22 09:30:42,198 [INFO]   [parse] [VZI_Base] ✅ Parsing regex OK — campi valorizzati: 3/16
2026-07-22 09:30:42,199 [INFO]   [parse] [VZ_FR] ✅ Parsing regex OK — campi valorizzati: 3/16
2026-07-22 09:30:42,200 [INFO]   [parse] [VZ_ES] ✅ Parsing regex OK — campi valorizzati: 3/16
2026-07-22 09:30:42,201 [INFO]   [parse] [VZI-6_R1] ✅ Parsing regex OK — campi valorizzati: 3/16
2026-07-22 09:30:42,202 [INFO]   [det] VZI_Base vs VZ_FR: ✅ Nessuna diff. funzionale oggettiva
2026-07-22 09:30:42,202 [INFO]   [det] VZI_Base vs VZ_ES: ✅ Nessuna diff. funzionale oggettiva
2026-07-22 09:30:42,202 [INFO]   [det] VZI_Base vs VZI-6_R1: ✅ Nessuna diff. funzionale oggettiva
2026-07-22 09:30:42,202 [INFO]   [det] VZ_FR vs VZ_ES: ✅ Nessuna diff. funzionale oggettiva
2026-07-22 09:30:42,202 [INFO]   [det] VZ_FR vs VZI-6_R1: ✅ Nessuna diff. funzionale oggettiva
2026-07-22 09:30:42,203 [INFO]   [det] VZ_ES vs VZI-6_R1: ✅ Nessuna diff. funzionale oggettiva
2026-07-22 09:30:42,203 [INFO]   ✅ Nessuna diff. oggettiva
2026-07-22 09:30:42,203 [INFO]   Chiamata Ollama (unica per questo gruppo, 4 config in parallelo nel prompt)...
2026-07-22 09:30:42,203 [INFO]   Ollama: analisi gruppo LV_Country_code_selection (4 config)...
2026-07-22 09:38:03,851 [INFO] HTTP Request: POST http://127.0.0.1:11434/api/chat "HTTP/1.1 200 OK"
2026-07-22 09:38:03,854 [WARNING]   Risposta Ollama non parsabile: Expecting ',' delimiter: line 22 column 5 (char 1385)
  Risposta: {
  "equivalenti": true,
  "score": 85,
  "checklist": {
    "functional_purpose": "IDENTICAL",
    "operational_logic": "IDENTICAL",
    "performance": "IDENTICAL",
    "failure_handling": "IDENTICAL",
    "diagnostics": "IDENTICAL",
    "safety": "IDENTICAL"
  },
  "technical_differences": [],
  "
  Fallback: INCERTO.
2026-07-22 09:38:03,855 [INFO]   ✅ Cache — score=50, equivalenti=None
2026-07-22 09:38:03,855 [INFO] ───────────────────────────────────────────────────────
2026-07-22 09:38:03,855 [INFO]   CONFIG      : VZI_Base
2026-07-22 09:38:03,855 [INFO]   SCORE       : 50/100
2026-07-22 09:38:03,856 [INFO]   DECISIONE   : ⚫ NON CLASSIFICABILE
2026-07-22 09:38:03,856 [INFO]   MOTIVAZIONE : Score basso (50) ma differenze parametriche insufficienti — revisione manuale.
2026-07-22 09:38:03,857 [INFO]   CHECKLIST   :
2026-07-22 09:38:03,857 [INFO] ───────────────────────────────────────────────────────
2026-07-22 09:38:03,858 [INFO]   [VZI_Base] ⚫ NERO (incerto) | Score: 50
2026-07-22 09:38:04,859 [INFO]   [VZ_FR] Da cache (score=50)
2026-07-22 09:38:04,859 [INFO] ───────────────────────────────────────────────────────
2026-07-22 09:38:04,859 [INFO]   CONFIG      : VZ_FR
2026-07-22 09:38:04,859 [INFO]   SCORE       : 50/100
2026-07-22 09:38:04,860 [INFO]   DECISIONE   : ⚫ NON CLASSIFICABILE
2026-07-22 09:38:04,860 [INFO]   MOTIVAZIONE : Score basso (50) ma differenze parametriche insufficienti — revisione manuale.
2026-07-22 09:38:04,860 [INFO]   CHECKLIST   :
2026-07-22 09:38:04,860 [INFO] ───────────────────────────────────────────────────────
2026-07-22 09:38:04,861 [INFO]   [VZ_FR] ⚫ NERO (incerto) | Score: 50
2026-07-22 09:38:04,861 [INFO]   [VZ_ES] Da cache (score=50)
2026-07-22 09:38:04,862 [INFO] ───────────────────────────────────────────────────────
2026-07-22 09:38:04,862 [INFO]   CONFIG      : VZ_ES
2026-07-22 09:38:04,862 [INFO]   SCORE       : 50/100
2026-07-22 09:38:04,862 [INFO]   DECISIONE   : ⚫ NON CLASSIFICABILE
2026-07-22 09:38:04,862 [INFO]   MOTIVAZIONE : Score basso (50) ma differenze parametriche insufficienti — revisione manuale.
2026-07-22 09:38:04,862 [INFO]   CHECKLIST   :
2026-07-22 09:38:04,862 [INFO] ───────────────────────────────────────────────────────
2026-07-22 09:38:04,863 [INFO]   [VZ_ES] ⚫ NERO (incerto) | Score: 50
2026-07-22 09:38:04,863 [INFO]   [VZI-6_R1] Da cache (score=50)
2026-07-22 09:38:04,863 [INFO] ───────────────────────────────────────────────────────
2026-07-22 09:38:04,863 [INFO]   CONFIG      : VZI-6_R1
2026-07-22 09:38:04,863 [INFO]   SCORE       : 50/100
2026-07-22 09:38:04,864 [INFO]   DECISIONE   : ⚫ NON CLASSIFICABILE
2026-07-22 09:38:04,864 [INFO]   MOTIVAZIONE : Score basso (50) ma differenze parametriche insufficienti — revisione manuale.
2026-07-22 09:38:04,864 [INFO]   CHECKLIST   :
2026-07-22 09:38:04,864 [INFO] ───────────────────────────────────────────────────────
2026-07-22 09:38:04,865 [INFO]   [VZI-6_R1] ⚫ NERO (incerto) | Score: 50
2026-07-22 09:38:04,865 [INFO] 
═══════════════════════════════════════════════════════
  LV_Pantograph_Lifting / FRS_Line Voltage (4 config)
═══════════════════════════════════════════════════════
2026-07-22 09:38:04,866 [INFO]   [VZI_Base] Estrazione pag.8...
2026-07-22 09:38:04,866 [INFO]   🔍 Ricerca locale per: https://gruppofsitaliane.sharepoint.com/:f:/r/sites/IngegneriaETReMezziLeggeri-T...
2026-07-22 09:38:04,868 [INFO]   📁 File trovato (percorso esatto): C:\Users\2954534.UTENTI\OneDrive - Gruppo Ferrovie Dello Stato\Documenti - Ingegneria ETR - Trenitalia\DB_ETR1000\DOC_FLOTTE\VZI_Base\CONFIG\FRS\3EST000225-7907.pdf
2026-07-22 09:38:04,888 [INFO]   🎯 Indice funzione: '3.2.1' (score=2, func_id='LV_Pantograph_Lifting')
2026-07-22 09:38:04,889 [INFO]   📑 Strategia A — indice funzione: '3.2.1' su pag.8
2026-07-22 09:38:04,890 [INFO]   ✂ Pagina iniziale parziale: testo prima di '3.2.1' escluso (offset=530)
2026-07-22 09:38:04,938 [INFO]   ✂ Testo troncato: indice estraneo '3.2.2 Pantograph - Lowering' trovato a offset 778 — pagina parziale
2026-07-22 09:38:04,939 [INFO]   ✅✂ Pag.14: testo precedente a '3.2.2' incluso — poi STOP
2026-07-22 09:38:04,940 [INFO]   📖 Estratte pagine 8–14 (parziale inizio, parziale fine) da '3EST000225-7907.pdf'
2026-07-22 09:38:04,940 [INFO]   [VZ_FR] Estrazione pag.8...
2026-07-22 09:38:04,940 [INFO]   🔍 Ricerca locale per: https://gruppofsitaliane.sharepoint.com/:f:/r/sites/IngegneriaETReMezziLeggeri-T...
2026-07-22 09:38:04,942 [INFO]   📁 File trovato (percorso esatto): C:\Users\2954534.UTENTI\OneDrive - Gruppo Ferrovie Dello Stato\Documenti - Ingegneria ETR - Trenitalia\DB_ETR1000\DOC_FLOTTE\VZ_FR\CONFIG\FRS\3ECP413571-0401.pdf
2026-07-22 09:38:04,961 [INFO]   🎯 Indice funzione: '3.2.1' (score=2, func_id='LV_Pantograph_Lifting')
2026-07-22 09:38:04,961 [INFO]   📑 Strategia A — indice funzione: '3.2.1' su pag.8
2026-07-22 09:38:04,962 [INFO]   ✂ Pagina iniziale parziale: testo prima di '3.2.1' escluso (offset=530)
2026-07-22 09:38:05,011 [INFO]   ✂ Testo troncato: indice estraneo '3.2.2 Pantograph - Lowering' trovato a offset 508 — pagina parziale
2026-07-22 09:38:05,012 [INFO]   ✅✂ Pag.16: testo precedente a '3.2.2' incluso — poi STOP
2026-07-22 09:38:05,012 [INFO]   📖 Estratte pagine 8–16 (parziale inizio, parziale fine) da '3ECP413571-0401.pdf'
2026-07-22 09:38:05,013 [INFO]   [VZ_ES] Estrazione pag.8...
2026-07-22 09:38:05,013 [INFO]   🔍 Ricerca locale per: https://gruppofsitaliane.sharepoint.com/:f:/r/sites/IngegneriaETReMezziLeggeri-T...
2026-07-22 09:38:05,014 [INFO]   📁 File trovato (percorso esatto): C:\Users\2954534.UTENTI\OneDrive - Gruppo Ferrovie Dello Stato\Documenti - Ingegneria ETR - Trenitalia\DB_ETR1000\DOC_FLOTTE\VZ_ES\CONFIG\FRS\3EGH489028-2358.pdf
2026-07-22 09:38:05,058 [INFO]   🎯 Indice funzione: '3.2.1' (score=2, func_id='LV_Pantograph_Lifting')
2026-07-22 09:38:05,058 [INFO]   📑 Strategia A — indice funzione: '3.2.1' su pag.8
2026-07-22 09:38:05,059 [INFO]   ✂ Pagina iniziale parziale: testo prima di '3.2.1' escluso (offset=553)
2026-07-22 09:38:05,093 [INFO]   ✂ Testo troncato: indice estraneo '3.2.2 Pantograph - Lowering' trovato a offset 1112 — pagina parziale
2026-07-22 09:38:05,093 [INFO]   ✅✂ Pag.14: testo precedente a '3.2.2' incluso — poi STOP
2026-07-22 09:38:05,094 [INFO]   📖 Estratte pagine 8–14 (parziale inizio, parziale fine) da '3EGH489028-2358.pdf'
2026-07-22 09:38:05,095 [INFO]   [VZI-6_R1] Estrazione pag.13...
2026-07-22 09:38:05,095 [INFO]   🔍 Ricerca locale per: https://gruppofsitaliane.sharepoint.com/:f:/r/sites/IngegneriaETReMezziLeggeri-T...
2026-07-22 09:38:05,096 [INFO]   📁 File trovato (percorso esatto): C:\Users\2954534.UTENTI\OneDrive - Gruppo Ferrovie Dello Stato\Documenti - Ingegneria ETR - Trenitalia\DB_ETR1000\DOC_FLOTTE\VZI-6_R1\CONFIG\FRS\FA020022045.pdf
2026-07-22 09:38:05,156 [INFO]   🎯 Indice funzione: '3.2.1' (score=2, func_id='LV_Pantograph_Lifting')
2026-07-22 09:38:05,156 [INFO]   📑 Strategia A — indice funzione: '3.2.1' su pag.13
2026-07-22 09:38:05,157 [INFO]   ✂ Pagina iniziale parziale: testo prima di '3.2.1' escluso (offset=1624)
2026-07-22 09:38:05,171 [INFO]   ✅ Pag.14: '3.2.1.2' ⊆ '3.2.1' — inclusa
2026-07-22 09:38:05,268 [INFO]   ✂ Testo troncato: indice estraneo '3.2.2 Pantograph - Lowering' trovato a offset 2891 — pagina parziale
2026-07-22 09:38:05,268 [INFO]   ✅✂ Pag.19: testo precedente a '3.2.2' incluso — poi STOP
2026-07-22 09:38:05,274 [INFO]   📖 Estratte pagine 13–19 (parziale inizio, parziale fine) da 'FA020022045.pdf'
2026-07-22 09:38:05,275 [INFO]   Testi: 4/4
2026-07-22 09:38:05,288 [INFO]   [parse] [VZI_Base] ✅ Parsing regex OK — campi valorizzati: 4/16
2026-07-22 09:38:05,302 [INFO]   [parse] [VZ_FR] ✅ Parsing regex OK — campi valorizzati: 4/16
2026-07-22 09:38:05,319 [INFO]   [parse] [VZ_ES] ✅ Parsing regex OK — campi valorizzati: 4/16
2026-07-22 09:38:05,332 [INFO]   [parse] [VZI-6_R1] ✅ Parsing regex OK — campi valorizzati: 4/16
2026-07-22 09:38:05,332 [INFO]   [det] VZI_Base vs VZ_FR: ✅ Nessuna diff. funzionale oggettiva
2026-07-22 09:38:05,333 [INFO]   [det] VZI_Base vs VZ_ES: ✅ Nessuna diff. funzionale oggettiva
2026-07-22 09:38:05,333 [INFO]   [det] VZI_Base vs VZI-6_R1: ⚡ 2 diff. funzionali oggettive
2026-07-22 09:38:05,334 [INFO]   [det] VZ_FR vs VZ_ES: ✅ Nessuna diff. funzionale oggettiva
2026-07-22 09:38:05,334 [INFO]   [det] VZ_FR vs VZI-6_R1: ✅ Nessuna diff. funzionale oggettiva
2026-07-22 09:38:05,335 [INFO]   [det] VZ_ES vs VZI-6_R1: ✅ Nessuna diff. funzionale oggettiva
2026-07-22 09:38:05,336 [INFO]   ⚡ Diff. oggettive: 2 voci
2026-07-22 09:38:05,336 [INFO]   Chiamata Ollama (unica per questo gruppo, 4 config in parallelo nel prompt)...
2026-07-22 09:38:05,337 [INFO]   Ollama: analisi gruppo LV_Pantograph_Lifting (4 config)...
2026-07-22 09:43:33,462 [INFO] HTTP Request: POST http://127.0.0.1:11434/api/chat "HTTP/1.1 200 OK"
2026-07-22 09:43:33,465 [INFO]   ✅ Cache — score=85, equivalenti=True
2026-07-22 09:43:33,468 [INFO] ───────────────────────────────────────────────────────
2026-07-22 09:43:33,473 [INFO]   CONFIG      : VZI_Base
2026-07-22 09:43:33,473 [INFO]   SCORE       : 85/100
2026-07-22 09:43:33,474 [INFO]   DECISIONE   : 🟢 EQUIVALENTE
2026-07-22 09:43:33,474 [INFO]   MOTIVAZIONE : LLM: nessuna differenza funzionale rilevante. Score: 85.
2026-07-22 09:43:33,475 [INFO]   CHECKLIST   :
2026-07-22 09:43:33,477 [INFO]     Scopo funzionale              : IDENTICAL
2026-07-22 09:43:33,478 [INFO]     Logica operativa              : IDENTICAL
2026-07-22 09:43:33,480 [INFO]     Prestazioni                   : IDENTICAL
2026-07-22 09:43:33,482 [INFO]     Comportamento in guasto       : IDENTICAL
2026-07-22 09:43:33,484 [INFO]     Diagnostica                   : IDENTICAL
2026-07-22 09:43:33,485 [INFO]     Sicurezza                     : IDENTICAL
2026-07-22 09:43:33,486 [INFO]   DIFF PARAMETRICHE:
2026-07-22 09:43:33,486 [INFO]     • [thresholds/parametri numerici] Solo in VZI_Base: 15kv
2026-07-22 09:43:33,486 [INFO]     • [thresholds/parametri numerici] Solo in VZI-6_R1: 1,5kv, 800v
2026-07-22 09:43:33,487 [INFO] ───────────────────────────────────────────────────────
2026-07-22 09:43:33,488 [INFO]   [VZI_Base] 🟢 VERDE | Score: 85
2026-07-22 09:43:34,489 [INFO]   [VZ_FR] Da cache (score=85)
2026-07-22 09:43:34,489 [INFO] ───────────────────────────────────────────────────────
2026-07-22 09:43:34,489 [INFO]   CONFIG      : VZ_FR
2026-07-22 09:43:34,489 [INFO]   SCORE       : 85/100
2026-07-22 09:43:34,490 [INFO]   DECISIONE   : 🟢 EQUIVALENTE
2026-07-22 09:43:34,490 [INFO]   MOTIVAZIONE : LLM: nessuna differenza funzionale rilevante. Score: 85.
2026-07-22 09:43:34,490 [INFO]   CHECKLIST   :
2026-07-22 09:43:34,490 [INFO]     Scopo funzionale              : IDENTICAL
2026-07-22 09:43:34,490 [INFO]     Logica operativa              : IDENTICAL
2026-07-22 09:43:34,491 [INFO]     Prestazioni                   : IDENTICAL
2026-07-22 09:43:34,491 [INFO]     Comportamento in guasto       : IDENTICAL
2026-07-22 09:43:34,491 [INFO]     Diagnostica                   : IDENTICAL
2026-07-22 09:43:34,491 [INFO]     Sicurezza                     : IDENTICAL
2026-07-22 09:43:34,492 [INFO]   DIFF PARAMETRICHE:
2026-07-22 09:43:34,492 [INFO]     • [thresholds/parametri numerici] Solo in VZI_Base: 15kv
2026-07-22 09:43:34,492 [INFO]     • [thresholds/parametri numerici] Solo in VZI-6_R1: 1,5kv, 800v
2026-07-22 09:43:34,492 [INFO] ───────────────────────────────────────────────────────
2026-07-22 09:43:34,493 [INFO]   [VZ_FR] 🟢 VERDE | Score: 85
2026-07-22 09:43:34,493 [INFO]   [VZ_ES] Da cache (score=85)
2026-07-22 09:43:34,493 [INFO] ───────────────────────────────────────────────────────
2026-07-22 09:43:34,494 [INFO]   CONFIG      : VZ_ES
2026-07-22 09:43:34,494 [INFO]   SCORE       : 85/100
2026-07-22 09:43:34,494 [INFO]   DECISIONE   : 🟢 EQUIVALENTE
2026-07-22 09:43:34,494 [INFO]   MOTIVAZIONE : LLM: nessuna differenza funzionale rilevante. Score: 85.
2026-07-22 09:43:34,495 [INFO]   CHECKLIST   :
2026-07-22 09:43:34,495 [INFO]     Scopo funzionale              : IDENTICAL
2026-07-22 09:43:34,495 [INFO]     Logica operativa              : IDENTICAL
2026-07-22 09:43:34,495 [INFO]     Prestazioni                   : IDENTICAL
2026-07-22 09:43:34,495 [INFO]     Comportamento in guasto       : IDENTICAL
2026-07-22 09:43:34,496 [INFO]     Diagnostica                   : IDENTICAL
2026-07-22 09:43:34,496 [INFO]     Sicurezza                     : IDENTICAL
2026-07-22 09:43:34,496 [INFO]   DIFF PARAMETRICHE:
2026-07-22 09:43:34,496 [INFO]     • [thresholds/parametri numerici] Solo in VZI_Base: 15kv
2026-07-22 09:43:34,497 [INFO]     • [thresholds/parametri numerici] Solo in VZI-6_R1: 1,5kv, 800v
2026-07-22 09:43:34,497 [INFO] ───────────────────────────────────────────────────────
2026-07-22 09:43:34,497 [INFO]   [VZ_ES] 🟢 VERDE | Score: 85
2026-07-22 09:43:34,498 [INFO]   [VZI-6_R1] Da cache (score=85)
2026-07-22 09:43:34,498 [INFO] ───────────────────────────────────────────────────────
2026-07-22 09:43:34,498 [INFO]   CONFIG      : VZI-6_R1
2026-07-22 09:43:34,498 [INFO]   SCORE       : 85/100
2026-07-22 09:43:34,499 [INFO]   DECISIONE   : 🟢 EQUIVALENTE
2026-07-22 09:43:34,499 [INFO]   MOTIVAZIONE : LLM: nessuna differenza funzionale rilevante. Score: 85.
2026-07-22 09:43:34,499 [INFO]   CHECKLIST   :
2026-07-22 09:43:34,499 [INFO]     Scopo funzionale              : IDENTICAL
2026-07-22 09:43:34,499 [INFO]     Logica operativa              : IDENTICAL
2026-07-22 09:43:34,500 [INFO]     Prestazioni                   : IDENTICAL
2026-07-22 09:43:34,500 [INFO]     Comportamento in guasto       : IDENTICAL
2026-07-22 09:43:34,500 [INFO]     Diagnostica                   : IDENTICAL
2026-07-22 09:43:34,501 [INFO]     Sicurezza                     : IDENTICAL
2026-07-22 09:43:34,501 [INFO]   DIFF PARAMETRICHE:
2026-07-22 09:43:34,501 [INFO]     • [thresholds/parametri numerici] Solo in VZI_Base: 15kv
2026-07-22 09:43:34,501 [INFO]     • [thresholds/parametri numerici] Solo in VZI-6_R1: 1,5kv, 800v
2026-07-22 09:43:34,502 [INFO] ───────────────────────────────────────────────────────
2026-07-22 09:43:34,502 [INFO]   [VZI-6_R1] 🟢 VERDE | Score: 85
2026-07-22 09:43:34,502 [INFO] 
═══════════════════════════════════════════════════════
  LV_Pantograph_Lowering / FRS_Line Voltage (4 config)
═══════════════════════════════════════════════════════
2026-07-22 09:43:34,503 [INFO]   [VZI_Base] Estrazione pag.14...
2026-07-22 09:43:34,503 [INFO]   🔍 Ricerca locale per: https://gruppofsitaliane.sharepoint.com/:f:/r/sites/IngegneriaETReMezziLeggeri-T...
2026-07-22 09:43:34,504 [INFO]   📁 File trovato (percorso esatto): C:\Users\2954534.UTENTI\OneDrive - Gruppo Ferrovie Dello Stato\Documenti - Ingegneria ETR - Trenitalia\DB_ETR1000\DOC_FLOTTE\VZI_Base\CONFIG\FRS\3EST000225-7907.pdf
2026-07-22 09:43:34,543 [INFO]   🎯 Indice funzione: '3.2.2' (score=2, func_id='LV_Pantograph_Lowering')
2026-07-22 09:43:34,543 [INFO]   📑 Strategia A — indice funzione: '3.2.2' su pag.14
2026-07-22 09:43:34,544 [INFO]   ✂ Pagina iniziale parziale: testo prima di '3.2.2' escluso (offset=778)
2026-07-22 09:43:34,557 [INFO]   ✂ Testo troncato: indice estraneo '3.2.3 Automatic Dropping Device (ADD)' trovato a offset 1668 — pagina parziale
2026-07-22 09:43:34,557 [INFO]   ✅✂ Pag.16: testo precedente a '3.2.3' incluso — poi STOP
2026-07-22 09:43:34,558 [INFO]   📖 Estratte pagine 14–16 (parziale inizio, parziale fine) da '3EST000225-7907.pdf'
2026-07-22 09:43:34,559 [INFO]   [VZ_FR] Estrazione pag.16...
2026-07-22 09:43:34,559 [INFO]   🔍 Ricerca locale per: https://gruppofsitaliane.sharepoint.com/:f:/r/sites/IngegneriaETReMezziLeggeri-T...
2026-07-22 09:43:34,560 [INFO]   📁 File trovato (percorso esatto): C:\Users\2954534.UTENTI\OneDrive - Gruppo Ferrovie Dello Stato\Documenti - Ingegneria ETR - Trenitalia\DB_ETR1000\DOC_FLOTTE\VZ_FR\CONFIG\FRS\3ECP413571-0401.pdf
2026-07-22 09:43:34,597 [INFO]   🎯 Indice funzione: '3.2.2' (score=2, func_id='LV_Pantograph_Lowering')
2026-07-22 09:43:34,597 [INFO]   📑 Strategia A — indice funzione: '3.2.2' su pag.16
2026-07-22 09:43:34,598 [INFO]   ✂ Pagina iniziale parziale: testo prima di '3.2.2' escluso (offset=508)
2026-07-22 09:43:34,610 [INFO]   ✂ Testo troncato: indice estraneo '3.2.3 Automatic Dropping Device (ADD)' trovato a offset 1665 — pagina parziale
2026-07-22 09:43:34,611 [INFO]   ✅✂ Pag.18: testo precedente a '3.2.3' incluso — poi STOP
2026-07-22 09:43:34,612 [INFO]   📖 Estratte pagine 16–18 (parziale inizio, parziale fine) da '3ECP413571-0401.pdf'
2026-07-22 09:43:34,612 [INFO]   [VZ_ES] Estrazione pag.14...
2026-07-22 09:43:34,612 [INFO]   🔍 Ricerca locale per: https://gruppofsitaliane.sharepoint.com/:f:/r/sites/IngegneriaETReMezziLeggeri-T...
2026-07-22 09:43:34,613 [INFO]   📁 File trovato (percorso esatto): C:\Users\2954534.UTENTI\OneDrive - Gruppo Ferrovie Dello Stato\Documenti - Ingegneria ETR - Trenitalia\DB_ETR1000\DOC_FLOTTE\VZ_ES\CONFIG\FRS\3EGH489028-2358.pdf
2026-07-22 09:43:34,669 [INFO]   🎯 Indice funzione: '3.2.2' (score=2, func_id='LV_Pantograph_Lowering')
2026-07-22 09:43:34,669 [INFO]   📑 Strategia A — indice funzione: '3.2.2' su pag.14
2026-07-22 09:43:34,670 [INFO]   ✂ Pagina iniziale parziale: testo prima di '3.2.2' escluso (offset=1112)
2026-07-22 09:43:34,682 [INFO]   ✂ Testo troncato: indice estraneo '3.2.3 Automatic Dropping Device (ADD)' trovato a offset 1751 — pagina parziale
2026-07-22 09:43:34,682 [INFO]   ✅✂ Pag.16: testo precedente a '3.2.3' incluso — poi STOP
2026-07-22 09:43:34,683 [INFO]   📖 Estratte pagine 14–16 (parziale inizio, parziale fine) da '3EGH489028-2358.pdf'
2026-07-22 09:43:34,683 [INFO]   [VZI-6_R1] Estrazione pag.19...
2026-07-22 09:43:34,684 [INFO]   🔍 Ricerca locale per: https://gruppofsitaliane.sharepoint.com/:f:/r/sites/IngegneriaETReMezziLeggeri-T...
2026-07-22 09:43:34,685 [INFO]   📁 File trovato (percorso esatto): C:\Users\2954534.UTENTI\OneDrive - Gruppo Ferrovie Dello Stato\Documenti - Ingegneria ETR - Trenitalia\DB_ETR1000\DOC_FLOTTE\VZI-6_R1\CONFIG\FRS\FA020022045.pdf
2026-07-22 09:43:34,785 [INFO]   🎯 Indice funzione: '3.2.2' (score=2, func_id='LV_Pantograph_Lowering')
2026-07-22 09:43:34,786 [INFO]   📑 Strategia A — indice funzione: '3.2.2' su pag.19
2026-07-22 09:43:34,786 [INFO]   ✂ Pagina iniziale parziale: testo prima di '3.2.2' escluso (offset=2891)
2026-07-22 09:43:34,805 [INFO]   ✅ Pag.20: '3.2.2.1.2' ⊆ '3.2.2' — inclusa
2026-07-22 09:43:34,831 [INFO]   ✂ Testo troncato: indice estraneo '3.2.3 Automatic Dropping Device (ADD)' trovato a offset 269 — pagina parziale
2026-07-22 09:43:34,832 [INFO]   ✅✂ Pag.22: testo precedente a '3.2.3' incluso — poi STOP
2026-07-22 09:43:34,838 [INFO]   📖 Estratte pagine 19–22 (parziale inizio, parziale fine) da 'FA020022045.pdf'
2026-07-22 09:43:34,839 [INFO]   Testi: 4/4
2026-07-22 09:43:34,843 [INFO]   [parse] [VZI_Base] ✅ Parsing regex OK — campi valorizzati: 4/16
2026-07-22 09:43:34,847 [INFO]   [parse] [VZ_FR] ✅ Parsing regex OK — campi valorizzati: 4/16
2026-07-22 09:43:34,852 [INFO]   [parse] [VZ_ES] ✅ Parsing regex OK — campi valorizzati: 4/16
2026-07-22 09:43:34,856 [INFO]   [parse] [VZI-6_R1] ✅ Parsing regex OK — campi valorizzati: 4/16
2026-07-22 09:43:34,856 [INFO]   [det] VZI_Base vs VZ_FR: ✅ Nessuna diff. funzionale oggettiva
2026-07-22 09:43:34,857 [INFO]   [det] VZI_Base vs VZ_ES: ✅ Nessuna diff. funzionale oggettiva
2026-07-22 09:43:34,857 [INFO]   [det] VZI_Base vs VZI-6_R1: ✅ Nessuna diff. funzionale oggettiva
2026-07-22 09:43:34,857 [INFO]   [det] VZ_FR vs VZ_ES: ✅ Nessuna diff. funzionale oggettiva
2026-07-22 09:43:34,858 [INFO]   [det] VZ_FR vs VZI-6_R1: ✅ Nessuna diff. funzionale oggettiva
2026-07-22 09:43:34,858 [INFO]   [det] VZ_ES vs VZI-6_R1: ✅ Nessuna diff. funzionale oggettiva
2026-07-22 09:43:34,859 [INFO]   ✅ Nessuna diff. oggettiva
2026-07-22 09:43:34,859 [INFO]   Chiamata Ollama (unica per questo gruppo, 4 config in parallelo nel prompt)...
2026-07-22 09:43:34,859 [INFO]   Ollama: analisi gruppo LV_Pantograph_Lowering (4 config)...
2026-07-22 09:48:29,918 [INFO] HTTP Request: POST http://127.0.0.1:11434/api/chat "HTTP/1.1 200 OK"
2026-07-22 09:48:29,920 [WARNING]   Risposta Ollama non parsabile: Expecting ',' delimiter: line 22 column 5 (char 1453)
  Risposta: {
  "equivalenti": true,
  "score": 85,
  "checklist": {
    "functional_purpose": "IDENTICAL",
    "operational_logic": "IDENTICAL",
    "performance": "IDENTICAL",
    "failure_handling": "IDENTICAL",
    "diagnostics": "IDENTICAL",
    "safety": "IDENTICAL"
  },
  "technical_differences": [],
  "
  Fallback: INCERTO.
2026-07-22 09:48:29,921 [INFO]   ✅ Cache — score=50, equivalenti=None
2026-07-22 09:48:29,921 [INFO] ───────────────────────────────────────────────────────
2026-07-22 09:48:29,921 [INFO]   CONFIG      : VZI_Base
2026-07-22 09:48:29,921 [INFO]   SCORE       : 50/100
2026-07-22 09:48:29,922 [INFO]   DECISIONE   : ⚫ NON CLASSIFICABILE
2026-07-22 09:48:29,922 [INFO]   MOTIVAZIONE : Score basso (50) ma differenze parametriche insufficienti — revisione manuale.
2026-07-22 09:48:29,922 [INFO]   CHECKLIST   :
2026-07-22 09:48:29,922 [INFO] ───────────────────────────────────────────────────────
2026-07-22 09:48:29,923 [INFO]   [VZI_Base] ⚫ NERO (incerto) | Score: 50
2026-07-22 09:48:30,924 [INFO]   [VZ_FR] Da cache (score=50)
2026-07-22 09:48:30,924 [INFO] ───────────────────────────────────────────────────────
2026-07-22 09:48:30,924 [INFO]   CONFIG      : VZ_FR
2026-07-22 09:48:30,924 [INFO]   SCORE       : 50/100
2026-07-22 09:48:30,924 [INFO]   DECISIONE   : ⚫ NON CLASSIFICABILE
2026-07-22 09:48:30,925 [INFO]   MOTIVAZIONE : Score basso (50) ma differenze parametriche insufficienti — revisione manuale.
2026-07-22 09:48:30,925 [INFO]   CHECKLIST   :
2026-07-22 09:48:30,925 [INFO] ───────────────────────────────────────────────────────
2026-07-22 09:48:30,925 [INFO]   [VZ_FR] ⚫ NERO (incerto) | Score: 50
2026-07-22 09:48:30,925 [INFO]   [VZ_ES] Da cache (score=50)
2026-07-22 09:48:30,926 [INFO] ───────────────────────────────────────────────────────
2026-07-22 09:48:30,926 [INFO]   CONFIG      : VZ_ES
2026-07-22 09:48:30,926 [INFO]   SCORE       : 50/100
2026-07-22 09:48:30,926 [INFO]   DECISIONE   : ⚫ NON CLASSIFICABILE
2026-07-22 09:48:30,926 [INFO]   MOTIVAZIONE : Score basso (50) ma differenze parametriche insufficienti — revisione manuale.
2026-07-22 09:48:30,927 [INFO]   CHECKLIST   :
2026-07-22 09:48:30,927 [INFO] ───────────────────────────────────────────────────────
2026-07-22 09:48:30,927 [INFO]   [VZ_ES] ⚫ NERO (incerto) | Score: 50
2026-07-22 09:48:30,927 [INFO]   [VZI-6_R1] Da cache (score=50)
2026-07-22 09:48:30,928 [INFO] ───────────────────────────────────────────────────────
2026-07-22 09:48:30,928 [INFO]   CONFIG      : VZI-6_R1
2026-07-22 09:48:30,928 [INFO]   SCORE       : 50/100
2026-07-22 09:48:30,928 [INFO]   DECISIONE   : ⚫ NON CLASSIFICABILE
2026-07-22 09:48:30,928 [INFO]   MOTIVAZIONE : Score basso (50) ma differenze parametriche insufficienti — revisione manuale.
2026-07-22 09:48:30,928 [INFO]   CHECKLIST   :
2026-07-22 09:48:30,929 [INFO] ───────────────────────────────────────────────────────
2026-07-22 09:48:30,929 [INFO]   [VZI-6_R1] ⚫ NERO (incerto) | Score: 50
2026-07-22 09:48:30,929 [INFO] 
═══════════════════════════════════════════════════════
  LV_Automatic_Dropping_Device_(ADD) / FRS_Line Voltage (4 config)
═══════════════════════════════════════════════════════
2026-07-22 09:48:30,930 [INFO]   [VZI_Base] Estrazione pag.16...
2026-07-22 09:48:30,930 [INFO]   🔍 Ricerca locale per: https://gruppofsitaliane.sharepoint.com/:f:/r/sites/IngegneriaETReMezziLeggeri-T...
2026-07-22 09:48:30,931 [INFO]   📁 File trovato (percorso esatto): C:\Users\2954534.UTENTI\OneDrive - Gruppo Ferrovie Dello Stato\Documenti - Ingegneria ETR - Trenitalia\DB_ETR1000\DOC_FLOTTE\VZI_Base\CONFIG\FRS\3EST000225-7907.pdf
2026-07-22 09:48:30,946 [INFO]   🎯 Indice funzione: '3.2.3' (score=3, func_id='LV_Automatic_Dropping_Device_(ADD)')
2026-07-22 09:48:30,947 [INFO]   📑 Strategia A — indice funzione: '3.2.3' su pag.16
2026-07-22 09:48:30,947 [INFO]   ✂ Pagina iniziale parziale: testo prima di '3.2.3' escluso (offset=1668)
2026-07-22 09:48:30,961 [INFO]   ✂ Testo troncato: indice estraneo '3.2.4 Pantograph - Interlock' trovato a offset 3502 — pagina parziale
2026-07-22 09:48:30,962 [INFO]   ✅✂ Pag.18: testo precedente a '3.2.4' incluso — poi STOP
2026-07-22 09:48:30,962 [INFO]   📖 Estratte pagine 16–18 (parziale inizio, parziale fine) da '3EST000225-7907.pdf'
2026-07-22 09:48:30,963 [INFO]   [VZ_FR] Estrazione pag.18...
2026-07-22 09:48:30,963 [INFO]   🔍 Ricerca locale per: https://gruppofsitaliane.sharepoint.com/:f:/r/sites/IngegneriaETReMezziLeggeri-T...
2026-07-22 09:48:30,964 [INFO]   📁 File trovato (percorso esatto): C:\Users\2954534.UTENTI\OneDrive - Gruppo Ferrovie Dello Stato\Documenti - Ingegneria ETR - Trenitalia\DB_ETR1000\DOC_FLOTTE\VZ_FR\CONFIG\FRS\3ECP413571-0401.pdf
2026-07-22 09:48:30,983 [INFO]   🎯 Indice funzione: '3.2.3' (score=3, func_id='LV_Automatic_Dropping_Device_(ADD)')
2026-07-22 09:48:30,983 [INFO]   📑 Strategia A — indice funzione: '3.2.3' su pag.18
2026-07-22 09:48:30,984 [INFO]   ✂ Pagina iniziale parziale: testo prima di '3.2.3' escluso (offset=1665)
2026-07-22 09:48:30,989 [INFO]   ✅ Pag.19: '3.2.3.2' ⊆ '3.2.3' — inclusa
2026-07-22 09:48:31,001 [INFO]   ✂ Testo troncato: indice estraneo '3.2.4 Pantograph - Interlock' trovato a offset 508 — pagina parziale
2026-07-22 09:48:31,001 [INFO]   ✅✂ Pag.21: testo precedente a '3.2.4' incluso — poi STOP
2026-07-22 09:48:31,001 [INFO]   📖 Estratte pagine 18–21 (parziale inizio, parziale fine) da '3ECP413571-0401.pdf'
2026-07-22 09:48:31,002 [INFO]   [VZ_ES] Estrazione pag.16...
2026-07-22 09:48:31,002 [INFO]   🔍 Ricerca locale per: https://gruppofsitaliane.sharepoint.com/:f:/r/sites/IngegneriaETReMezziLeggeri-T...
2026-07-22 09:48:31,003 [INFO]   📁 File trovato (percorso esatto): C:\Users\2954534.UTENTI\OneDrive - Gruppo Ferrovie Dello Stato\Documenti - Ingegneria ETR - Trenitalia\DB_ETR1000\DOC_FLOTTE\VZ_ES\CONFIG\FRS\3EGH489028-2358.pdf
2026-07-22 09:48:31,037 [INFO]   🎯 Indice funzione: '3.2.3' (score=3, func_id='LV_Automatic_Dropping_Device_(ADD)')
2026-07-22 09:48:31,037 [INFO]   📑 Strategia A — indice funzione: '3.2.3' su pag.16
2026-07-22 09:48:31,037 [INFO]   ✂ Pagina iniziale parziale: testo prima di '3.2.3' escluso (offset=1751)
2026-07-22 09:48:31,064 [INFO]   ✂ Testo troncato: indice estraneo '3.2.4 Pantograph - Interlock' trovato a offset 529 — pagina parziale
2026-07-22 09:48:31,064 [INFO]   ✅✂ Pag.21: testo precedente a '3.2.4' incluso — poi STOP
2026-07-22 09:48:31,065 [INFO]   📖 Estratte pagine 16–21 (parziale inizio, parziale fine) da '3EGH489028-2358.pdf'
2026-07-22 09:48:31,065 [INFO]   [VZI-6_R1] Estrazione pag.22...
2026-07-22 09:48:31,065 [INFO]   🔍 Ricerca locale per: https://gruppofsitaliane.sharepoint.com/:f:/r/sites/IngegneriaETReMezziLeggeri-T...
2026-07-22 09:48:31,066 [INFO]   📁 File trovato (percorso esatto): C:\Users\2954534.UTENTI\OneDrive - Gruppo Ferrovie Dello Stato\Documenti - Ingegneria ETR - Trenitalia\DB_ETR1000\DOC_FLOTTE\VZI-6_R1\CONFIG\FRS\FA020022045.pdf
2026-07-22 09:48:31,129 [INFO]   🎯 Indice funzione: '3.2.3' (score=3, func_id='LV_Automatic_Dropping_Device_(ADD)')
2026-07-22 09:48:31,129 [INFO]   📑 Strategia A — indice funzione: '3.2.3' su pag.22
2026-07-22 09:48:31,130 [INFO]   ✂ Pagina iniziale parziale: testo prima di '3.2.3' escluso (offset=269)
2026-07-22 09:48:31,188 [INFO]   ✂ Testo troncato: indice estraneo '3.2.4 Pantograph - Interlock' trovato a offset 1576 — pagina parziale
2026-07-22 09:48:31,188 [INFO]   ✅✂ Pag.26: testo precedente a '3.2.4' incluso — poi STOP
2026-07-22 09:48:31,193 [INFO]   📖 Estratte pagine 22–26 (parziale inizio, parziale fine) da 'FA020022045.pdf'
2026-07-22 09:48:31,193 [INFO]   Testi: 4/4
2026-07-22 09:48:31,196 [INFO]   [parse] [VZI_Base] ✅ Parsing regex OK — campi valorizzati: 4/16
2026-07-22 09:48:31,199 [INFO]   [parse] [VZ_FR] ✅ Parsing regex OK — campi valorizzati: 4/16
2026-07-22 09:48:31,205 [INFO]   [parse] [VZ_ES] ✅ Parsing regex OK — campi valorizzati: 4/16
2026-07-22 09:48:31,214 [INFO]   [parse] [VZI-6_R1] ✅ Parsing regex OK — campi valorizzati: 4/16
2026-07-22 09:48:31,214 [INFO]   [det] VZI_Base vs VZ_FR: ✅ Nessuna diff. funzionale oggettiva
2026-07-22 09:48:31,214 [INFO]   [det] VZI_Base vs VZ_ES: ✅ Nessuna diff. funzionale oggettiva
2026-07-22 09:48:31,215 [INFO]   [det] VZI_Base vs VZI-6_R1: ✅ Nessuna diff. funzionale oggettiva
2026-07-22 09:48:31,215 [INFO]   [det] VZ_FR vs VZ_ES: ✅ Nessuna diff. funzionale oggettiva
2026-07-22 09:48:31,215 [INFO]   [det] VZ_FR vs VZI-6_R1: ✅ Nessuna diff. funzionale oggettiva
2026-07-22 09:48:31,215 [INFO]   [det] VZ_ES vs VZI-6_R1: ✅ Nessuna diff. funzionale oggettiva
2026-07-22 09:48:31,216 [INFO]   ✅ Nessuna diff. oggettiva
2026-07-22 09:48:31,216 [INFO]   Chiamata Ollama (unica per questo gruppo, 4 config in parallelo nel prompt)...
2026-07-22 09:48:31,216 [INFO]   Ollama: analisi gruppo LV_Automatic_Dropping_Device_(ADD) (4 config)...
2026-07-22 09:53:30,664 [INFO] HTTP Request: POST http://127.0.0.1:11434/api/chat "HTTP/1.1 200 OK"
2026-07-22 09:53:30,665 [INFO]   ✅ Cache — score=85, equivalenti=True
2026-07-22 09:53:30,665 [INFO] ───────────────────────────────────────────────────────
2026-07-22 09:53:30,665 [INFO]   CONFIG      : VZI_Base
2026-07-22 09:53:30,665 [INFO]   SCORE       : 85/100
2026-07-22 09:53:30,666 [INFO]   DECISIONE   : 🟢 EQUIVALENTE
2026-07-22 09:53:30,666 [INFO]   MOTIVAZIONE : LLM: nessuna differenza funzionale rilevante. Score: 85.
2026-07-22 09:53:30,667 [INFO]   CHECKLIST   :
2026-07-22 09:53:30,667 [INFO]     Scopo funzionale              : IDENTICAL
2026-07-22 09:53:30,667 [INFO]     Logica operativa              : IDENTICAL
2026-07-22 09:53:30,667 [INFO]     Prestazioni                   : IDENTICAL
2026-07-22 09:53:30,668 [INFO]     Comportamento in guasto       : IDENTICAL
2026-07-22 09:53:30,668 [INFO]     Diagnostica                   : IDENTICAL
2026-07-22 09:53:30,668 [INFO]     Sicurezza                     : IDENTICAL
2026-07-22 09:53:30,668 [INFO] ───────────────────────────────────────────────────────
2026-07-22 09:53:30,669 [INFO]   [VZI_Base] 🟢 VERDE | Score: 85
2026-07-22 09:53:31,670 [INFO]   [VZ_FR] Da cache (score=85)
2026-07-22 09:53:31,670 [INFO] ───────────────────────────────────────────────────────
2026-07-22 09:53:31,670 [INFO]   CONFIG      : VZ_FR
2026-07-22 09:53:31,670 [INFO]   SCORE       : 85/100
2026-07-22 09:53:31,670 [INFO]   DECISIONE   : 🟢 EQUIVALENTE
2026-07-22 09:53:31,671 [INFO]   MOTIVAZIONE : LLM: nessuna differenza funzionale rilevante. Score: 85.
2026-07-22 09:53:31,671 [INFO]   CHECKLIST   :
2026-07-22 09:53:31,671 [INFO]     Scopo funzionale              : IDENTICAL
2026-07-22 09:53:31,671 [INFO]     Logica operativa              : IDENTICAL
2026-07-22 09:53:31,671 [INFO]     Prestazioni                   : IDENTICAL
2026-07-22 09:53:31,672 [INFO]     Comportamento in guasto       : IDENTICAL
2026-07-22 09:53:31,672 [INFO]     Diagnostica                   : IDENTICAL
2026-07-22 09:53:31,672 [INFO]     Sicurezza                     : IDENTICAL
2026-07-22 09:53:31,672 [INFO] ───────────────────────────────────────────────────────
2026-07-22 09:53:31,673 [INFO]   [VZ_FR] 🟢 VERDE | Score: 85
2026-07-22 09:53:31,673 [INFO]   [VZ_ES] Da cache (score=85)
2026-07-22 09:53:31,673 [INFO] ───────────────────────────────────────────────────────
2026-07-22 09:53:31,673 [INFO]   CONFIG      : VZ_ES
2026-07-22 09:53:31,673 [INFO]   SCORE       : 85/100
2026-07-22 09:53:31,674 [INFO]   DECISIONE   : 🟢 EQUIVALENTE
2026-07-22 09:53:31,674 [INFO]   MOTIVAZIONE : LLM: nessuna differenza funzionale rilevante. Score: 85.
2026-07-22 09:53:31,674 [INFO]   CHECKLIST   :
2026-07-22 09:53:31,674 [INFO]     Scopo funzionale              : IDENTICAL
2026-07-22 09:53:31,674 [INFO]     Logica operativa              : IDENTICAL
2026-07-22 09:53:31,674 [INFO]     Prestazioni                   : IDENTICAL
2026-07-22 09:53:31,675 [INFO]     Comportamento in guasto       : IDENTICAL
2026-07-22 09:53:31,675 [INFO]     Diagnostica                   : IDENTICAL
2026-07-22 09:53:31,675 [INFO]     Sicurezza                     : IDENTICAL
2026-07-22 09:53:31,675 [INFO] ───────────────────────────────────────────────────────
2026-07-22 09:53:31,676 [INFO]   [VZ_ES] 🟢 VERDE | Score: 85
2026-07-22 09:53:31,676 [INFO]   [VZI-6_R1] Da cache (score=85)
2026-07-22 09:53:31,676 [INFO] ───────────────────────────────────────────────────────
2026-07-22 09:53:31,676 [INFO]   CONFIG      : VZI-6_R1
2026-07-22 09:53:31,676 [INFO]   SCORE       : 85/100
2026-07-22 09:53:31,677 [INFO]   DECISIONE   : 🟢 EQUIVALENTE
2026-07-22 09:53:31,677 [INFO]   MOTIVAZIONE : LLM: nessuna differenza funzionale rilevante. Score: 85.
2026-07-22 09:53:31,677 [INFO]   CHECKLIST   :
2026-07-22 09:53:31,677 [INFO]     Scopo funzionale              : IDENTICAL
2026-07-22 09:53:31,677 [INFO]     Logica operativa              : IDENTICAL
2026-07-22 09:53:31,678 [INFO]     Prestazioni                   : IDENTICAL
2026-07-22 09:53:31,678 [INFO]     Comportamento in guasto       : IDENTICAL
2026-07-22 09:53:31,678 [INFO]     Diagnostica                   : IDENTICAL
2026-07-22 09:53:31,678 [INFO]     Sicurezza                     : IDENTICAL
2026-07-22 09:53:31,678 [INFO] ───────────────────────────────────────────────────────
2026-07-22 09:53:31,679 [INFO]   [VZI-6_R1] 🟢 VERDE | Score: 85
2026-07-22 09:53:31,679 [INFO] 
═══════════════════════════════════════════════════════
  LV_Pantograph_Interlock / FRS_Line Voltage (4 config)
═══════════════════════════════════════════════════════
2026-07-22 09:53:31,679 [INFO]   [VZI_Base] Estrazione pag.18...
2026-07-22 09:53:31,679 [INFO]   🔍 Ricerca locale per: https://gruppofsitaliane.sharepoint.com/:f:/r/sites/IngegneriaETReMezziLeggeri-T...
2026-07-22 09:53:31,680 [INFO]   📁 File trovato (percorso esatto): C:\Users\2954534.UTENTI\OneDrive - Gruppo Ferrovie Dello Stato\Documenti - Ingegneria ETR - Trenitalia\DB_ETR1000\DOC_FLOTTE\VZI_Base\CONFIG\FRS\3EST000225-7907.pdf
2026-07-22 09:53:31,716 [INFO]   🎯 Indice funzione: '3.2.4' (score=2, func_id='LV_Pantograph_Interlock')
2026-07-22 09:53:31,717 [INFO]   📑 Strategia A — indice funzione: '3.2.4' su pag.18
2026-07-22 09:53:31,717 [INFO]   ✂ Pagina iniziale parziale: testo prima di '3.2.4' escluso (offset=3502)
2026-07-22 09:53:31,722 [INFO]   ✅ Pag.19: '3.2.4.1.2' ⊆ '3.2.4' — inclusa
2026-07-22 09:53:31,727 [INFO]   ✂ Testo troncato: indice estraneo '3.2.5 Pantograph Selection' trovato a offset 1104 — pagina parziale
2026-07-22 09:53:31,728 [INFO]   ✅✂ Pag.20: testo precedente a '3.2.5' incluso — poi STOP
2026-07-22 09:53:31,728 [INFO]   📖 Estratte pagine 18–20 (parziale inizio, parziale fine) da '3EST000225-7907.pdf'
2026-07-22 09:53:31,728 [INFO]   [VZ_FR] Estrazione pag.21...
2026-07-22 09:53:31,728 [INFO]   🔍 Ricerca locale per: https://gruppofsitaliane.sharepoint.com/:f:/r/sites/IngegneriaETReMezziLeggeri-T...
2026-07-22 09:53:31,729 [INFO]   📁 File trovato (percorso esatto): C:\Users\2954534.UTENTI\OneDrive - Gruppo Ferrovie Dello Stato\Documenti - Ingegneria ETR - Trenitalia\DB_ETR1000\DOC_FLOTTE\VZ_FR\CONFIG\FRS\3ECP413571-0401.pdf
2026-07-22 09:53:31,754 [INFO]   🎯 Indice funzione: '3.2.4' (score=2, func_id='LV_Pantograph_Interlock')
2026-07-22 09:53:31,755 [INFO]   📑 Strategia A — indice funzione: '3.2.4' su pag.21
2026-07-22 09:53:31,755 [INFO]   ✂ Pagina iniziale parziale: testo prima di '3.2.4' escluso (offset=508)
2026-07-22 09:53:31,759 [INFO]   ✂ Testo troncato: indice estraneo '3.2.5 Pantograph Selection' trovato a offset 2717 — pagina parziale
2026-07-22 09:53:31,760 [INFO]   ✅✂ Pag.22: testo precedente a '3.2.5' incluso — poi STOP
2026-07-22 09:53:31,760 [INFO]   📖 Estratte pagine 21–22 (parziale inizio, parziale fine) da '3ECP413571-0401.pdf'
2026-07-22 09:53:31,761 [INFO]   [VZ_ES] Estrazione pag.21...
2026-07-22 09:53:31,761 [INFO]   🔍 Ricerca locale per: https://gruppofsitaliane.sharepoint.com/:f:/r/sites/IngegneriaETReMezziLeggeri-T...
2026-07-22 09:53:31,762 [INFO]   📁 File trovato (percorso esatto): C:\Users\2954534.UTENTI\OneDrive - Gruppo Ferrovie Dello Stato\Documenti - Ingegneria ETR - Trenitalia\DB_ETR1000\DOC_FLOTTE\VZ_ES\CONFIG\FRS\3EGH489028-2358.pdf
2026-07-22 09:53:31,807 [INFO]   🎯 Indice funzione: '3.2.4' (score=2, func_id='LV_Pantograph_Interlock')
2026-07-22 09:53:31,807 [INFO]   📑 Strategia A — indice funzione: '3.2.4' su pag.21
2026-07-22 09:53:31,808 [INFO]   ✂ Pagina iniziale parziale: testo prima di '3.2.4' escluso (offset=529)
2026-07-22 09:53:31,812 [INFO]   ✂ Testo troncato: indice estraneo '3.2.5 Pantograph Selection' trovato a offset 1980 — pagina parziale
2026-07-22 09:53:31,812 [INFO]   ✅✂ Pag.22: testo precedente a '3.2.5' incluso — poi STOP
2026-07-22 09:53:31,813 [INFO]   📖 Estratte pagine 21–22 (parziale inizio, parziale fine) da '3EGH489028-2358.pdf'
2026-07-22 09:53:31,813 [INFO]   [VZI-6_R1] Estrazione pag.26...
2026-07-22 09:53:31,813 [INFO]   🔍 Ricerca locale per: https://gruppofsitaliane.sharepoint.com/:f:/r/sites/IngegneriaETReMezziLeggeri-T...
2026-07-22 09:53:31,814 [INFO]   📁 File trovato (percorso esatto): C:\Users\2954534.UTENTI\OneDrive - Gruppo Ferrovie Dello Stato\Documenti - Ingegneria ETR - Trenitalia\DB_ETR1000\DOC_FLOTTE\VZI-6_R1\CONFIG\FRS\FA020022045.pdf
2026-07-22 09:53:31,886 [INFO]   🎯 Indice funzione: '3.2.4' (score=2, func_id='LV_Pantograph_Interlock')
2026-07-22 09:53:31,886 [INFO]   📑 Strategia A — indice funzione: '3.2.4' su pag.26
2026-07-22 09:53:31,887 [INFO]   ✂ Pagina iniziale parziale: testo prima di '3.2.4' escluso (offset=1576)
2026-07-22 09:53:31,905 [INFO]   ✅ Pag.27: '3.2.4.2' ⊆ '3.2.4' — inclusa
2026-07-22 09:53:31,915 [INFO]   ✂ Testo troncato: indice estraneo '3.2.5 Pantograph Selection' trovato a offset 158 — pagina parziale
2026-07-22 09:53:31,915 [INFO]   ✅✂ Pag.28: testo precedente a '3.2.5' incluso — poi STOP
2026-07-22 09:53:31,920 [INFO]   📖 Estratte pagine 26–28 (parziale inizio, parziale fine) da 'FA020022045.pdf'
2026-07-22 09:53:31,920 [INFO]   Testi: 4/4
2026-07-22 09:53:31,921 [INFO]   [parse] [VZI_Base] ✅ Parsing regex OK — campi valorizzati: 4/16
2026-07-22 09:53:31,923 [INFO]   [parse] [VZ_FR] ✅ Parsing regex OK — campi valorizzati: 4/16
2026-07-22 09:53:31,925 [INFO]   [parse] [VZ_ES] ✅ Parsing regex OK — campi valorizzati: 4/16
2026-07-22 09:53:31,926 [INFO]   [parse] [VZI-6_R1] ✅ Parsing regex OK — campi valorizzati: 4/16
2026-07-22 09:53:31,926 [INFO]   [det] VZI_Base vs VZ_FR: ✅ Nessuna diff. funzionale oggettiva
2026-07-22 09:53:31,927 [INFO]   [det] VZI_Base vs VZ_ES: ✅ Nessuna diff. funzionale oggettiva
2026-07-22 09:53:31,927 [INFO]   [det] VZI_Base vs VZI-6_R1: ✅ Nessuna diff. funzionale oggettiva
2026-07-22 09:53:31,927 [INFO]   [det] VZ_FR vs VZ_ES: ✅ Nessuna diff. funzionale oggettiva
2026-07-22 09:53:31,927 [INFO]   [det] VZ_FR vs VZI-6_R1: ✅ Nessuna diff. funzionale oggettiva
2026-07-22 09:53:31,928 [INFO]   [det] VZ_ES vs VZI-6_R1: ✅ Nessuna diff. funzionale oggettiva
2026-07-22 09:53:31,928 [INFO]   ✅ Nessuna diff. oggettiva
2026-07-22 09:53:31,928 [INFO]   Chiamata Ollama (unica per questo gruppo, 4 config in parallelo nel prompt)...
2026-07-22 09:53:31,928 [INFO]   Ollama: analisi gruppo LV_Pantograph_Interlock (4 config)...
2026-07-22 09:59:09,823 [INFO] HTTP Request: POST http://127.0.0.1:11434/api/chat "HTTP/1.1 200 OK"
2026-07-22 09:59:09,824 [INFO]   ✅ Cache — score=85, equivalenti=True
2026-07-22 09:59:09,824 [INFO] ───────────────────────────────────────────────────────
2026-07-22 09:59:09,825 [INFO]   CONFIG      : VZI_Base
2026-07-22 09:59:09,825 [INFO]   SCORE       : 85/100
2026-07-22 09:59:09,825 [INFO]   DECISIONE   : 🟢 EQUIVALENTE
2026-07-22 09:59:09,826 [INFO]   MOTIVAZIONE : LLM: nessuna differenza funzionale rilevante. Score: 85.
2026-07-22 09:59:09,826 [INFO]   CHECKLIST   :
2026-07-22 09:59:09,826 [INFO]     Scopo funzionale              : IDENTICAL
2026-07-22 09:59:09,826 [INFO]     Logica operativa              : IDENTICAL
2026-07-22 09:59:09,826 [INFO]     Prestazioni                   : IDENTICAL
2026-07-22 09:59:09,827 [INFO]     Comportamento in guasto       : IDENTICAL
2026-07-22 09:59:09,827 [INFO]     Diagnostica                   : IDENTICAL
2026-07-22 09:59:09,827 [INFO]     Sicurezza                     : IDENTICAL
2026-07-22 09:59:09,827 [INFO] ───────────────────────────────────────────────────────
2026-07-22 09:59:09,829 [INFO]   [VZI_Base] 🟢 VERDE | Score: 85
2026-07-22 09:59:10,830 [INFO]   [VZ_FR] Da cache (score=85)
2026-07-22 09:59:10,831 [INFO] ───────────────────────────────────────────────────────
2026-07-22 09:59:10,832 [INFO]   CONFIG      : VZ_FR
2026-07-22 09:59:10,832 [INFO]   SCORE       : 85/100
2026-07-22 09:59:10,833 [INFO]   DECISIONE   : 🟢 EQUIVALENTE
2026-07-22 09:59:10,834 [INFO]   MOTIVAZIONE : LLM: nessuna differenza funzionale rilevante. Score: 85.
2026-07-22 09:59:10,834 [INFO]   CHECKLIST   :
2026-07-22 09:59:10,835 [INFO]     Scopo funzionale              : IDENTICAL
2026-07-22 09:59:10,836 [INFO]     Logica operativa              : IDENTICAL
2026-07-22 09:59:10,836 [INFO]     Prestazioni                   : IDENTICAL
2026-07-22 09:59:10,837 [INFO]     Comportamento in guasto       : IDENTICAL
2026-07-22 09:59:10,838 [INFO]     Diagnostica                   : IDENTICAL
2026-07-22 09:59:10,838 [INFO]     Sicurezza                     : IDENTICAL
2026-07-22 09:59:10,839 [INFO] ───────────────────────────────────────────────────────
2026-07-22 09:59:10,840 [INFO]   [VZ_FR] 🟢 VERDE | Score: 85
2026-07-22 09:59:10,841 [INFO]   [VZ_ES] Da cache (score=85)
2026-07-22 09:59:10,841 [INFO] ───────────────────────────────────────────────────────
2026-07-22 09:59:10,842 [INFO]   CONFIG      : VZ_ES
2026-07-22 09:59:10,843 [INFO]   SCORE       : 85/100
2026-07-22 09:59:10,843 [INFO]   DECISIONE   : 🟢 EQUIVALENTE
2026-07-22 09:59:10,844 [INFO]   MOTIVAZIONE : LLM: nessuna differenza funzionale rilevante. Score: 85.
2026-07-22 09:59:10,844 [INFO]   CHECKLIST   :
2026-07-22 09:59:10,846 [INFO]     Scopo funzionale              : IDENTICAL
2026-07-22 09:59:10,846 [INFO]     Logica operativa              : IDENTICAL
2026-07-22 09:59:10,847 [INFO]     Prestazioni                   : IDENTICAL
2026-07-22 09:59:10,847 [INFO]     Comportamento in guasto       : IDENTICAL
2026-07-22 09:59:10,848 [INFO]     Diagnostica                   : IDENTICAL
2026-07-22 09:59:10,848 [INFO]     Sicurezza                     : IDENTICAL
2026-07-22 09:59:10,849 [INFO] ───────────────────────────────────────────────────────
2026-07-22 09:59:10,849 [INFO]   [VZ_ES] 🟢 VERDE | Score: 85
2026-07-22 09:59:10,850 [INFO]   [VZI-6_R1] Da cache (score=85)
2026-07-22 09:59:10,850 [INFO] ───────────────────────────────────────────────────────
2026-07-22 09:59:10,851 [INFO]   CONFIG      : VZI-6_R1
2026-07-22 09:59:10,851 [INFO]   SCORE       : 85/100
2026-07-22 09:59:10,851 [INFO]   DECISIONE   : 🟢 EQUIVALENTE
2026-07-22 09:59:10,852 [INFO]   MOTIVAZIONE : LLM: nessuna differenza funzionale rilevante. Score: 85.
2026-07-22 09:59:10,852 [INFO]   CHECKLIST   :
2026-07-22 09:59:10,853 [INFO]     Scopo funzionale              : IDENTICAL
2026-07-22 09:59:10,853 [INFO]     Logica operativa              : IDENTICAL
2026-07-22 09:59:10,854 [INFO]     Prestazioni                   : IDENTICAL
2026-07-22 09:59:10,854 [INFO]     Comportamento in guasto       : IDENTICAL
2026-07-22 09:59:10,855 [INFO]     Diagnostica                   : IDENTICAL
2026-07-22 09:59:10,855 [INFO]     Sicurezza                     : IDENTICAL
2026-07-22 09:59:10,855 [INFO] ───────────────────────────────────────────────────────
2026-07-22 09:59:10,856 [INFO]   [VZI-6_R1] 🟢 VERDE | Score: 85
2026-07-22 09:59:10,856 [INFO] 
═══════════════════════════════════════════════════════
  LV_Pantograph_Selection / FRS_Line Voltage (4 config)
═══════════════════════════════════════════════════════
2026-07-22 09:59:10,857 [INFO]   [VZI_Base] Estrazione pag.20...
2026-07-22 09:59:10,857 [INFO]   🔍 Ricerca locale per: https://gruppofsitaliane.sharepoint.com/:f:/r/sites/IngegneriaETReMezziLeggeri-T...
2026-07-22 09:59:10,858 [INFO]   📁 File trovato (percorso esatto): C:\Users\2954534.UTENTI\OneDrive - Gruppo Ferrovie Dello Stato\Documenti - Ingegneria ETR - Trenitalia\DB_ETR1000\DOC_FLOTTE\VZI_Base\CONFIG\FRS\3EST000225-7907.pdf
2026-07-22 09:59:10,894 [INFO]   🎯 Indice funzione: '3.2.5' (score=2, func_id='LV_Pantograph_Selection')
2026-07-22 09:59:10,894 [INFO]   📑 Strategia A — indice funzione: '3.2.5' su pag.20
2026-07-22 09:59:10,895 [INFO]   ✂ Pagina iniziale parziale: testo prima di '3.2.5' escluso (offset=1104)
2026-07-22 09:59:10,900 [INFO]   ✂ Testo troncato: indice estraneo '3.2.6 Pantograph - Control of Static Contact Force' trovato a offset 3448 — pagina parziale
2026-07-22 09:59:10,901 [INFO]   ✅✂ Pag.21: testo precedente a '3.2.6' incluso — poi STOP
2026-07-22 09:59:10,901 [INFO]   📖 Estratte pagine 20–21 (parziale inizio, parziale fine) da '3EST000225-7907.pdf'
2026-07-22 09:59:10,902 [INFO]   [VZ_FR] Estrazione pag.22...
2026-07-22 09:59:10,902 [INFO]   🔍 Ricerca locale per: https://gruppofsitaliane.sharepoint.com/:f:/r/sites/IngegneriaETReMezziLeggeri-T...
2026-07-22 09:59:10,902 [INFO]   📁 File trovato (percorso esatto): C:\Users\2954534.UTENTI\OneDrive - Gruppo Ferrovie Dello Stato\Documenti - Ingegneria ETR - Trenitalia\DB_ETR1000\DOC_FLOTTE\VZ_FR\CONFIG\FRS\3ECP413571-0401.pdf
2026-07-22 09:59:10,941 [INFO]   🎯 Indice funzione: '3.2.5' (score=2, func_id='LV_Pantograph_Selection')
2026-07-22 09:59:10,942 [INFO]   📑 Strategia A — indice funzione: '3.2.5' su pag.22
2026-07-22 09:59:10,942 [INFO]   ✂ Pagina iniziale parziale: testo prima di '3.2.5' escluso (offset=2717)
2026-07-22 09:59:10,948 [INFO]   ✅ Pag.23: '3.2.5.1.2' ⊆ '3.2.5' — inclusa
2026-07-22 09:59:10,951 [INFO]   ✂ Testo troncato: indice estraneo '3.2.6 Pantograph - Control of Static Contact Force' trovato a offset 1911 — pagina parziale
2026-07-22 09:59:10,951 [INFO]   ✅✂ Pag.24: testo precedente a '3.2.6' incluso — poi STOP
2026-07-22 09:59:10,952 [INFO]   📖 Estratte pagine 22–24 (parziale inizio, parziale fine) da '3ECP413571-0401.pdf'
2026-07-22 09:59:10,952 [INFO]   [VZ_ES] Estrazione pag.22...
2026-07-22 09:59:10,952 [INFO]   🔍 Ricerca locale per: https://gruppofsitaliane.sharepoint.com/:f:/r/sites/IngegneriaETReMezziLeggeri-T...
2026-07-22 09:59:10,953 [INFO]   📁 File trovato (percorso esatto): C:\Users\2954534.UTENTI\OneDrive - Gruppo Ferrovie Dello Stato\Documenti - Ingegneria ETR - Trenitalia\DB_ETR1000\DOC_FLOTTE\VZ_ES\CONFIG\FRS\3EGH489028-2358.pdf
2026-07-22 09:59:11,013 [INFO]   🎯 Indice funzione: '3.2.5' (score=2, func_id='LV_Pantograph_Selection')
2026-07-22 09:59:11,014 [INFO]   📑 Strategia A — indice funzione: '3.2.5' su pag.22
2026-07-22 09:59:11,014 [INFO]   ✂ Pagina iniziale parziale: testo prima di '3.2.5' escluso (offset=1980)
2026-07-22 09:59:11,021 [INFO]   ✂ Testo troncato: indice estraneo '3.2.6 Pantograph - Control of Static Contact Force' trovato a offset 2937 — pagina parziale
2026-07-22 09:59:11,021 [INFO]   ✅✂ Pag.23: inclusa parzialmente ('3.2.5.2' ⊆ '3.2.5', poi nuova sezione) — lettura interrotta
2026-07-22 09:59:11,022 [INFO]   📖 Estratte pagine 22–23 (parziale inizio, parziale fine) da '3EGH489028-2358.pdf'
2026-07-22 09:59:11,022 [INFO]   [VZI-6_R1] Estrazione pag.28...
2026-07-22 09:59:11,022 [INFO]   🔍 Ricerca locale per: https://gruppofsitaliane.sharepoint.com/:f:/r/sites/IngegneriaETReMezziLeggeri-T...
2026-07-22 09:59:11,023 [INFO]   📁 File trovato (percorso esatto): C:\Users\2954534.UTENTI\OneDrive - Gruppo Ferrovie Dello Stato\Documenti - Ingegneria ETR - Trenitalia\DB_ETR1000\DOC_FLOTTE\VZI-6_R1\CONFIG\FRS\FA020022045.pdf
2026-07-22 09:59:11,120 [INFO]   🎯 Indice funzione: '3.2.5' (score=2, func_id='LV_Pantograph_Selection')
2026-07-22 09:59:11,120 [INFO]   📑 Strategia A — indice funzione: '3.2.5' su pag.28
2026-07-22 09:59:11,121 [INFO]   ✂ Pagina iniziale parziale: testo prima di '3.2.5' escluso (offset=158)
2026-07-22 09:59:11,130 [INFO]   ✂ Testo troncato: indice estraneo '3.2.6 Pantograph - Control of Static Contact Force' trovato a offset 1482 — pagina parziale
2026-07-22 09:59:11,130 [INFO]   ✅✂ Pag.29: testo precedente a '3.2.6' incluso — poi STOP
2026-07-22 09:59:11,133 [INFO]   📖 Estratte pagine 28–29 (parziale inizio, parziale fine) da 'FA020022045.pdf'
2026-07-22 09:59:11,133 [INFO]   Testi: 4/4
2026-07-22 09:59:11,135 [INFO]   [parse] [VZI_Base] ✅ Parsing regex OK — campi valorizzati: 4/16
2026-07-22 09:59:11,137 [INFO]   [parse] [VZ_FR] ✅ Parsing regex OK — campi valorizzati: 4/16
2026-07-22 09:59:11,139 [INFO]   [parse] [VZ_ES] ✅ Parsing regex OK — campi valorizzati: 4/16
2026-07-22 09:59:11,141 [INFO]   [parse] [VZI-6_R1] ✅ Parsing regex OK — campi valorizzati: 4/16
2026-07-22 09:59:11,141 [INFO]   [det] VZI_Base vs VZ_FR: ⚡ 1 diff. funzionali oggettive
2026-07-22 09:59:11,141 [INFO]   [det] VZI_Base vs VZ_ES: ✅ Nessuna diff. funzionale oggettiva
2026-07-22 09:59:11,142 [INFO]   [det] VZI_Base vs VZI-6_R1: ✅ Nessuna diff. funzionale oggettiva
2026-07-22 09:59:11,142 [INFO]   [det] VZ_FR vs VZ_ES: ⚡ 1 diff. funzionali oggettive
2026-07-22 09:59:11,142 [INFO]   [det] VZ_FR vs VZI-6_R1: ⚡ 1 diff. funzionali oggettive
2026-07-22 09:59:11,142 [INFO]   [det] VZ_ES vs VZI-6_R1: ✅ Nessuna diff. funzionale oggettiva
2026-07-22 09:59:11,143 [INFO]   ⚡ Diff. oggettive: 1 voci
2026-07-22 09:59:11,143 [INFO]   Chiamata Ollama (unica per questo gruppo, 4 config in parallelo nel prompt)...
2026-07-22 09:59:11,143 [INFO]   Ollama: analisi gruppo LV_Pantograph_Selection (4 config)...
2026-07-22 10:03:37,844 [INFO] HTTP Request: POST http://127.0.0.1:11434/api/chat "HTTP/1.1 200 OK"
2026-07-22 10:03:37,848 [WARNING]   Risposta Ollama non parsabile: Expecting ',' delimiter: line 22 column 5 (char 1195)
  Risposta: ```
{
  "equivalenti": true,
  "score": 85,
  "checklist": {
    "functional_purpose": "IDENTICAL",
    "operational_logic": "IDENTICAL",
    "performance": "IDENTICAL",
    "failure_handling": "IDENTICAL",
    "diagnostics": "IDENTICAL",
    "safety": "IDENTICAL"
  },
  "technical_differences": [],
  Fallback: INCERTO.
2026-07-22 10:03:37,874 [INFO]   ✅ Cache — score=50, equivalenti=None
2026-07-22 10:03:37,877 [INFO] ───────────────────────────────────────────────────────
2026-07-22 10:03:37,878 [INFO]   CONFIG      : VZI_Base
2026-07-22 10:03:37,880 [INFO]   SCORE       : 50/100
2026-07-22 10:03:37,881 [INFO]   DECISIONE   : ⚫ NON CLASSIFICABILE
2026-07-22 10:03:37,881 [INFO]   MOTIVAZIONE : Score basso (50) ma differenze parametriche insufficienti — revisione manuale.
2026-07-22 10:03:37,882 [INFO]   CHECKLIST   :
2026-07-22 10:03:37,882 [INFO]   DIFF PARAMETRICHE:
2026-07-22 10:03:37,882 [INFO]     • [states/stati operativi] Solo in VZ_FR: ACTIVE, EMERGENCY
2026-07-22 10:03:37,883 [INFO] ───────────────────────────────────────────────────────
2026-07-22 10:03:37,884 [INFO]   [VZI_Base] ⚫ NERO (incerto) | Score: 50
2026-07-22 10:03:38,897 [INFO]   [VZ_FR] Da cache (score=50)
2026-07-22 10:03:38,932 [INFO] ───────────────────────────────────────────────────────
2026-07-22 10:03:38,952 [INFO]   CONFIG      : VZ_FR
2026-07-22 10:03:38,953 [INFO]   SCORE       : 50/100
2026-07-22 10:03:38,967 [INFO]   DECISIONE   : ⚫ NON CLASSIFICABILE
2026-07-22 10:03:38,983 [INFO]   MOTIVAZIONE : Score basso (50) ma differenze parametriche insufficienti — revisione manuale.
2026-07-22 10:03:39,006 [INFO]   CHECKLIST   :
2026-07-22 10:03:39,011 [INFO]   DIFF PARAMETRICHE:
2026-07-22 10:03:39,011 [INFO]     • [states/stati operativi] Solo in VZ_FR: ACTIVE, EMERGENCY
2026-07-22 10:03:39,011 [INFO] ───────────────────────────────────────────────────────
2026-07-22 10:03:39,012 [INFO]   [VZ_FR] ⚫ NERO (incerto) | Score: 50
2026-07-22 10:03:39,014 [INFO]   [VZ_ES] Da cache (score=50)
2026-07-22 10:03:39,014 [INFO] ───────────────────────────────────────────────────────
2026-07-22 10:03:39,016 [INFO]   CONFIG      : VZ_ES
2026-07-22 10:03:39,016 [INFO]   SCORE       : 50/100
2026-07-22 10:03:39,017 [INFO]   DECISIONE   : ⚫ NON CLASSIFICABILE
2026-07-22 10:03:39,017 [INFO]   MOTIVAZIONE : Score basso (50) ma differenze parametriche insufficienti — revisione manuale.
2026-07-22 10:03:39,021 [INFO]   CHECKLIST   :
2026-07-22 10:03:39,026 [INFO]   DIFF PARAMETRICHE:
2026-07-22 10:03:39,026 [INFO]     • [states/stati operativi] Solo in VZ_FR: ACTIVE, EMERGENCY
2026-07-22 10:03:39,027 [INFO] ───────────────────────────────────────────────────────
2026-07-22 10:03:39,028 [INFO]   [VZ_ES] ⚫ NERO (incerto) | Score: 50
2026-07-22 10:03:39,028 [INFO]   [VZI-6_R1] Da cache (score=50)
2026-07-22 10:03:39,028 [INFO] ───────────────────────────────────────────────────────
2026-07-22 10:03:39,029 [INFO]   CONFIG      : VZI-6_R1
2026-07-22 10:03:39,029 [INFO]   SCORE       : 50/100
2026-07-22 10:03:39,029 [INFO]   DECISIONE   : ⚫ NON CLASSIFICABILE
2026-07-22 10:03:39,030 [INFO]   MOTIVAZIONE : Score basso (50) ma differenze parametriche insufficienti — revisione manuale.
2026-07-22 10:03:39,030 [INFO]   CHECKLIST   :
2026-07-22 10:03:39,030 [INFO]   DIFF PARAMETRICHE:
2026-07-22 10:03:39,031 [INFO]     • [states/stati operativi] Solo in VZ_FR: ACTIVE, EMERGENCY
2026-07-22 10:03:39,031 [INFO] ───────────────────────────────────────────────────────
2026-07-22 10:03:39,032 [INFO]   [VZI-6_R1] ⚫ NERO (incerto) | Score: 50
2026-07-22 10:03:39,033 [INFO] 
═══════════════════════════════════════════════════════
  LV_Pantograph_Control_of_Static_Contact_Force / FRS_Line Voltage (4 config)
═══════════════════════════════════════════════════════
2026-07-22 10:03:39,034 [INFO]   [VZI_Base] Estrazione pag.21...
2026-07-22 10:03:39,035 [INFO]   🔍 Ricerca locale per: https://gruppofsitaliane.sharepoint.com/:f:/r/sites/IngegneriaETReMezziLeggeri-T...
2026-07-22 10:03:39,036 [INFO]   📁 File trovato (percorso esatto): C:\Users\2954534.UTENTI\OneDrive - Gruppo Ferrovie Dello Stato\Documenti - Ingegneria ETR - Trenitalia\DB_ETR1000\DOC_FLOTTE\VZI_Base\CONFIG\FRS\3EST000225-7907.pdf
2026-07-22 10:03:39,057 [INFO]   🎯 Indice funzione: '3.2.6' (score=5, func_id='LV_Pantograph_Control_of_Static_Contact_Force')
2026-07-22 10:03:39,057 [INFO]   📑 Strategia A — indice funzione: '3.2.6' su pag.21
2026-07-22 10:03:39,058 [INFO]   ✂ Pagina iniziale parziale: testo prima di '3.2.6' escluso (offset=3448)
2026-07-22 10:03:39,065 [INFO]   ✅ Pag.22: '3.2.6.1.2' ⊆ '3.2.6' — inclusa
2026-07-22 10:03:39,074 [INFO]   ✂ Testo troncato: indice estraneo '3.3 Supervision of Line Voltage and Line Current' trovato a offset 508 — pagina parziale
2026-07-22 10:03:39,075 [INFO]   ✅✂ Pag.23: testo precedente a '3.3' incluso — poi STOP
2026-07-22 10:03:39,076 [INFO]   📖 Estratte pagine 21–23 (parziale inizio, parziale fine) da '3EST000225-7907.pdf'
2026-07-22 10:03:39,077 [INFO]   [VZ_FR] Estrazione pag.24...
2026-07-22 10:03:39,078 [INFO]   🔍 Ricerca locale per: https://gruppofsitaliane.sharepoint.com/:f:/r/sites/IngegneriaETReMezziLeggeri-T...
2026-07-22 10:03:39,079 [INFO]   📁 File trovato (percorso esatto): C:\Users\2954534.UTENTI\OneDrive - Gruppo Ferrovie Dello Stato\Documenti - Ingegneria ETR - Trenitalia\DB_ETR1000\DOC_FLOTTE\VZ_FR\CONFIG\FRS\3ECP413571-0401.pdf
2026-07-22 10:03:39,110 [INFO]   🎯 Indice funzione: '3.2.6' (score=5, func_id='LV_Pantograph_Control_of_Static_Contact_Force')
2026-07-22 10:03:39,111 [INFO]   📑 Strategia A — indice funzione: '3.2.6' su pag.24
2026-07-22 10:03:39,113 [INFO]   ✂ Pagina iniziale parziale: testo prima di '3.2.6' escluso (offset=1911)
2026-07-22 10:03:39,126 [INFO]   ✂ Testo troncato: indice estraneo '3.3 Supervision of Line Voltage and Line Current' trovato a offset 2148 — pagina parziale
2026-07-22 10:03:39,127 [INFO]   ✅✂ Pag.25: testo precedente a '3.3' incluso — poi STOP
2026-07-22 10:03:39,128 [INFO]   📖 Estratte pagine 24–25 (parziale inizio, parziale fine) da '3ECP413571-0401.pdf'
2026-07-22 10:03:39,132 [INFO]   [VZ_ES] Estrazione pag.23...
2026-07-22 10:03:39,133 [INFO]   🔍 Ricerca locale per: https://gruppofsitaliane.sharepoint.com/:f:/r/sites/IngegneriaETReMezziLeggeri-T...
2026-07-22 10:03:39,134 [INFO]   📁 File trovato (percorso esatto): C:\Users\2954534.UTENTI\OneDrive - Gruppo Ferrovie Dello Stato\Documenti - Ingegneria ETR - Trenitalia\DB_ETR1000\DOC_FLOTTE\VZ_ES\CONFIG\FRS\3EGH489028-2358.pdf
2026-07-22 10:03:39,198 [INFO]   🎯 Indice funzione: '3.2.6' (score=5, func_id='LV_Pantograph_Control_of_Static_Contact_Force')
2026-07-22 10:03:39,219 [INFO]   📑 Strategia A — indice funzione: '3.2.6' su pag.23
2026-07-22 10:03:39,220 [INFO]   ✂ Pagina iniziale parziale: testo prima di '3.2.6' escluso (offset=2937)
2026-07-22 10:03:39,239 [INFO]   ✂ Testo troncato: indice estraneo '3.3 Supervision of Line Voltage and Line Current' trovato a offset 1829 — pagina parziale
2026-07-22 10:03:39,252 [INFO]   ✅✂ Pag.24: inclusa parzialmente ('3.2.6.2' ⊆ '3.2.6', poi nuova sezione) — lettura interrotta
2026-07-22 10:03:39,260 [INFO]   📖 Estratte pagine 23–24 (parziale inizio, parziale fine) da '3EGH489028-2358.pdf'
2026-07-22 10:03:39,273 [INFO]   [VZI-6_R1] Estrazione pag.29...
2026-07-22 10:03:39,285 [INFO]   🔍 Ricerca locale per: https://gruppofsitaliane.sharepoint.com/:f:/r/sites/IngegneriaETReMezziLeggeri-T...
2026-07-22 10:03:39,286 [INFO]   📁 File trovato (percorso esatto): C:\Users\2954534.UTENTI\OneDrive - Gruppo Ferrovie Dello Stato\Documenti - Ingegneria ETR - Trenitalia\DB_ETR1000\DOC_FLOTTE\VZI-6_R1\CONFIG\FRS\FA020022045.pdf
2026-07-22 10:03:39,386 [INFO]   🎯 Indice funzione: '3.2.6' (score=5, func_id='LV_Pantograph_Control_of_Static_Contact_Force')
2026-07-22 10:03:39,389 [INFO]   📑 Strategia A — indice funzione: '3.2.6' su pag.29
2026-07-22 10:03:39,395 [INFO]   ✂ Pagina iniziale parziale: testo prima di '3.2.6' escluso (offset=1482)
2026-07-22 10:03:39,415 [INFO]   ✂ Testo troncato: indice estraneo '3.3 Supervision of Line Voltage and Line Current' trovato a offset 756 — pagina parziale
2026-07-22 10:03:39,416 [INFO]   ✅✂ Pag.30: testo precedente a '3.3' incluso — poi STOP
2026-07-22 10:03:39,425 [INFO]   📖 Estratte pagine 29–30 (parziale inizio, parziale fine) da 'FA020022045.pdf'
2026-07-22 10:03:39,425 [INFO]   Testi: 4/4
2026-07-22 10:03:39,428 [INFO]   [parse] [VZI_Base] ✅ Parsing regex OK — campi valorizzati: 3/16
2026-07-22 10:03:39,437 [INFO]   [parse] [VZ_FR] ✅ Parsing regex OK — campi valorizzati: 3/16
2026-07-22 10:03:39,438 [INFO]   [parse] [VZ_ES] ✅ Parsing regex OK — campi valorizzati: 3/16
2026-07-22 10:03:39,440 [INFO]   [parse] [VZI-6_R1] ✅ Parsing regex OK — campi valorizzati: 3/16
2026-07-22 10:03:39,441 [INFO]   [det] VZI_Base vs VZ_FR: ✅ Nessuna diff. funzionale oggettiva
2026-07-22 10:03:39,442 [INFO]   [det] VZI_Base vs VZ_ES: ✅ Nessuna diff. funzionale oggettiva
2026-07-22 10:03:39,442 [INFO]   [det] VZI_Base vs VZI-6_R1: ✅ Nessuna diff. funzionale oggettiva
2026-07-22 10:03:39,442 [INFO]   [det] VZ_FR vs VZ_ES: ✅ Nessuna diff. funzionale oggettiva
2026-07-22 10:03:39,443 [INFO]   [det] VZ_FR vs VZI-6_R1: ✅ Nessuna diff. funzionale oggettiva
2026-07-22 10:03:39,443 [INFO]   [det] VZ_ES vs VZI-6_R1: ✅ Nessuna diff. funzionale oggettiva
2026-07-22 10:03:39,443 [INFO]   ✅ Nessuna diff. oggettiva
2026-07-22 10:03:39,443 [INFO]   Chiamata Ollama (unica per questo gruppo, 4 config in parallelo nel prompt)...
2026-07-22 10:03:39,444 [INFO]   Ollama: analisi gruppo LV_Pantograph_Control_of_Static_Contact_Force (4 config)...
2026-07-22 10:11:01,549 [INFO] HTTP Request: POST http://127.0.0.1:11434/api/chat "HTTP/1.1 200 OK"
2026-07-22 10:11:01,569 [INFO]   ✅ Cache — score=0, equivalenti=False
2026-07-22 10:11:01,586 [INFO] ───────────────────────────────────────────────────────
2026-07-22 10:11:01,587 [INFO]   CONFIG      : VZI_Base
2026-07-22 10:11:01,605 [INFO]   SCORE       : 0/100
2026-07-22 10:11:01,618 [INFO]   DECISIONE   : ⚫ NON CLASSIFICABILE
2026-07-22 10:11:01,619 [INFO]   MOTIVAZIONE : Score basso (0) ma differenze parametriche insufficienti — revisione manuale.
2026-07-22 10:11:01,625 [INFO]   CHECKLIST   :
2026-07-22 10:11:01,627 [INFO]     Scopo funzionale              : DIFFERENT
2026-07-22 10:11:01,629 [INFO]     Logica operativa              : DIFFERENT
2026-07-22 10:11:01,637 [INFO]     Prestazioni                   : DIFFERENT
2026-07-22 10:11:01,644 [INFO]     Comportamento in guasto       : DIFFERENT
2026-07-22 10:11:01,647 [INFO]     Diagnostica                   : DIFFERENT
2026-07-22 10:11:01,647 [INFO]     Sicurezza                     : DIFFERENT
2026-07-22 10:11:01,648 [INFO]   DIFF FUNZIONALI:
2026-07-22 10:11:01,649 [INFO]     • applicabilità di ice-scraping mode vzi-6_r1 ha una specifica applicabilità per l'ice-scraping mode, mentre gli altri documenti non la menzionano esplicitamente.
2026-07-22 10:11:01,680 [INFO] ───────────────────────────────────────────────────────
2026-07-22 10:11:01,686 [INFO]   [VZI_Base] ⚫ NERO (incerto) | Score: 0
2026-07-22 10:11:02,696 [INFO]   [VZ_FR] Da cache (score=0)
2026-07-22 10:11:02,701 [INFO] ───────────────────────────────────────────────────────
2026-07-22 10:11:02,707 [INFO]   CONFIG      : VZ_FR
2026-07-22 10:11:02,708 [INFO]   SCORE       : 0/100
2026-07-22 10:11:02,708 [INFO]   DECISIONE   : ⚫ NON CLASSIFICABILE
2026-07-22 10:11:02,710 [INFO]   MOTIVAZIONE : Score basso (0) ma differenze parametriche insufficienti — revisione manuale.
2026-07-22 10:11:02,711 [INFO]   CHECKLIST   :
2026-07-22 10:11:02,711 [INFO]     Scopo funzionale              : DIFFERENT
2026-07-22 10:11:02,713 [INFO]     Logica operativa              : DIFFERENT
2026-07-22 10:11:02,713 [INFO]     Prestazioni                   : DIFFERENT
2026-07-22 10:11:02,714 [INFO]     Comportamento in guasto       : DIFFERENT
2026-07-22 10:11:02,714 [INFO]     Diagnostica                   : DIFFERENT
2026-07-22 10:11:02,715 [INFO]     Sicurezza                     : DIFFERENT
2026-07-22 10:11:02,715 [INFO]   DIFF FUNZIONALI:
2026-07-22 10:11:02,715 [INFO]     • applicabilità di ice-scraping mode vzi-6_r1 ha una specifica applicabilità per l'ice-scraping mode, mentre gli altri documenti non la menzionano esplicitamente.
2026-07-22 10:11:02,716 [INFO] ───────────────────────────────────────────────────────
2026-07-22 10:11:02,716 [INFO]   [VZ_FR] ⚫ NERO (incerto) | Score: 0
2026-07-22 10:11:02,718 [INFO]   [VZ_ES] Da cache (score=0)
2026-07-22 10:11:02,719 [INFO] ───────────────────────────────────────────────────────
2026-07-22 10:11:02,720 [INFO]   CONFIG      : VZ_ES
2026-07-22 10:11:02,720 [INFO]   SCORE       : 0/100
2026-07-22 10:11:02,721 [INFO]   DECISIONE   : ⚫ NON CLASSIFICABILE
2026-07-22 10:11:02,721 [INFO]   MOTIVAZIONE : Score basso (0) ma differenze parametriche insufficienti — revisione manuale.
2026-07-22 10:11:02,721 [INFO]   CHECKLIST   :
2026-07-22 10:11:02,722 [INFO]     Scopo funzionale              : DIFFERENT
2026-07-22 10:11:02,722 [INFO]     Logica operativa              : DIFFERENT
2026-07-22 10:11:02,723 [INFO]     Prestazioni                   : DIFFERENT
2026-07-22 10:11:02,723 [INFO]     Comportamento in guasto       : DIFFERENT
2026-07-22 10:11:02,723 [INFO]     Diagnostica                   : DIFFERENT
2026-07-22 10:11:02,724 [INFO]     Sicurezza                     : DIFFERENT
2026-07-22 10:11:02,724 [INFO]   DIFF FUNZIONALI:
2026-07-22 10:11:02,724 [INFO]     • applicabilità di ice-scraping mode vzi-6_r1 ha una specifica applicabilità per l'ice-scraping mode, mentre gli altri documenti non la menzionano esplicitamente.
2026-07-22 10:11:02,726 [INFO] ───────────────────────────────────────────────────────
2026-07-22 10:11:02,729 [INFO]   [VZ_ES] ⚫ NERO (incerto) | Score: 0
2026-07-22 10:11:02,733 [INFO]   [VZI-6_R1] Da cache (score=0)
2026-07-22 10:11:02,735 [INFO] ───────────────────────────────────────────────────────
2026-07-22 10:11:02,737 [INFO]   CONFIG      : VZI-6_R1
2026-07-22 10:11:02,739 [INFO]   SCORE       : 0/100
2026-07-22 10:11:02,740 [INFO]   DECISIONE   : ⚫ NON CLASSIFICABILE
2026-07-22 10:11:02,740 [INFO]   MOTIVAZIONE : Score basso (0) ma differenze parametriche insufficienti — revisione manuale.
2026-07-22 10:11:02,740 [INFO]   CHECKLIST   :
2026-07-22 10:11:02,741 [INFO]     Scopo funzionale              : DIFFERENT
2026-07-22 10:11:02,742 [INFO]     Logica operativa              : DIFFERENT
2026-07-22 10:11:02,742 [INFO]     Prestazioni                   : DIFFERENT
2026-07-22 10:11:02,742 [INFO]     Comportamento in guasto       : DIFFERENT
2026-07-22 10:11:02,743 [INFO]     Diagnostica                   : DIFFERENT
2026-07-22 10:11:02,743 [INFO]     Sicurezza                     : DIFFERENT
2026-07-22 10:11:02,743 [INFO]   DIFF FUNZIONALI:
2026-07-22 10:11:02,744 [INFO]     • applicabilità di ice-scraping mode vzi-6_r1 ha una specifica applicabilità per l'ice-scraping mode, mentre gli altri documenti non la menzionano esplicitamente.
2026-07-22 10:11:02,744 [INFO] ───────────────────────────────────────────────────────
2026-07-22 10:11:02,746 [INFO]   [VZI-6_R1] ⚫ NERO (incerto) | Score: 0
2026-07-22 10:11:02,746 [INFO] 
═══════════════════════════════════════════════════════
  LV_Line_Voltage_Supervision / FRS_Line Voltage (4 config)
═══════════════════════════════════════════════════════
2026-07-22 10:11:02,747 [INFO]   [VZI_Base] Estrazione pag.23...
2026-07-22 10:11:02,747 [INFO]   🔍 Ricerca locale per: https://gruppofsitaliane.sharepoint.com/:f:/r/sites/IngegneriaETReMezziLeggeri-T...
2026-07-22 10:11:02,748 [INFO]   📁 File trovato (percorso esatto): C:\Users\2954534.UTENTI\OneDrive - Gruppo Ferrovie Dello Stato\Documenti - Ingegneria ETR - Trenitalia\DB_ETR1000\DOC_FLOTTE\VZI_Base\CONFIG\FRS\3EST000225-7907.pdf
2026-07-22 10:11:02,780 [INFO]   🎯 Indice funzione: '3.3.1' (score=3, func_id='LV_Line_Voltage_Supervision')
2026-07-22 10:11:02,780 [INFO]   📑 Strategia A — indice funzione: '3.3.1' su pag.23
2026-07-22 10:11:02,781 [INFO]   ✂ Pagina iniziale parziale: testo prima di '3.3.1' escluso (offset=557)
2026-07-22 10:11:02,800 [INFO]   ✂ Testo troncato: indice estraneo '16.7 Hz is >18.5kV for ≥1 s the LCB shall be' trovato a offset 2529 — pagina parziale
2026-07-22 10:11:02,802 [INFO]   ✅✂ Pag.24: testo precedente a '16.7' incluso — poi STOP
2026-07-22 10:11:02,803 [INFO]   📖 Estratte pagine 23–24 (parziale inizio, parziale fine) da '3EST000225-7907.pdf'
2026-07-22 10:11:02,803 [INFO]   [VZ_FR] Estrazione pag.25...
2026-07-22 10:11:02,804 [INFO]   🔍 Ricerca locale per: https://gruppofsitaliane.sharepoint.com/:f:/r/sites/IngegneriaETReMezziLeggeri-T...
2026-07-22 10:11:02,805 [INFO]   📁 File trovato (percorso esatto): C:\Users\2954534.UTENTI\OneDrive - Gruppo Ferrovie Dello Stato\Documenti - Ingegneria ETR - Trenitalia\DB_ETR1000\DOC_FLOTTE\VZ_FR\CONFIG\FRS\3ECP413571-0401.pdf
2026-07-22 10:11:02,830 [INFO]   🎯 Indice funzione: '3.3.1' (score=3, func_id='LV_Line_Voltage_Supervision')
2026-07-22 10:11:02,830 [INFO]   📑 Strategia A — indice funzione: '3.3.1' su pag.25
2026-07-22 10:11:02,832 [INFO]   ✂ Pagina iniziale parziale: testo prima di '3.3.1' escluso (offset=2197)
2026-07-22 10:11:02,855 [INFO]   ✅ Pag.26: '3.3.1.1.2' ⊆ '3.3.1' — inclusa
2026-07-22 10:11:02,884 [INFO]   ✂ Testo troncato: indice estraneo '3.3.2 Line Current Supervision' trovato a offset 2384 — pagina parziale
2026-07-22 10:11:02,885 [INFO]   ✅✂ Pag.29: testo precedente a '3.3.2' incluso — poi STOP
2026-07-22 10:11:02,885 [INFO]   📖 Estratte pagine 25–29 (parziale inizio, parziale fine) da '3ECP413571-0401.pdf'
2026-07-22 10:11:02,889 [INFO]   [VZ_ES] Estrazione pag.24...
2026-07-22 10:11:02,891 [INFO]   🔍 Ricerca locale per: https://gruppofsitaliane.sharepoint.com/:f:/r/sites/IngegneriaETReMezziLeggeri-T...
2026-07-22 10:11:02,892 [INFO]   📁 File trovato (percorso esatto): C:\Users\2954534.UTENTI\OneDrive - Gruppo Ferrovie Dello Stato\Documenti - Ingegneria ETR - Trenitalia\DB_ETR1000\DOC_FLOTTE\VZ_ES\CONFIG\FRS\3EGH489028-2358.pdf
2026-07-22 10:11:02,945 [INFO]   🎯 Indice funzione: '3.3.1' (score=3, func_id='LV_Line_Voltage_Supervision')
2026-07-22 10:11:02,945 [INFO]   📑 Strategia A — indice funzione: '3.3.1' su pag.24
2026-07-22 10:11:02,946 [INFO]   ✂ Pagina iniziale parziale: testo prima di '3.3.1' escluso (offset=1880)
2026-07-22 10:11:02,957 [INFO]   ✅ Pag.25: '3.3.1.2' ⊆ '3.3.1' — inclusa
2026-07-22 10:11:02,974 [INFO]   ✂ Testo troncato: indice estraneo '3.3.2 Line Current Supervision' trovato a offset 529 — pagina parziale
2026-07-22 10:11:02,975 [INFO]   ✅✂ Pag.27: testo precedente a '3.3.2' incluso — poi STOP
2026-07-22 10:11:02,977 [INFO]   📖 Estratte pagine 24–27 (parziale inizio, parziale fine) da '3EGH489028-2358.pdf'
2026-07-22 10:11:02,977 [INFO]   [VZI-6_R1] Estrazione pag.30...
2026-07-22 10:11:02,978 [INFO]   🔍 Ricerca locale per: https://gruppofsitaliane.sharepoint.com/:f:/r/sites/IngegneriaETReMezziLeggeri-T...
2026-07-22 10:11:02,980 [INFO]   📁 File trovato (percorso esatto): C:\Users\2954534.UTENTI\OneDrive - Gruppo Ferrovie Dello Stato\Documenti - Ingegneria ETR - Trenitalia\DB_ETR1000\DOC_FLOTTE\VZI-6_R1\CONFIG\FRS\FA020022045.pdf
2026-07-22 10:11:03,068 [INFO]   🎯 Indice funzione: '3.3.1' (score=3, func_id='LV_Line_Voltage_Supervision')
2026-07-22 10:11:03,071 [INFO]   📑 Strategia A — indice funzione: '3.3.1' su pag.30
2026-07-22 10:11:03,072 [INFO]   ✂ Pagina iniziale parziale: testo prima di '3.3.1' escluso (offset=807)
2026-07-22 10:11:03,250 [INFO]   ✂ Testo troncato: indice estraneo '3.3.2 Line Current Supervision' trovato a offset 602 — pagina parziale
2026-07-22 10:11:03,251 [INFO]   ✅✂ Pag.36: testo precedente a '3.3.2' incluso — poi STOP
2026-07-22 10:11:03,262 [INFO]   📖 Estratte pagine 30–36 (parziale inizio, parziale fine) da 'FA020022045.pdf'
2026-07-22 10:11:03,263 [INFO]   Testi: 4/4
2026-07-22 10:11:03,267 [INFO]   [parse] [VZI_Base] ✅ Parsing regex OK — campi valorizzati: 4/16
2026-07-22 10:11:03,278 [INFO]   [parse] [VZ_FR] ✅ Parsing regex OK — campi valorizzati: 4/16
2026-07-22 10:11:03,287 [INFO]   [parse] [VZ_ES] ✅ Parsing regex OK — campi valorizzati: 4/16
2026-07-22 10:11:03,304 [INFO]   [parse] [VZI-6_R1] ✅ Parsing regex OK — campi valorizzati: 4/16
2026-07-22 10:11:03,305 [INFO]   [det] VZI_Base vs VZ_FR: ⚡ 2 diff. funzionali oggettive
2026-07-22 10:11:03,305 [INFO]   [det] VZI_Base vs VZ_ES: ✅ Nessuna diff. funzionale oggettiva
2026-07-22 10:11:03,306 [INFO]   [det] VZI_Base vs VZI-6_R1: ⚡ 2 diff. funzionali oggettive
2026-07-22 10:11:03,307 [INFO]   [det] VZ_FR vs VZ_ES: ⚡ 2 diff. funzionali oggettive
2026-07-22 10:11:03,308 [INFO]   [det] VZ_FR vs VZI-6_R1: ⚡ 2 diff. funzionali oggettive
2026-07-22 10:11:03,310 [INFO]   [det] VZ_ES vs VZI-6_R1: ⚡ 2 diff. funzionali oggettive
2026-07-22 10:11:03,311 [INFO]   ⚡ Diff. oggettive: 7 voci
2026-07-22 10:11:03,312 [INFO]   Chiamata Ollama (unica per questo gruppo, 4 config in parallelo nel prompt)...
2026-07-22 10:11:03,313 [INFO]   Ollama: analisi gruppo LV_Line_Voltage_Supervision (4 config)...
2026-07-22 10:16:16,794 [INFO] HTTP Request: POST http://127.0.0.1:11434/api/chat "HTTP/1.1 200 OK"
2026-07-22 10:16:16,796 [INFO]   ✅ Cache — score=85, equivalenti=True
2026-07-22 10:16:16,796 [INFO] ───────────────────────────────────────────────────────
2026-07-22 10:16:16,796 [INFO]   CONFIG      : VZI_Base
2026-07-22 10:16:16,796 [INFO]   SCORE       : 85/100
2026-07-22 10:16:16,797 [INFO]   DECISIONE   : 🟢 EQUIVALENTE
2026-07-22 10:16:16,797 [INFO]   MOTIVAZIONE : LLM: nessuna differenza funzionale rilevante. Score: 85.
2026-07-22 10:16:16,797 [INFO]   CHECKLIST   :
2026-07-22 10:16:16,798 [INFO]     Scopo funzionale              : IDENTICAL
2026-07-22 10:16:16,798 [INFO]     Logica operativa              : IDENTICAL
2026-07-22 10:16:16,798 [INFO]     Prestazioni                   : IDENTICAL
2026-07-22 10:16:16,798 [INFO]     Comportamento in guasto       : IDENTICAL
2026-07-22 10:16:16,799 [INFO]     Diagnostica                   : IDENTICAL
2026-07-22 10:16:16,799 [INFO]     Sicurezza                     : IDENTICAL
2026-07-22 10:16:16,800 [INFO]   DIFF PARAMETRICHE:
2026-07-22 10:16:16,801 [INFO]     • [thresholds/parametri numerici] Solo in VZI_Base: 29kv, 31kv
2026-07-22 10:16:16,801 [INFO]     • [thresholds/parametri numerici] Solo in VZ_FR: 2.050kv, 30.0kv
2026-07-22 10:16:16,801 [INFO]     • [thresholds/parametri numerici] Solo in VZI_Base: 11.0kv, 15kv, 16.7hz, 18.0kv, 29kv
2026-07-22 10:16:16,802 [INFO] ───────────────────────────────────────────────────────
2026-07-22 10:16:16,802 [INFO]   [VZI_Base] 🟢 VERDE | Score: 85
2026-07-22 10:16:17,803 [INFO]   [VZ_FR] Da cache (score=85)
2026-07-22 10:16:17,804 [INFO] ───────────────────────────────────────────────────────
2026-07-22 10:16:17,805 [INFO]   CONFIG      : VZ_FR
2026-07-22 10:16:17,805 [INFO]   SCORE       : 85/100
2026-07-22 10:16:17,806 [INFO]   DECISIONE   : 🟢 EQUIVALENTE
2026-07-22 10:16:17,806 [INFO]   MOTIVAZIONE : LLM: nessuna differenza funzionale rilevante. Score: 85.
2026-07-22 10:16:17,806 [INFO]   CHECKLIST   :
2026-07-22 10:16:17,807 [INFO]     Scopo funzionale              : IDENTICAL
2026-07-22 10:16:17,807 [INFO]     Logica operativa              : IDENTICAL
2026-07-22 10:16:17,808 [INFO]     Prestazioni                   : IDENTICAL
2026-07-22 10:16:17,808 [INFO]     Comportamento in guasto       : IDENTICAL
2026-07-22 10:16:17,808 [INFO]     Diagnostica                   : IDENTICAL
2026-07-22 10:16:17,809 [INFO]     Sicurezza                     : IDENTICAL
2026-07-22 10:16:17,809 [INFO]   DIFF PARAMETRICHE:
2026-07-22 10:16:17,809 [INFO]     • [thresholds/parametri numerici] Solo in VZI_Base: 29kv, 31kv
2026-07-22 10:16:17,810 [INFO]     • [thresholds/parametri numerici] Solo in VZ_FR: 2.050kv, 30.0kv
2026-07-22 10:16:17,810 [INFO]     • [thresholds/parametri numerici] Solo in VZI_Base: 11.0kv, 15kv, 16.7hz, 18.0kv, 29kv
2026-07-22 10:16:17,810 [INFO] ───────────────────────────────────────────────────────
2026-07-22 10:16:17,811 [INFO]   [VZ_FR] 🟢 VERDE | Score: 85
2026-07-22 10:16:17,811 [INFO]   [VZ_ES] Da cache (score=85)
2026-07-22 10:16:17,812 [INFO] ───────────────────────────────────────────────────────
2026-07-22 10:16:17,812 [INFO]   CONFIG      : VZ_ES
2026-07-22 10:16:17,812 [INFO]   SCORE       : 85/100
2026-07-22 10:16:17,812 [INFO]   DECISIONE   : 🟢 EQUIVALENTE
2026-07-22 10:16:17,813 [INFO]   MOTIVAZIONE : LLM: nessuna differenza funzionale rilevante. Score: 85.
2026-07-22 10:16:17,813 [INFO]   CHECKLIST   :
2026-07-22 10:16:17,813 [INFO]     Scopo funzionale              : IDENTICAL
2026-07-22 10:16:17,813 [INFO]     Logica operativa              : IDENTICAL
2026-07-22 10:16:17,813 [INFO]     Prestazioni                   : IDENTICAL
2026-07-22 10:16:17,813 [INFO]     Comportamento in guasto       : IDENTICAL
2026-07-22 10:16:17,814 [INFO]     Diagnostica                   : IDENTICAL
2026-07-22 10:16:17,814 [INFO]     Sicurezza                     : IDENTICAL
2026-07-22 10:16:17,814 [INFO]   DIFF PARAMETRICHE:
2026-07-22 10:16:17,814 [INFO]     • [thresholds/parametri numerici] Solo in VZI_Base: 29kv, 31kv
2026-07-22 10:16:17,814 [INFO]     • [thresholds/parametri numerici] Solo in VZ_FR: 2.050kv, 30.0kv
2026-07-22 10:16:17,814 [INFO]     • [thresholds/parametri numerici] Solo in VZI_Base: 11.0kv, 15kv, 16.7hz, 18.0kv, 29kv
2026-07-22 10:16:17,815 [INFO] ───────────────────────────────────────────────────────
2026-07-22 10:16:17,815 [INFO]   [VZ_ES] 🟢 VERDE | Score: 85
2026-07-22 10:16:17,815 [INFO]   [VZI-6_R1] Da cache (score=85)
2026-07-22 10:16:17,815 [INFO] ───────────────────────────────────────────────────────
2026-07-22 10:16:17,815 [INFO]   CONFIG      : VZI-6_R1
2026-07-22 10:16:17,816 [INFO]   SCORE       : 85/100
2026-07-22 10:16:17,816 [INFO]   DECISIONE   : 🟢 EQUIVALENTE
2026-07-22 10:16:17,816 [INFO]   MOTIVAZIONE : LLM: nessuna differenza funzionale rilevante. Score: 85.
2026-07-22 10:16:17,816 [INFO]   CHECKLIST   :
2026-07-22 10:16:17,816 [INFO]     Scopo funzionale              : IDENTICAL
2026-07-22 10:16:17,816 [INFO]     Logica operativa              : IDENTICAL
2026-07-22 10:16:17,817 [INFO]     Prestazioni                   : IDENTICAL
2026-07-22 10:16:17,817 [INFO]     Comportamento in guasto       : IDENTICAL
2026-07-22 10:16:17,817 [INFO]     Diagnostica                   : IDENTICAL
2026-07-22 10:16:17,817 [INFO]     Sicurezza                     : IDENTICAL
2026-07-22 10:16:17,817 [INFO]   DIFF PARAMETRICHE:
2026-07-22 10:16:17,817 [INFO]     • [thresholds/parametri numerici] Solo in VZI_Base: 29kv, 31kv
2026-07-22 10:16:17,817 [INFO]     • [thresholds/parametri numerici] Solo in VZ_FR: 2.050kv, 30.0kv
2026-07-22 10:16:17,817 [INFO]     • [thresholds/parametri numerici] Solo in VZI_Base: 11.0kv, 15kv, 16.7hz, 18.0kv, 29kv
2026-07-22 10:16:17,818 [INFO] ───────────────────────────────────────────────────────
2026-07-22 10:16:17,818 [INFO]   [VZI-6_R1] 🟢 VERDE | Score: 85
2026-07-22 10:16:17,818 [INFO] 
═══════════════════════════════════════════════════════
  LV_Line_Current_Supervision / FRS_Line Voltage (4 config)
═══════════════════════════════════════════════════════
2026-07-22 10:16:17,818 [INFO]   [VZI_Base] Estrazione pag.25...
2026-07-22 10:16:17,818 [INFO]   🔍 Ricerca locale per: https://gruppofsitaliane.sharepoint.com/:f:/r/sites/IngegneriaETReMezziLeggeri-T...
2026-07-22 10:16:17,819 [INFO]   📁 File trovato (percorso esatto): C:\Users\2954534.UTENTI\OneDrive - Gruppo Ferrovie Dello Stato\Documenti - Ingegneria ETR - Trenitalia\DB_ETR1000\DOC_FLOTTE\VZI_Base\CONFIG\FRS\3EST000225-7907.pdf
2026-07-22 10:16:17,854 [INFO]   🎯 Indice funzione: '3.3.2' (score=3, func_id='LV_Line_Current_Supervision')
2026-07-22 10:16:17,854 [INFO]   📑 Strategia A — indice funzione: '3.3.2' su pag.25
2026-07-22 10:16:17,855 [INFO]   ✂ Pagina iniziale parziale: testo prima di '3.3.2' escluso (offset=2391)
2026-07-22 10:16:17,860 [INFO]   ✅ Pag.26: '3.3.2.2' ⊆ '3.3.2' — inclusa
2026-07-22 10:16:17,864 [INFO]   ✂ Testo troncato: indice estraneo '3.3.3 Line Interference Monitor' trovato a offset 1705 — pagina parziale
2026-07-22 10:16:17,864 [INFO]   ✅✂ Pag.27: testo precedente a '3.3.3' incluso — poi STOP
2026-07-22 10:16:17,865 [INFO]   📖 Estratte pagine 25–27 (parziale inizio, parziale fine) da '3EST000225-7907.pdf'
2026-07-22 10:16:17,865 [INFO]   [VZ_FR] Estrazione pag.29...
2026-07-22 10:16:17,865 [INFO]   🔍 Ricerca locale per: https://gruppofsitaliane.sharepoint.com/:f:/r/sites/IngegneriaETReMezziLeggeri-T...
2026-07-22 10:16:17,867 [INFO]   📁 File trovato (percorso esatto): C:\Users\2954534.UTENTI\OneDrive - Gruppo Ferrovie Dello Stato\Documenti - Ingegneria ETR - Trenitalia\DB_ETR1000\DOC_FLOTTE\VZ_FR\CONFIG\FRS\3ECP413571-0401.pdf
2026-07-22 10:16:17,900 [INFO]   🎯 Indice funzione: '3.3.2' (score=3, func_id='LV_Line_Current_Supervision')
2026-07-22 10:16:17,901 [INFO]   📑 Strategia A — indice funzione: '3.3.2' su pag.29
2026-07-22 10:16:17,901 [INFO]   ✂ Pagina iniziale parziale: testo prima di '3.3.2' escluso (offset=2384)
2026-07-22 10:16:17,906 [INFO]   ✅ Pag.30: '3.3.2.2' ⊆ '3.3.2' — inclusa
2026-07-22 10:16:17,909 [INFO]   ✂ Testo troncato: indice estraneo '3.3.3 Line Interference Monitor' trovato a offset 2143 — pagina parziale
2026-07-22 10:16:17,909 [INFO]   ✅✂ Pag.31: testo precedente a '3.3.3' incluso — poi STOP
2026-07-22 10:16:17,910 [INFO]   📖 Estratte pagine 29–31 (parziale inizio, parziale fine) da '3ECP413571-0401.pdf'
2026-07-22 10:16:17,910 [INFO]   [VZ_ES] Estrazione pag.27...
2026-07-22 10:16:17,911 [INFO]   🔍 Ricerca locale per: https://gruppofsitaliane.sharepoint.com/:f:/r/sites/IngegneriaETReMezziLeggeri-T...
2026-07-22 10:16:17,912 [INFO]   📁 File trovato (percorso esatto): C:\Users\2954534.UTENTI\OneDrive - Gruppo Ferrovie Dello Stato\Documenti - Ingegneria ETR - Trenitalia\DB_ETR1000\DOC_FLOTTE\VZ_ES\CONFIG\FRS\3EGH489028-2358.pdf
2026-07-22 10:16:18,009 [INFO]   🎯 Indice funzione: '3.3.2' (score=3, func_id='LV_Line_Current_Supervision')
2026-07-22 10:16:18,014 [INFO]   📑 Strategia A — indice funzione: '3.3.2' su pag.27
2026-07-22 10:16:18,016 [INFO]   ✂ Pagina iniziale parziale: testo prima di '3.3.2' escluso (offset=529)
2026-07-22 10:16:18,029 [INFO]   ✂ Testo troncato: indice estraneo '3.3.3 Line Interference Monitor' trovato a offset 529 — pagina parziale
2026-07-22 10:16:18,029 [INFO]   ✅✂ Pag.29: testo precedente a '3.3.3' incluso — poi STOP
2026-07-22 10:16:18,030 [INFO]   📖 Estratte pagine 27–29 (parziale inizio, parziale fine) da '3EGH489028-2358.pdf'
2026-07-22 10:16:18,052 [INFO]   [VZI-6_R1] Estrazione pag.36...
2026-07-22 10:16:18,053 [INFO]   🔍 Ricerca locale per: https://gruppofsitaliane.sharepoint.com/:f:/r/sites/IngegneriaETReMezziLeggeri-T...
2026-07-22 10:16:18,055 [INFO]   📁 File trovato (percorso esatto): C:\Users\2954534.UTENTI\OneDrive - Gruppo Ferrovie Dello Stato\Documenti - Ingegneria ETR - Trenitalia\DB_ETR1000\DOC_FLOTTE\VZI-6_R1\CONFIG\FRS\FA020022045.pdf
2026-07-22 10:16:18,173 [INFO]   🎯 Indice funzione: '3.3.2' (score=3, func_id='LV_Line_Current_Supervision')
2026-07-22 10:16:18,173 [INFO]   📑 Strategia A — indice funzione: '3.3.2' su pag.36
2026-07-22 10:16:18,174 [INFO]   ✂ Pagina iniziale parziale: testo prima di '3.3.2' escluso (offset=602)
2026-07-22 10:16:18,206 [INFO]   ✂ Testo troncato: indice estraneo '3.3.3 High Voltage System Protection' trovato a offset 1012 — pagina parziale
2026-07-22 10:16:18,206 [INFO]   ✅✂ Pag.39: testo precedente a '3.3.3' incluso — poi STOP
2026-07-22 10:16:18,210 [INFO]   📖 Estratte pagine 36–39 (parziale inizio, parziale fine) da 'FA020022045.pdf'
2026-07-22 10:16:18,211 [INFO]   Testi: 4/4
2026-07-22 10:16:18,213 [INFO]   [parse] [VZI_Base] ✅ Parsing regex OK — campi valorizzati: 4/16
2026-07-22 10:16:18,215 [INFO]   [parse] [VZ_FR] ✅ Parsing regex OK — campi valorizzati: 4/16
2026-07-22 10:16:18,218 [INFO]   [parse] [VZ_ES] ✅ Parsing regex OK — campi valorizzati: 4/16
2026-07-22 10:16:18,223 [INFO]   [parse] [VZI-6_R1] ✅ Parsing regex OK — campi valorizzati: 4/16
2026-07-22 10:16:18,224 [INFO]   [det] VZI_Base vs VZ_FR: ✅ Nessuna diff. funzionale oggettiva
2026-07-22 10:16:18,225 [INFO]   [det] VZI_Base vs VZ_ES: ✅ Nessuna diff. funzionale oggettiva
2026-07-22 10:16:18,225 [INFO]   [det] VZI_Base vs VZI-6_R1: ⚡ 1 diff. funzionali oggettive
2026-07-22 10:16:18,225 [INFO]   [det] VZ_FR vs VZ_ES: ✅ Nessuna diff. funzionale oggettiva
2026-07-22 10:16:18,226 [INFO]   [det] VZ_FR vs VZI-6_R1: ⚡ 1 diff. funzionali oggettive
2026-07-22 10:16:18,226 [INFO]   [det] VZ_ES vs VZI-6_R1: ⚡ 1 diff. funzionali oggettive
2026-07-22 10:16:18,226 [INFO]   ⚡ Diff. oggettive: 1 voci
2026-07-22 10:16:18,227 [INFO]   Chiamata Ollama (unica per questo gruppo, 4 config in parallelo nel prompt)...
2026-07-22 10:16:18,227 [INFO]   Ollama: analisi gruppo LV_Line_Current_Supervision (4 config)...
2026-07-22 10:20:14,264 [INFO] HTTP Request: POST http://127.0.0.1:11434/api/chat "HTTP/1.1 200 OK"
2026-07-22 10:20:14,265 [INFO]   ✅ Cache — score=85, equivalenti=True
2026-07-22 10:20:14,265 [INFO] ───────────────────────────────────────────────────────
2026-07-22 10:20:14,266 [INFO]   CONFIG      : VZI_Base
2026-07-22 10:20:14,266 [INFO]   SCORE       : 85/100
2026-07-22 10:20:14,266 [INFO]   DECISIONE   : 🟢 EQUIVALENTE
2026-07-22 10:20:14,266 [INFO]   MOTIVAZIONE : LLM: nessuna differenza funzionale rilevante. Score: 85.
2026-07-22 10:20:14,266 [INFO]   CHECKLIST   :
2026-07-22 10:20:14,267 [INFO]     Scopo funzionale              : IDENTICAL
2026-07-22 10:20:14,267 [INFO]     Logica operativa              : IDENTICAL
2026-07-22 10:20:14,267 [INFO]     Prestazioni                   : IDENTICAL
2026-07-22 10:20:14,267 [INFO]     Comportamento in guasto       : IDENTICAL
2026-07-22 10:20:14,267 [INFO]     Diagnostica                   : IDENTICAL
2026-07-22 10:20:14,268 [INFO]     Sicurezza                     : IDENTICAL
2026-07-22 10:20:14,268 [INFO]   DIFF PARAMETRICHE:
2026-07-22 10:20:14,268 [INFO]     • [thresholds/parametri numerici] Solo in VZI-6_R1: 100ms, 1800a, 1s, 50a, 50hz
2026-07-22 10:20:14,268 [INFO] ───────────────────────────────────────────────────────
2026-07-22 10:20:14,269 [INFO]   [VZI_Base] 🟢 VERDE | Score: 85
2026-07-22 10:20:15,270 [INFO]   [VZ_FR] Da cache (score=85)
2026-07-22 10:20:15,270 [INFO] ───────────────────────────────────────────────────────
2026-07-22 10:20:15,270 [INFO]   CONFIG      : VZ_FR
2026-07-22 10:20:15,271 [INFO]   SCORE       : 85/100
2026-07-22 10:20:15,271 [INFO]   DECISIONE   : 🟢 EQUIVALENTE
2026-07-22 10:20:15,271 [INFO]   MOTIVAZIONE : LLM: nessuna differenza funzionale rilevante. Score: 85.
2026-07-22 10:20:15,272 [INFO]   CHECKLIST   :
2026-07-22 10:20:15,272 [INFO]     Scopo funzionale              : IDENTICAL
2026-07-22 10:20:15,272 [INFO]     Logica operativa              : IDENTICAL
2026-07-22 10:20:15,273 [INFO]     Prestazioni                   : IDENTICAL
2026-07-22 10:20:15,273 [INFO]     Comportamento in guasto       : IDENTICAL
2026-07-22 10:20:15,273 [INFO]     Diagnostica                   : IDENTICAL
2026-07-22 10:20:15,274 [INFO]     Sicurezza                     : IDENTICAL
2026-07-22 10:20:15,274 [INFO]   DIFF PARAMETRICHE:
2026-07-22 10:20:15,274 [INFO]     • [thresholds/parametri numerici] Solo in VZI-6_R1: 100ms, 1800a, 1s, 50a, 50hz
2026-07-22 10:20:15,275 [INFO] ───────────────────────────────────────────────────────
2026-07-22 10:20:15,275 [INFO]   [VZ_FR] 🟢 VERDE | Score: 85
2026-07-22 10:20:15,275 [INFO]   [VZ_ES] Da cache (score=85)
2026-07-22 10:20:15,276 [INFO] ───────────────────────────────────────────────────────
2026-07-22 10:20:15,276 [INFO]   CONFIG      : VZ_ES
2026-07-22 10:20:15,276 [INFO]   SCORE       : 85/100
2026-07-22 10:20:15,277 [INFO]   DECISIONE   : 🟢 EQUIVALENTE
2026-07-22 10:20:15,277 [INFO]   MOTIVAZIONE : LLM: nessuna differenza funzionale rilevante. Score: 85.
2026-07-22 10:20:15,277 [INFO]   CHECKLIST   :
2026-07-22 10:20:15,278 [INFO]     Scopo funzionale              : IDENTICAL
2026-07-22 10:20:15,278 [INFO]     Logica operativa              : IDENTICAL
2026-07-22 10:20:15,278 [INFO]     Prestazioni                   : IDENTICAL
2026-07-22 10:20:15,278 [INFO]     Comportamento in guasto       : IDENTICAL
2026-07-22 10:20:15,279 [INFO]     Diagnostica                   : IDENTICAL
2026-07-22 10:20:15,279 [INFO]     Sicurezza                     : IDENTICAL
2026-07-22 10:20:15,280 [INFO]   DIFF PARAMETRICHE:
2026-07-22 10:20:15,280 [INFO]     • [thresholds/parametri numerici] Solo in VZI-6_R1: 100ms, 1800a, 1s, 50a, 50hz
2026-07-22 10:20:15,280 [INFO] ───────────────────────────────────────────────────────
2026-07-22 10:20:15,281 [INFO]   [VZ_ES] 🟢 VERDE | Score: 85
2026-07-22 10:20:15,281 [INFO]   [VZI-6_R1] Da cache (score=85)
2026-07-22 10:20:15,282 [INFO] ───────────────────────────────────────────────────────
2026-07-22 10:20:15,282 [INFO]   CONFIG      : VZI-6_R1
2026-07-22 10:20:15,283 [INFO]   SCORE       : 85/100
2026-07-22 10:20:15,283 [INFO]   DECISIONE   : 🟢 EQUIVALENTE
2026-07-22 10:20:15,283 [INFO]   MOTIVAZIONE : LLM: nessuna differenza funzionale rilevante. Score: 85.
2026-07-22 10:20:15,283 [INFO]   CHECKLIST   :
2026-07-22 10:20:15,284 [INFO]     Scopo funzionale              : IDENTICAL
2026-07-22 10:20:15,284 [INFO]     Logica operativa              : IDENTICAL
2026-07-22 10:20:15,285 [INFO]     Prestazioni                   : IDENTICAL
2026-07-22 10:20:15,285 [INFO]     Comportamento in guasto       : IDENTICAL
2026-07-22 10:20:15,285 [INFO]     Diagnostica                   : IDENTICAL
2026-07-22 10:20:15,286 [INFO]     Sicurezza                     : IDENTICAL
2026-07-22 10:20:15,286 [INFO]   DIFF PARAMETRICHE:
2026-07-22 10:20:15,286 [INFO]     • [thresholds/parametri numerici] Solo in VZI-6_R1: 100ms, 1800a, 1s, 50a, 50hz
2026-07-22 10:20:15,287 [INFO] ───────────────────────────────────────────────────────
2026-07-22 10:20:15,287 [INFO]   [VZI-6_R1] 🟢 VERDE | Score: 85
2026-07-22 10:20:15,287 [INFO] 
═══════════════════════════════════════════════════════
  LV_Line_Interference_Monitor / FRS_Line Voltage (4 config)
═══════════════════════════════════════════════════════
2026-07-22 10:20:15,288 [INFO]   [VZI_Base] Estrazione pag.27...
2026-07-22 10:20:15,289 [INFO]   🔍 Ricerca locale per: https://gruppofsitaliane.sharepoint.com/:f:/r/sites/IngegneriaETReMezziLeggeri-T...
2026-07-22 10:20:15,289 [INFO]   📁 File trovato (percorso esatto): C:\Users\2954534.UTENTI\OneDrive - Gruppo Ferrovie Dello Stato\Documenti - Ingegneria ETR - Trenitalia\DB_ETR1000\DOC_FLOTTE\VZI_Base\CONFIG\FRS\3EST000225-7907.pdf
2026-07-22 10:20:15,306 [INFO]   🎯 Indice funzione: '3.3.3' (score=3, func_id='LV_Line_Interference_Monitor')
2026-07-22 10:20:15,306 [INFO]   📑 Strategia A — indice funzione: '3.3.3' su pag.27
2026-07-22 10:20:15,307 [INFO]   ✂ Pagina iniziale parziale: testo prima di '3.3.3' escluso (offset=1705)
2026-07-22 10:20:15,316 [INFO]   ✂ Testo troncato: indice estraneo '3.3.4 LIM 50Hz protection bypass' trovato a offset 3096 — pagina parziale
2026-07-22 10:20:15,316 [INFO]   ✅✂ Pag.29: testo precedente a '3.3.4' incluso — poi STOP
2026-07-22 10:20:15,317 [INFO]   📖 Estratte pagine 27–29 (parziale inizio, parziale fine) da '3EST000225-7907.pdf'
2026-07-22 10:20:15,317 [INFO]   [VZ_FR] Estrazione pag.31...
2026-07-22 10:20:15,317 [INFO]   🔍 Ricerca locale per: https://gruppofsitaliane.sharepoint.com/:f:/r/sites/IngegneriaETReMezziLeggeri-T...
2026-07-22 10:20:15,318 [INFO]   📁 File trovato (percorso esatto): C:\Users\2954534.UTENTI\OneDrive - Gruppo Ferrovie Dello Stato\Documenti - Ingegneria ETR - Trenitalia\DB_ETR1000\DOC_FLOTTE\VZ_FR\CONFIG\FRS\3ECP413571-0401.pdf
2026-07-22 10:20:15,327 [INFO]   🎯 Indice funzione: '3.3.3' (score=3, func_id='LV_Line_Interference_Monitor')
2026-07-22 10:20:15,327 [INFO]   📑 Strategia A — indice funzione: '3.3.3' su pag.31
2026-07-22 10:20:15,327 [INFO]   ✂ Pagina iniziale parziale: testo prima di '3.3.3' escluso (offset=2143)
2026-07-22 10:20:15,331 [INFO]   ✅ Pag.32: '3.3.3.1.3' ⊆ '3.3.3' — inclusa
2026-07-22 10:20:15,340 [INFO]   ✂ Testo troncato: indice estraneo '3.3.4 LIM 50Hz protection bypass' trovato a offset 2111 — pagina parziale
2026-07-22 10:20:15,341 [INFO]   ✅✂ Pag.34: testo precedente a '3.3.4' incluso — poi STOP
2026-07-22 10:20:15,341 [INFO]   📖 Estratte pagine 31–34 (parziale inizio, parziale fine) da '3ECP413571-0401.pdf'
2026-07-22 10:20:15,341 [INFO]   [VZ_ES] Estrazione pag.29...
2026-07-22 10:20:15,342 [INFO]   🔍 Ricerca locale per: https://gruppofsitaliane.sharepoint.com/:f:/r/sites/IngegneriaETReMezziLeggeri-T...
2026-07-22 10:20:15,342 [INFO]   📁 File trovato (percorso esatto): C:\Users\2954534.UTENTI\OneDrive - Gruppo Ferrovie Dello Stato\Documenti - Ingegneria ETR - Trenitalia\DB_ETR1000\DOC_FLOTTE\VZ_ES\CONFIG\FRS\3EGH489028-2358.pdf
2026-07-22 10:20:15,365 [INFO]   🎯 Indice funzione: '3.3.3' (score=3, func_id='LV_Line_Interference_Monitor')
2026-07-22 10:20:15,365 [INFO]   📑 Strategia A — indice funzione: '3.3.3' su pag.29
2026-07-22 10:20:15,365 [INFO]   ✂ Pagina iniziale parziale: testo prima di '3.3.3' escluso (offset=529)
2026-07-22 10:20:15,374 [INFO]   ✂ Testo troncato: indice estraneo '3.3.4 LIM 50Hz protection bypass' trovato a offset 1524 — pagina parziale
2026-07-22 10:20:15,374 [INFO]   ✅✂ Pag.31: testo precedente a '3.3.4' incluso — poi STOP
2026-07-22 10:20:15,375 [INFO]   📖 Estratte pagine 29–31 (parziale inizio, parziale fine) da '3EGH489028-2358.pdf'
2026-07-22 10:20:15,375 [INFO]   [VZI-6_R1] Estrazione pag.39...
2026-07-22 10:20:15,375 [INFO]   🔍 Ricerca locale per: https://gruppofsitaliane.sharepoint.com/:f:/r/sites/IngegneriaETReMezziLeggeri-T...
2026-07-22 10:20:15,376 [INFO]   📁 File trovato (percorso esatto): C:\Users\2954534.UTENTI\OneDrive - Gruppo Ferrovie Dello Stato\Documenti - Ingegneria ETR - Trenitalia\DB_ETR1000\DOC_FLOTTE\VZI-6_R1\CONFIG\FRS\FA020022045.pdf
2026-07-22 10:20:15,414 [INFO]   🔍 Nessuna corrispondenza testuale per 'LV_Line_Interference_Monitor' / 'Controllo correnti/interferenze indesiderate di linea' — uso indice più profondo: '3.3.3.1.1'
2026-07-22 10:20:15,414 [INFO]   📑 Strategia A — indice funzione: '3.3.3.1.1' su pag.39
2026-07-22 10:20:15,415 [INFO]   ✂ Pagina iniziale parziale: testo prima di '3.3.3.1.1' escluso (offset=1078)
2026-07-22 10:20:15,452 [INFO]   ✂ Testo troncato: indice estraneo '3.3.4 HVSP 50Hz protection bypass' trovato a offset 466 — pagina parziale
2026-07-22 10:20:15,452 [INFO]   ✅✂ Pag.42: testo precedente a '3.3.4' incluso — poi STOP
2026-07-22 10:20:15,456 [INFO]   📖 Estratte pagine 39–42 (parziale inizio, parziale fine) da 'FA020022045.pdf'
2026-07-22 10:20:15,457 [INFO]   Testi: 4/4
2026-07-22 10:20:15,459 [INFO]   [parse] [VZI_Base] ✅ Parsing regex OK — campi valorizzati: 4/16
2026-07-22 10:20:15,462 [INFO]   [parse] [VZ_FR] ✅ Parsing regex OK — campi valorizzati: 4/16
2026-07-22 10:20:15,464 [INFO]   [parse] [VZ_ES] ✅ Parsing regex OK — campi valorizzati: 4/16
2026-07-22 10:20:15,468 [INFO]   [parse] [VZI-6_R1] ✅ Parsing regex OK — campi valorizzati: 4/16
2026-07-22 10:20:15,468 [INFO]   [det] VZI_Base vs VZ_FR: ✅ Nessuna diff. funzionale oggettiva
2026-07-22 10:20:15,469 [INFO]   [det] VZI_Base vs VZ_ES: ✅ Nessuna diff. funzionale oggettiva
2026-07-22 10:20:15,469 [INFO]   [det] VZI_Base vs VZI-6_R1: ⚡ 2 diff. funzionali oggettive
2026-07-22 10:20:15,469 [INFO]   [det] VZ_FR vs VZ_ES: ✅ Nessuna diff. funzionale oggettiva
2026-07-22 10:20:15,470 [INFO]   [det] VZ_FR vs VZI-6_R1: ⚡ 2 diff. funzionali oggettive
2026-07-22 10:20:15,470 [INFO]   [det] VZ_ES vs VZI-6_R1: ⚡ 2 diff. funzionali oggettive
2026-07-22 10:20:15,470 [INFO]   ⚡ Diff. oggettive: 4 voci
2026-07-22 10:20:15,471 [INFO]   Chiamata Ollama (unica per questo gruppo, 4 config in parallelo nel prompt)...
2026-07-22 10:20:15,471 [INFO]   Ollama: analisi gruppo LV_Line_Interference_Monitor (4 config)...
2026-07-22 10:24:07,413 [INFO] HTTP Request: POST http://127.0.0.1:11434/api/chat "HTTP/1.1 200 OK"
2026-07-22 10:24:07,415 [INFO]   ✅ Cache — score=85, equivalenti=True
2026-07-22 10:24:07,415 [INFO] ───────────────────────────────────────────────────────
2026-07-22 10:24:07,416 [INFO]   CONFIG      : VZI_Base
2026-07-22 10:24:07,416 [INFO]   SCORE       : 85/100
2026-07-22 10:24:07,417 [INFO]   DECISIONE   : 🟢 EQUIVALENTE
2026-07-22 10:24:07,417 [INFO]   MOTIVAZIONE : LLM: nessuna differenza funzionale rilevante. Score: 85.
2026-07-22 10:24:07,417 [INFO]   CHECKLIST   :
2026-07-22 10:24:07,417 [INFO]     Scopo funzionale              : IDENTICAL
2026-07-22 10:24:07,417 [INFO]     Logica operativa              : IDENTICAL
2026-07-22 10:24:07,418 [INFO]     Prestazioni                   : IDENTICAL
2026-07-22 10:24:07,418 [INFO]     Comportamento in guasto       : IDENTICAL
2026-07-22 10:24:07,418 [INFO]     Diagnostica                   : IDENTICAL
2026-07-22 10:24:07,418 [INFO]     Sicurezza                     : IDENTICAL
2026-07-22 10:24:07,418 [INFO]   DIFF PARAMETRICHE:
2026-07-22 10:24:07,419 [INFO]     • [thresholds/parametri numerici] Solo in VZI_Base: 30s, 45s, 75s
2026-07-22 10:24:07,419 [INFO]     • [thresholds/parametri numerici] Solo in VZI-6_R1: 1a, 2kv, 3kv, 450v, 800ms
2026-07-22 10:24:07,419 [INFO]     • [thresholds/parametri numerici] Solo in VZ_FR: 30s, 45s, 75s
2026-07-22 10:24:07,419 [INFO] ───────────────────────────────────────────────────────
2026-07-22 10:24:07,420 [INFO]   [VZI_Base] 🟢 VERDE | Score: 85
2026-07-22 10:24:08,421 [INFO]   [VZ_FR] Da cache (score=85)
2026-07-22 10:24:08,421 [INFO] ───────────────────────────────────────────────────────
2026-07-22 10:24:08,422 [INFO]   CONFIG      : VZ_FR
2026-07-22 10:24:08,423 [INFO]   SCORE       : 85/100
2026-07-22 10:24:08,423 [INFO]   DECISIONE   : 🟢 EQUIVALENTE
2026-07-22 10:24:08,423 [INFO]   MOTIVAZIONE : LLM: nessuna differenza funzionale rilevante. Score: 85.
2026-07-22 10:24:08,424 [INFO]   CHECKLIST   :
2026-07-22 10:24:08,425 [INFO]     Scopo funzionale              : IDENTICAL
2026-07-22 10:24:08,426 [INFO]     Logica operativa              : IDENTICAL
2026-07-22 10:24:08,426 [INFO]     Prestazioni                   : IDENTICAL
2026-07-22 10:24:08,427 [INFO]     Comportamento in guasto       : IDENTICAL
2026-07-22 10:24:08,428 [INFO]     Diagnostica                   : IDENTICAL
2026-07-22 10:24:08,429 [INFO]     Sicurezza                     : IDENTICAL
2026-07-22 10:24:08,429 [INFO]   DIFF PARAMETRICHE:
2026-07-22 10:24:08,430 [INFO]     • [thresholds/parametri numerici] Solo in VZI_Base: 30s, 45s, 75s
2026-07-22 10:24:08,431 [INFO]     • [thresholds/parametri numerici] Solo in VZI-6_R1: 1a, 2kv, 3kv, 450v, 800ms
2026-07-22 10:24:08,432 [INFO]     • [thresholds/parametri numerici] Solo in VZ_FR: 30s, 45s, 75s
2026-07-22 10:24:08,432 [INFO] ───────────────────────────────────────────────────────
2026-07-22 10:24:08,434 [INFO]   [VZ_FR] 🟢 VERDE | Score: 85
2026-07-22 10:24:08,435 [INFO]   [VZ_ES] Da cache (score=85)
2026-07-22 10:24:08,436 [INFO] ───────────────────────────────────────────────────────
2026-07-22 10:24:08,436 [INFO]   CONFIG      : VZ_ES
2026-07-22 10:24:08,437 [INFO]   SCORE       : 85/100
2026-07-22 10:24:08,437 [INFO]   DECISIONE   : 🟢 EQUIVALENTE
2026-07-22 10:24:08,437 [INFO]   MOTIVAZIONE : LLM: nessuna differenza funzionale rilevante. Score: 85.
2026-07-22 10:24:08,438 [INFO]   CHECKLIST   :
2026-07-22 10:24:08,438 [INFO]     Scopo funzionale              : IDENTICAL
2026-07-22 10:24:08,439 [INFO]     Logica operativa              : IDENTICAL
2026-07-22 10:24:08,440 [INFO]     Prestazioni                   : IDENTICAL
2026-07-22 10:24:08,440 [INFO]     Comportamento in guasto       : IDENTICAL
2026-07-22 10:24:08,441 [INFO]     Diagnostica                   : IDENTICAL
2026-07-22 10:24:08,441 [INFO]     Sicurezza                     : IDENTICAL
2026-07-22 10:24:08,441 [INFO]   DIFF PARAMETRICHE:
2026-07-22 10:24:08,442 [INFO]     • [thresholds/parametri numerici] Solo in VZI_Base: 30s, 45s, 75s
2026-07-22 10:24:08,442 [INFO]     • [thresholds/parametri numerici] Solo in VZI-6_R1: 1a, 2kv, 3kv, 450v, 800ms
2026-07-22 10:24:08,442 [INFO]     • [thresholds/parametri numerici] Solo in VZ_FR: 30s, 45s, 75s
2026-07-22 10:24:08,443 [INFO] ───────────────────────────────────────────────────────
2026-07-22 10:24:08,443 [INFO]   [VZ_ES] 🟢 VERDE | Score: 85
2026-07-22 10:24:08,444 [INFO]   [VZI-6_R1] Da cache (score=85)
2026-07-22 10:24:08,444 [INFO] ───────────────────────────────────────────────────────
2026-07-22 10:24:08,445 [INFO]   CONFIG      : VZI-6_R1
2026-07-22 10:24:08,445 [INFO]   SCORE       : 85/100
2026-07-22 10:24:08,446 [INFO]   DECISIONE   : 🟢 EQUIVALENTE
2026-07-22 10:24:08,446 [INFO]   MOTIVAZIONE : LLM: nessuna differenza funzionale rilevante. Score: 85.
2026-07-22 10:24:08,446 [INFO]   CHECKLIST   :
2026-07-22 10:24:08,447 [INFO]     Scopo funzionale              : IDENTICAL
2026-07-22 10:24:08,447 [INFO]     Logica operativa              : IDENTICAL
2026-07-22 10:24:08,447 [INFO]     Prestazioni                   : IDENTICAL
2026-07-22 10:24:08,448 [INFO]     Comportamento in guasto       : IDENTICAL
2026-07-22 10:24:08,448 [INFO]     Diagnostica                   : IDENTICAL
2026-07-22 10:24:08,449 [INFO]     Sicurezza                     : IDENTICAL
2026-07-22 10:24:08,449 [INFO]   DIFF PARAMETRICHE:
2026-07-22 10:24:08,450 [INFO]     • [thresholds/parametri numerici] Solo in VZI_Base: 30s, 45s, 75s
2026-07-22 10:24:08,450 [INFO]     • [thresholds/parametri numerici] Solo in VZI-6_R1: 1a, 2kv, 3kv, 450v, 800ms
2026-07-22 10:24:08,450 [INFO]     • [thresholds/parametri numerici] Solo in VZ_FR: 30s, 45s, 75s
2026-07-22 10:24:08,450 [INFO] ───────────────────────────────────────────────────────
2026-07-22 10:24:08,451 [INFO]   [VZI-6_R1] 🟢 VERDE | Score: 85
2026-07-22 10:24:08,451 [INFO] 
═══════════════════════════════════════════════════════
  LV_LIM_50Hz_protection_bypass / FRS_Line Voltage (4 config)
═══════════════════════════════════════════════════════
2026-07-22 10:24:08,451 [INFO]   [VZI_Base] Estrazione pag.29...
2026-07-22 10:24:08,452 [INFO]   🔍 Ricerca locale per: https://gruppofsitaliane.sharepoint.com/:f:/r/sites/IngegneriaETReMezziLeggeri-T...
2026-07-22 10:24:08,453 [INFO]   📁 File trovato (percorso esatto): C:\Users\2954534.UTENTI\OneDrive - Gruppo Ferrovie Dello Stato\Documenti - Ingegneria ETR - Trenitalia\DB_ETR1000\DOC_FLOTTE\VZI_Base\CONFIG\FRS\3EST000225-7907.pdf
2026-07-22 10:24:08,466 [INFO]   🎯 Indice funzione: '3.3.4' (score=2, func_id='LV_LIM_50Hz_protection_bypass')
2026-07-22 10:24:08,466 [INFO]   📑 Strategia A — indice funzione: '3.3.4' su pag.29
2026-07-22 10:24:08,467 [INFO]   ✂ Pagina iniziale parziale: testo prima di '3.3.4' escluso (offset=3096)
2026-07-22 10:24:08,471 [INFO]   ✂ Testo troncato: indice estraneo '3.3.5 Neutral Section Passing' trovato a offset 2952 — pagina parziale
2026-07-22 10:24:08,472 [INFO]   ✅✂ Pag.30: inclusa parzialmente ('3.3.4.1.1' ⊆ '3.3.4', poi nuova sezione) — lettura interrotta
2026-07-22 10:24:08,472 [INFO]   📖 Estratte pagine 29–30 (parziale inizio, parziale fine) da '3EST000225-7907.pdf'
2026-07-22 10:24:08,472 [INFO]   [VZ_FR] Estrazione pag.34...
2026-07-22 10:24:08,473 [INFO]   🔍 Ricerca locale per: https://gruppofsitaliane.sharepoint.com/:f:/r/sites/IngegneriaETReMezziLeggeri-T...
2026-07-22 10:24:08,473 [INFO]   📁 File trovato (percorso esatto): C:\Users\2954534.UTENTI\OneDrive - Gruppo Ferrovie Dello Stato\Documenti - Ingegneria ETR - Trenitalia\DB_ETR1000\DOC_FLOTTE\VZ_FR\CONFIG\FRS\3ECP413571-0401.pdf
2026-07-22 10:24:08,485 [INFO]   🎯 Indice funzione: '3.3.4' (score=2, func_id='LV_LIM_50Hz_protection_bypass')
2026-07-22 10:24:08,485 [INFO]   📑 Strategia A — indice funzione: '3.3.4' su pag.34
2026-07-22 10:24:08,486 [INFO]   ✂ Pagina iniziale parziale: testo prima di '3.3.4' escluso (offset=2111)
2026-07-22 10:24:08,492 [INFO]   ✂ Testo troncato: indice estraneo '3.3.5 Neutral Section Passing' trovato a offset 2045 — pagina parziale
2026-07-22 10:24:08,492 [INFO]   ✅✂ Pag.35: inclusa parzialmente ('3.3.4.2' ⊆ '3.3.4', poi nuova sezione) — lettura interrotta
2026-07-22 10:24:08,493 [INFO]   📖 Estratte pagine 34–35 (parziale inizio, parziale fine) da '3ECP413571-0401.pdf'
2026-07-22 10:24:08,493 [INFO]   [VZ_ES] Estrazione pag.31...
2026-07-22 10:24:08,493 [INFO]   🔍 Ricerca locale per: https://gruppofsitaliane.sharepoint.com/:f:/r/sites/IngegneriaETReMezziLeggeri-T...
2026-07-22 10:24:08,494 [INFO]   📁 File trovato (percorso esatto): C:\Users\2954534.UTENTI\OneDrive - Gruppo Ferrovie Dello Stato\Documenti - Ingegneria ETR - Trenitalia\DB_ETR1000\DOC_FLOTTE\VZ_ES\CONFIG\FRS\3EGH489028-2358.pdf
2026-07-22 10:24:08,516 [INFO]   🎯 Indice funzione: '3.3.4' (score=2, func_id='LV_LIM_50Hz_protection_bypass')
2026-07-22 10:24:08,516 [INFO]   📑 Strategia A — indice funzione: '3.3.4' su pag.31
2026-07-22 10:24:08,517 [INFO]   ✂ Pagina iniziale parziale: testo prima di '3.3.4' escluso (offset=1524)
2026-07-22 10:24:08,521 [INFO]   ✂ Testo troncato: indice estraneo '3.3.5 Neutral Section Passing' trovato a offset 1449 — pagina parziale
2026-07-22 10:24:08,522 [INFO]   ✅✂ Pag.32: testo precedente a '3.3.5' incluso — poi STOP
2026-07-22 10:24:08,523 [INFO]   📖 Estratte pagine 31–32 (parziale inizio, parziale fine) da '3EGH489028-2358.pdf'
2026-07-22 10:24:08,524 [INFO]   [VZI-6_R1] Estrazione pag.42...
2026-07-22 10:24:08,524 [INFO]   🔍 Ricerca locale per: https://gruppofsitaliane.sharepoint.com/:f:/r/sites/IngegneriaETReMezziLeggeri-T...
2026-07-22 10:24:08,524 [INFO]   📁 File trovato (percorso esatto): C:\Users\2954534.UTENTI\OneDrive - Gruppo Ferrovie Dello Stato\Documenti - Ingegneria ETR - Trenitalia\DB_ETR1000\DOC_FLOTTE\VZI-6_R1\CONFIG\FRS\FA020022045.pdf
2026-07-22 10:24:08,562 [INFO]   🎯 Indice funzione: '3.3.4' (score=2, func_id='LV_LIM_50Hz_protection_bypass')
2026-07-22 10:24:08,563 [INFO]   📑 Strategia A — indice funzione: '3.3.4' su pag.42
2026-07-22 10:24:08,563 [INFO]   ✂ Pagina iniziale parziale: testo prima di '3.3.4' escluso (offset=466)
2026-07-22 10:24:08,572 [INFO]   ✂ Testo troncato: indice estraneo '3.3.5 Neutral Section Passing' trovato a offset 2248 — pagina parziale
2026-07-22 10:24:08,573 [INFO]   ✅✂ Pag.43: inclusa parzialmente ('3.3.4.1.2' ⊆ '3.3.4', poi nuova sezione) — lettura interrotta
2026-07-22 10:24:08,576 [INFO]   📖 Estratte pagine 42–43 (parziale inizio, parziale fine) da 'FA020022045.pdf'
2026-07-22 10:24:08,577 [INFO]   Testi: 4/4
2026-07-22 10:24:08,578 [INFO]   [parse] [VZI_Base] ✅ Parsing regex OK — campi valorizzati: 4/16
2026-07-22 10:24:08,579 [INFO]   [parse] [VZ_FR] ✅ Parsing regex OK — campi valorizzati: 4/16
2026-07-22 10:24:08,580 [INFO]   [parse] [VZ_ES] ✅ Parsing regex OK — campi valorizzati: 4/16
2026-07-22 10:24:08,582 [INFO]   [parse] [VZI-6_R1] ✅ Parsing regex OK — campi valorizzati: 4/16
2026-07-22 10:24:08,582 [INFO]   [det] VZI_Base vs VZ_FR: ✅ Nessuna diff. funzionale oggettiva
2026-07-22 10:24:08,583 [INFO]   [det] VZI_Base vs VZ_ES: ✅ Nessuna diff. funzionale oggettiva
2026-07-22 10:24:08,583 [INFO]   [det] VZI_Base vs VZI-6_R1: ✅ Nessuna diff. funzionale oggettiva
2026-07-22 10:24:08,583 [INFO]   [det] VZ_FR vs VZ_ES: ✅ Nessuna diff. funzionale oggettiva
2026-07-22 10:24:08,583 [INFO]   [det] VZ_FR vs VZI-6_R1: ✅ Nessuna diff. funzionale oggettiva
2026-07-22 10:24:08,584 [INFO]   [det] VZ_ES vs VZI-6_R1: ✅ Nessuna diff. funzionale oggettiva
2026-07-22 10:24:08,584 [INFO]   ✅ Nessuna diff. oggettiva
2026-07-22 10:24:08,584 [INFO]   Chiamata Ollama (unica per questo gruppo, 4 config in parallelo nel prompt)...
2026-07-22 10:24:08,585 [INFO]   Ollama: analisi gruppo LV_LIM_50Hz_protection_bypass (4 config)...
2026-07-22 10:28:25,604 [INFO] HTTP Request: POST http://127.0.0.1:11434/api/chat "HTTP/1.1 200 OK"
2026-07-22 10:28:25,605 [INFO]   ✅ Cache — score=85, equivalenti=True
2026-07-22 10:28:25,605 [INFO] ───────────────────────────────────────────────────────
2026-07-22 10:28:25,605 [INFO]   CONFIG      : VZI_Base
2026-07-22 10:28:25,606 [INFO]   SCORE       : 85/100
2026-07-22 10:28:25,606 [INFO]   DECISIONE   : 🟢 EQUIVALENTE
2026-07-22 10:28:25,606 [INFO]   MOTIVAZIONE : LLM: nessuna differenza funzionale rilevante. Score: 85.
2026-07-22 10:28:25,607 [INFO]   CHECKLIST   :
2026-07-22 10:28:25,607 [INFO]     Scopo funzionale              : IDENTICAL
2026-07-22 10:28:25,607 [INFO]     Logica operativa              : IDENTICAL
2026-07-22 10:28:25,608 [INFO]     Prestazioni                   : IDENTICAL
2026-07-22 10:28:25,609 [INFO]     Comportamento in guasto       : IDENTICAL
2026-07-22 10:28:25,609 [INFO]     Diagnostica                   : IDENTICAL
2026-07-22 10:28:25,610 [INFO]     Sicurezza                     : IDENTICAL
2026-07-22 10:28:25,611 [INFO] ───────────────────────────────────────────────────────
2026-07-22 10:28:25,613 [INFO]   [VZI_Base] 🟢 VERDE | Score: 85
2026-07-22 10:28:26,614 [INFO]   [VZ_FR] Da cache (score=85)
2026-07-22 10:28:26,614 [INFO] ───────────────────────────────────────────────────────
2026-07-22 10:28:26,614 [INFO]   CONFIG      : VZ_FR
2026-07-22 10:28:26,614 [INFO]   SCORE       : 85/100
2026-07-22 10:28:26,614 [INFO]   DECISIONE   : 🟢 EQUIVALENTE
2026-07-22 10:28:26,615 [INFO]   MOTIVAZIONE : LLM: nessuna differenza funzionale rilevante. Score: 85.
2026-07-22 10:28:26,615 [INFO]   CHECKLIST   :
2026-07-22 10:28:26,615 [INFO]     Scopo funzionale              : IDENTICAL
2026-07-22 10:28:26,615 [INFO]     Logica operativa              : IDENTICAL
2026-07-22 10:28:26,616 [INFO]     Prestazioni                   : IDENTICAL
2026-07-22 10:28:26,616 [INFO]     Comportamento in guasto       : IDENTICAL
2026-07-22 10:28:26,616 [INFO]     Diagnostica                   : IDENTICAL
2026-07-22 10:28:26,616 [INFO]     Sicurezza                     : IDENTICAL
2026-07-22 10:28:26,616 [INFO] ───────────────────────────────────────────────────────
2026-07-22 10:28:26,617 [INFO]   [VZ_FR] 🟢 VERDE | Score: 85
2026-07-22 10:28:26,617 [INFO]   [VZ_ES] Da cache (score=85)
2026-07-22 10:28:26,617 [INFO] ───────────────────────────────────────────────────────
2026-07-22 10:28:26,617 [INFO]   CONFIG      : VZ_ES
2026-07-22 10:28:26,618 [INFO]   SCORE       : 85/100
2026-07-22 10:28:26,618 [INFO]   DECISIONE   : 🟢 EQUIVALENTE
2026-07-22 10:28:26,618 [INFO]   MOTIVAZIONE : LLM: nessuna differenza funzionale rilevante. Score: 85.
2026-07-22 10:28:26,618 [INFO]   CHECKLIST   :
2026-07-22 10:28:26,618 [INFO]     Scopo funzionale              : IDENTICAL
2026-07-22 10:28:26,619 [INFO]     Logica operativa              : IDENTICAL
2026-07-22 10:28:26,619 [INFO]     Prestazioni                   : IDENTICAL
2026-07-22 10:28:26,619 [INFO]     Comportamento in guasto       : IDENTICAL
2026-07-22 10:28:26,619 [INFO]     Diagnostica                   : IDENTICAL
2026-07-22 10:28:26,620 [INFO]     Sicurezza                     : IDENTICAL
2026-07-22 10:28:26,620 [INFO] ───────────────────────────────────────────────────────
2026-07-22 10:28:26,620 [INFO]   [VZ_ES] 🟢 VERDE | Score: 85
2026-07-22 10:28:26,620 [INFO]   [VZI-6_R1] Da cache (score=85)
2026-07-22 10:28:26,621 [INFO] ───────────────────────────────────────────────────────
2026-07-22 10:28:26,621 [INFO]   CONFIG      : VZI-6_R1
2026-07-22 10:28:26,621 [INFO]   SCORE       : 85/100
2026-07-22 10:28:26,621 [INFO]   DECISIONE   : 🟢 EQUIVALENTE
2026-07-22 10:28:26,622 [INFO]   MOTIVAZIONE : LLM: nessuna differenza funzionale rilevante. Score: 85.
2026-07-22 10:28:26,622 [INFO]   CHECKLIST   :
2026-07-22 10:28:26,622 [INFO]     Scopo funzionale              : IDENTICAL
2026-07-22 10:28:26,622 [INFO]     Logica operativa              : IDENTICAL
2026-07-22 10:28:26,622 [INFO]     Prestazioni                   : IDENTICAL
2026-07-22 10:28:26,623 [INFO]     Comportamento in guasto       : IDENTICAL
2026-07-22 10:28:26,623 [INFO]     Diagnostica                   : IDENTICAL
2026-07-22 10:28:26,623 [INFO]     Sicurezza                     : IDENTICAL
2026-07-22 10:28:26,623 [INFO] ───────────────────────────────────────────────────────
2026-07-22 10:28:26,624 [INFO]   [VZI-6_R1] 🟢 VERDE | Score: 85
2026-07-22 10:28:26,624 [INFO] 
═══════════════════════════════════════════════════════
  LV_Neutral_Section_Passing / FRS_Line Voltage (4 config)
═══════════════════════════════════════════════════════
2026-07-22 10:28:26,624 [INFO]   [VZI_Base] Estrazione pag.30...
2026-07-22 10:28:26,625 [INFO]   🔍 Ricerca locale per: https://gruppofsitaliane.sharepoint.com/:f:/r/sites/IngegneriaETReMezziLeggeri-T...
2026-07-22 10:28:26,625 [INFO]   📁 File trovato (percorso esatto): C:\Users\2954534.UTENTI\OneDrive - Gruppo Ferrovie Dello Stato\Documenti - Ingegneria ETR - Trenitalia\DB_ETR1000\DOC_FLOTTE\VZI_Base\CONFIG\FRS\3EST000225-7907.pdf
2026-07-22 10:28:26,636 [INFO]   🎯 Indice funzione: '3.3.5' (score=3, func_id='LV_Neutral_Section_Passing')
2026-07-22 10:28:26,636 [INFO]   📑 Strategia A — indice funzione: '3.3.5' su pag.30
2026-07-22 10:28:26,637 [INFO]   ✂ Pagina iniziale parziale: testo prima di '3.3.5' escluso (offset=2952)
2026-07-22 10:28:26,642 [INFO]   ✅ Pag.31: '3.3.5.1.2' ⊆ '3.3.5' — inclusa
2026-07-22 10:28:26,659 [INFO]   ✂ Testo troncato: indice estraneo '3.3.6 System Selection' trovato a offset 1137 — pagina parziale
2026-07-22 10:28:26,660 [INFO]   ✅✂ Pag.34: testo precedente a '3.3.6' incluso — poi STOP
2026-07-22 10:28:26,661 [INFO]   📖 Estratte pagine 30–34 (parziale inizio, parziale fine) da '3EST000225-7907.pdf'
2026-07-22 10:28:26,661 [INFO]   [VZ_FR] Estrazione pag.35...
2026-07-22 10:28:26,661 [INFO]   🔍 Ricerca locale per: https://gruppofsitaliane.sharepoint.com/:f:/r/sites/IngegneriaETReMezziLeggeri-T...
2026-07-22 10:28:26,662 [INFO]   📁 File trovato (percorso esatto): C:\Users\2954534.UTENTI\OneDrive - Gruppo Ferrovie Dello Stato\Documenti - Ingegneria ETR - Trenitalia\DB_ETR1000\DOC_FLOTTE\VZ_FR\CONFIG\FRS\3ECP413571-0401.pdf
2026-07-22 10:28:26,671 [INFO]   🎯 Indice funzione: '3.3.5' (score=3, func_id='LV_Neutral_Section_Passing')
2026-07-22 10:28:26,672 [INFO]   📑 Strategia A — indice funzione: '3.3.5' su pag.35
2026-07-22 10:28:26,672 [INFO]   ✂ Pagina iniziale parziale: testo prima di '3.3.5' escluso (offset=2045)
2026-07-22 10:28:26,677 [INFO]   ✅ Pag.36: '3.3.5.1.3' ⊆ '3.3.5' — inclusa
2026-07-22 10:28:26,690 [INFO]   ✂ Testo troncato: indice estraneo '3.3.6 System Selection' trovato a offset 1638 — pagina parziale
2026-07-22 10:28:26,690 [INFO]   ✅✂ Pag.39: testo precedente a '3.3.6' incluso — poi STOP
2026-07-22 10:28:26,691 [INFO]   📖 Estratte pagine 35–39 (parziale inizio, parziale fine) da '3ECP413571-0401.pdf'
2026-07-22 10:28:26,691 [INFO]   [VZ_ES] Estrazione pag.32...
2026-07-22 10:28:26,691 [INFO]   🔍 Ricerca locale per: https://gruppofsitaliane.sharepoint.com/:f:/r/sites/IngegneriaETReMezziLeggeri-T...
2026-07-22 10:28:26,692 [INFO]   📁 File trovato (percorso esatto): C:\Users\2954534.UTENTI\OneDrive - Gruppo Ferrovie Dello Stato\Documenti - Ingegneria ETR - Trenitalia\DB_ETR1000\DOC_FLOTTE\VZ_ES\CONFIG\FRS\3EGH489028-2358.pdf
2026-07-22 10:28:26,710 [INFO]   🎯 Indice funzione: '3.3.5' (score=3, func_id='LV_Neutral_Section_Passing')
2026-07-22 10:28:26,710 [INFO]   📑 Strategia A — indice funzione: '3.3.5' su pag.32
2026-07-22 10:28:26,710 [INFO]   ✂ Pagina iniziale parziale: testo prima di '3.3.5' escluso (offset=1449)
2026-07-22 10:28:26,726 [INFO]   ✂ Testo troncato: indice estraneo '3.3.6 System Selection' trovato a offset 2550 — pagina parziale
2026-07-22 10:28:26,726 [INFO]   ✅✂ Pag.35: testo precedente a '3.3.6' incluso — poi STOP
2026-07-22 10:28:26,727 [INFO]   📖 Estratte pagine 32–35 (parziale inizio, parziale fine) da '3EGH489028-2358.pdf'
2026-07-22 10:28:26,727 [INFO]   [VZI-6_R1] Estrazione pag.43...
2026-07-22 10:28:26,727 [INFO]   🔍 Ricerca locale per: https://gruppofsitaliane.sharepoint.com/:f:/r/sites/IngegneriaETReMezziLeggeri-T...
2026-07-22 10:28:26,727 [INFO]   📁 File trovato (percorso esatto): C:\Users\2954534.UTENTI\OneDrive - Gruppo Ferrovie Dello Stato\Documenti - Ingegneria ETR - Trenitalia\DB_ETR1000\DOC_FLOTTE\VZI-6_R1\CONFIG\FRS\FA020022045.pdf
2026-07-22 10:28:26,767 [INFO]   🎯 Indice funzione: '3.3.5' (score=3, func_id='LV_Neutral_Section_Passing')
2026-07-22 10:28:26,767 [INFO]   📑 Strategia A — indice funzione: '3.3.5' su pag.43
2026-07-22 10:28:26,768 [INFO]   ✂ Pagina iniziale parziale: testo prima di '3.3.5' escluso (offset=2248)
2026-07-22 10:28:26,833 [INFO]   ✂ Testo troncato: indice estraneo '3.3.6 System Selection' trovato a offset 2667 — pagina parziale
2026-07-22 10:28:26,834 [INFO]   ✅✂ Pag.47: testo precedente a '3.3.6' incluso — poi STOP
2026-07-22 10:28:26,857 [INFO]   📖 Estratte pagine 43–47 (parziale inizio, parziale fine) da 'FA020022045.pdf'
2026-07-22 10:28:26,859 [INFO]   Testi: 4/4
2026-07-22 10:28:26,867 [INFO]   [parse] [VZI_Base] ✅ Parsing regex OK — campi valorizzati: 4/16
2026-07-22 10:28:26,873 [INFO]   [parse] [VZ_FR] ✅ Parsing regex OK — campi valorizzati: 4/16
2026-07-22 10:28:26,877 [INFO]   [parse] [VZ_ES] ✅ Parsing regex OK — campi valorizzati: 4/16
2026-07-22 10:28:26,883 [INFO]   [parse] [VZI-6_R1] ✅ Parsing regex OK — campi valorizzati: 4/16
2026-07-22 10:28:26,883 [INFO]   [det] VZI_Base vs VZ_FR: ✅ Nessuna diff. funzionale oggettiva
2026-07-22 10:28:26,884 [INFO]   [det] VZI_Base vs VZ_ES: ✅ Nessuna diff. funzionale oggettiva
2026-07-22 10:28:26,884 [INFO]   [det] VZI_Base vs VZI-6_R1: ✅ Nessuna diff. funzionale oggettiva
2026-07-22 10:28:26,884 [INFO]   [det] VZ_FR vs VZ_ES: ✅ Nessuna diff. funzionale oggettiva
2026-07-22 10:28:26,885 [INFO]   [det] VZ_FR vs VZI-6_R1: ✅ Nessuna diff. funzionale oggettiva
2026-07-22 10:28:26,885 [INFO]   [det] VZ_ES vs VZI-6_R1: ✅ Nessuna diff. funzionale oggettiva
2026-07-22 10:28:26,885 [INFO]   ✅ Nessuna diff. oggettiva
2026-07-22 10:28:26,886 [INFO]   Chiamata Ollama (unica per questo gruppo, 4 config in parallelo nel prompt)...
2026-07-22 10:28:26,886 [INFO]   Ollama: analisi gruppo LV_Neutral_Section_Passing (4 config)...
2026-07-22 10:32:08,307 [INFO] HTTP Request: POST http://127.0.0.1:11434/api/chat "HTTP/1.1 200 OK"
2026-07-22 10:32:08,308 [INFO]   ✅ Cache — score=85, equivalenti=True
2026-07-22 10:32:08,308 [INFO] ───────────────────────────────────────────────────────
2026-07-22 10:32:08,308 [INFO]   CONFIG      : VZI_Base
2026-07-22 10:32:08,309 [INFO]   SCORE       : 85/100
2026-07-22 10:32:08,309 [INFO]   DECISIONE   : 🟢 EQUIVALENTE
2026-07-22 10:32:08,309 [INFO]   MOTIVAZIONE : LLM: nessuna differenza funzionale rilevante. Score: 85.
2026-07-22 10:32:08,309 [INFO]   CHECKLIST   :
2026-07-22 10:32:08,310 [INFO]     Scopo funzionale              : IDENTICAL
2026-07-22 10:32:08,310 [INFO]     Logica operativa              : IDENTICAL
2026-07-22 10:32:08,311 [INFO]     Prestazioni                   : IDENTICAL
2026-07-22 10:32:08,311 [INFO]     Comportamento in guasto       : IDENTICAL
2026-07-22 10:32:08,311 [INFO]     Diagnostica                   : IDENTICAL
2026-07-22 10:32:08,311 [INFO]     Sicurezza                     : IDENTICAL
2026-07-22 10:32:08,311 [INFO] ───────────────────────────────────────────────────────
2026-07-22 10:32:08,312 [INFO]   [VZI_Base] 🟢 VERDE | Score: 85
2026-07-22 10:32:09,312 [INFO]   [VZ_FR] Da cache (score=85)
2026-07-22 10:32:09,313 [INFO] ───────────────────────────────────────────────────────
2026-07-22 10:32:09,313 [INFO]   CONFIG      : VZ_FR
2026-07-22 10:32:09,313 [INFO]   SCORE       : 85/100
2026-07-22 10:32:09,313 [INFO]   DECISIONE   : 🟢 EQUIVALENTE
2026-07-22 10:32:09,314 [INFO]   MOTIVAZIONE : LLM: nessuna differenza funzionale rilevante. Score: 85.
2026-07-22 10:32:09,315 [INFO]   CHECKLIST   :
2026-07-22 10:32:09,315 [INFO]     Scopo funzionale              : IDENTICAL
2026-07-22 10:32:09,315 [INFO]     Logica operativa              : IDENTICAL
2026-07-22 10:32:09,315 [INFO]     Prestazioni                   : IDENTICAL
2026-07-22 10:32:09,315 [INFO]     Comportamento in guasto       : IDENTICAL
2026-07-22 10:32:09,315 [INFO]     Diagnostica                   : IDENTICAL
2026-07-22 10:32:09,317 [INFO]     Sicurezza                     : IDENTICAL
2026-07-22 10:32:09,317 [INFO] ───────────────────────────────────────────────────────
2026-07-22 10:32:09,317 [INFO]   [VZ_FR] 🟢 VERDE | Score: 85
2026-07-22 10:32:09,318 [INFO]   [VZ_ES] Da cache (score=85)
2026-07-22 10:32:09,318 [INFO] ───────────────────────────────────────────────────────
2026-07-22 10:32:09,318 [INFO]   CONFIG      : VZ_ES
2026-07-22 10:32:09,319 [INFO]   SCORE       : 85/100
2026-07-22 10:32:09,319 [INFO]   DECISIONE   : 🟢 EQUIVALENTE
2026-07-22 10:32:09,319 [INFO]   MOTIVAZIONE : LLM: nessuna differenza funzionale rilevante. Score: 85.
2026-07-22 10:32:09,319 [INFO]   CHECKLIST   :
2026-07-22 10:32:09,320 [INFO]     Scopo funzionale              : IDENTICAL
2026-07-22 10:32:09,320 [INFO]     Logica operativa              : IDENTICAL
2026-07-22 10:32:09,320 [INFO]     Prestazioni                   : IDENTICAL
2026-07-22 10:32:09,320 [INFO]     Comportamento in guasto       : IDENTICAL
2026-07-22 10:32:09,321 [INFO]     Diagnostica                   : IDENTICAL
2026-07-22 10:32:09,321 [INFO]     Sicurezza                     : IDENTICAL
2026-07-22 10:32:09,321 [INFO] ───────────────────────────────────────────────────────
2026-07-22 10:32:09,322 [INFO]   [VZ_ES] 🟢 VERDE | Score: 85
2026-07-22 10:32:09,322 [INFO]   [VZI-6_R1] Da cache (score=85)
2026-07-22 10:32:09,323 [INFO] ───────────────────────────────────────────────────────
2026-07-22 10:32:09,323 [INFO]   CONFIG      : VZI-6_R1
2026-07-22 10:32:09,323 [INFO]   SCORE       : 85/100
2026-07-22 10:32:09,323 [INFO]   DECISIONE   : 🟢 EQUIVALENTE
2026-07-22 10:32:09,324 [INFO]   MOTIVAZIONE : LLM: nessuna differenza funzionale rilevante. Score: 85.
2026-07-22 10:32:09,324 [INFO]   CHECKLIST   :
2026-07-22 10:32:09,324 [INFO]     Scopo funzionale              : IDENTICAL
2026-07-22 10:32:09,324 [INFO]     Logica operativa              : IDENTICAL
2026-07-22 10:32:09,325 [INFO]     Prestazioni                   : IDENTICAL
2026-07-22 10:32:09,325 [INFO]     Comportamento in guasto       : IDENTICAL
2026-07-22 10:32:09,325 [INFO]     Diagnostica                   : IDENTICAL
2026-07-22 10:32:09,325 [INFO]     Sicurezza                     : IDENTICAL
2026-07-22 10:32:09,325 [INFO] ───────────────────────────────────────────────────────
2026-07-22 10:32:09,325 [INFO]   [VZI-6_R1] 🟢 VERDE | Score: 85
2026-07-22 10:32:09,326 [INFO] 
═══════════════════════════════════════════════════════
  LV_System_Selection / FRS_Line Voltage (4 config)
═══════════════════════════════════════════════════════
2026-07-22 10:32:09,326 [INFO]   [VZI_Base] Estrazione pag.34...
2026-07-22 10:32:09,327 [INFO]   🔍 Ricerca locale per: https://gruppofsitaliane.sharepoint.com/:f:/r/sites/IngegneriaETReMezziLeggeri-T...
2026-07-22 10:32:09,327 [INFO]   📁 File trovato (percorso esatto): C:\Users\2954534.UTENTI\OneDrive - Gruppo Ferrovie Dello Stato\Documenti - Ingegneria ETR - Trenitalia\DB_ETR1000\DOC_FLOTTE\VZI_Base\CONFIG\FRS\3EST000225-7907.pdf
2026-07-22 10:32:09,347 [INFO]   🎯 Indice funzione: '3.3.6' (score=2, func_id='LV_System_Selection')
2026-07-22 10:32:09,347 [INFO]   📑 Strategia A — indice funzione: '3.3.6' su pag.34
2026-07-22 10:32:09,348 [INFO]   ✂ Pagina iniziale parziale: testo prima di '3.3.6' escluso (offset=1137)
2026-07-22 10:32:09,355 [INFO]   ✂ Testo troncato: indice estraneo '1.5 kV DC.' trovato a offset 757 — pagina parziale
2026-07-22 10:32:09,355 [INFO]   ✅✂ Pag.35: testo precedente a '1.5' incluso — poi STOP
2026-07-22 10:32:09,356 [INFO]   📖 Estratte pagine 34–35 (parziale inizio, parziale fine) da '3EST000225-7907.pdf'
2026-07-22 10:32:09,356 [INFO]   [VZ_FR] Estrazione pag.39...
2026-07-22 10:32:09,356 [INFO]   🔍 Ricerca locale per: https://gruppofsitaliane.sharepoint.com/:f:/r/sites/IngegneriaETReMezziLeggeri-T...
2026-07-22 10:32:09,357 [INFO]   📁 File trovato (percorso esatto): C:\Users\2954534.UTENTI\OneDrive - Gruppo Ferrovie Dello Stato\Documenti - Ingegneria ETR - Trenitalia\DB_ETR1000\DOC_FLOTTE\VZ_FR\CONFIG\FRS\3ECP413571-0401.pdf
2026-07-22 10:32:09,367 [INFO]   🎯 Indice funzione: '3.3.6' (score=2, func_id='LV_System_Selection')
2026-07-22 10:32:09,367 [INFO]   📑 Strategia A — indice funzione: '3.3.6' su pag.39
2026-07-22 10:32:09,368 [INFO]   ✂ Pagina iniziale parziale: testo prima di '3.3.6' escluso (offset=1638)
2026-07-22 10:32:09,372 [INFO]   ✅ Pag.40: '3.3.6.2' ⊆ '3.3.6' — inclusa
2026-07-22 10:32:09,383 [INFO]   ✂ Testo troncato: indice estraneo '3.4 Line Circuit Breakers and system isolation switches' trovato a offset 2332 — pagina parziale
2026-07-22 10:32:09,384 [INFO]   ✅✂ Pag.42: testo precedente a '3.4' incluso — poi STOP
2026-07-22 10:32:09,385 [INFO]   📖 Estratte pagine 39–42 (parziale inizio, parziale fine) da '3ECP413571-0401.pdf'
2026-07-22 10:32:09,385 [INFO]   [VZ_ES] Estrazione pag.35...
2026-07-22 10:32:09,385 [INFO]   🔍 Ricerca locale per: https://gruppofsitaliane.sharepoint.com/:f:/r/sites/IngegneriaETReMezziLeggeri-T...
2026-07-22 10:32:09,386 [INFO]   📁 File trovato (percorso esatto): C:\Users\2954534.UTENTI\OneDrive - Gruppo Ferrovie Dello Stato\Documenti - Ingegneria ETR - Trenitalia\DB_ETR1000\DOC_FLOTTE\VZ_ES\CONFIG\FRS\3EGH489028-2358.pdf
2026-07-22 10:32:09,407 [INFO]   🎯 Indice funzione: '3.3.6' (score=2, func_id='LV_System_Selection')
2026-07-22 10:32:09,407 [INFO]   📑 Strategia A — indice funzione: '3.3.6' su pag.35
2026-07-22 10:32:09,408 [INFO]   ✂ Pagina iniziale parziale: testo prima di '3.3.6' escluso (offset=2550)
2026-07-22 10:32:09,412 [INFO]   ✅ Pag.36: '3.3.6.1.3' ⊆ '3.3.6' — inclusa
2026-07-22 10:32:09,422 [INFO]   ✂ Testo troncato: indice estraneo '3.4 Line Circuit Breakers and system isolation switches' trovato a offset 1370 — pagina parziale
2026-07-22 10:32:09,422 [INFO]   ✅✂ Pag.38: testo precedente a '3.4' incluso — poi STOP
2026-07-22 10:32:09,423 [INFO]   📖 Estratte pagine 35–38 (parziale inizio, parziale fine) da '3EGH489028-2358.pdf'
2026-07-22 10:32:09,423 [INFO]   [VZI-6_R1] Estrazione pag.47...
2026-07-22 10:32:09,423 [INFO]   🔍 Ricerca locale per: https://gruppofsitaliane.sharepoint.com/:f:/r/sites/IngegneriaETReMezziLeggeri-T...
2026-07-22 10:32:09,424 [INFO]   📁 File trovato (percorso esatto): C:\Users\2954534.UTENTI\OneDrive - Gruppo Ferrovie Dello Stato\Documenti - Ingegneria ETR - Trenitalia\DB_ETR1000\DOC_FLOTTE\VZI-6_R1\CONFIG\FRS\FA020022045.pdf
2026-07-22 10:32:09,458 [INFO]   🎯 Indice funzione: '3.3.6' (score=2, func_id='LV_System_Selection')
2026-07-22 10:32:09,458 [INFO]   📑 Strategia A — indice funzione: '3.3.6' su pag.47
2026-07-22 10:32:09,459 [INFO]   ✂ Pagina iniziale parziale: testo prima di '3.3.6' escluso (offset=2667)
2026-07-22 10:32:09,469 [INFO]   ✅ Pag.48: '3.3.6.1.3' ⊆ '3.3.6' — inclusa
2026-07-22 10:32:09,488 [INFO]   ✂ Testo troncato: indice estraneo '3.4 Line Circuit Breakers and system isolation switches' trovato a offset 2149 — pagina parziale
2026-07-22 10:32:09,488 [INFO]   ✅✂ Pag.50: testo precedente a '3.4' incluso — poi STOP
2026-07-22 10:32:09,492 [INFO]   📖 Estratte pagine 47–50 (parziale inizio, parziale fine) da 'FA020022045.pdf'
2026-07-22 10:32:09,493 [INFO]   Testi: 4/4
2026-07-22 10:32:09,494 [INFO]   [parse] [VZI_Base] ✅ Parsing regex OK — campi valorizzati: 4/16
2026-07-22 10:32:09,498 [INFO]   [parse] [VZ_FR] ✅ Parsing regex OK — campi valorizzati: 4/16
2026-07-22 10:32:09,502 [INFO]   [parse] [VZ_ES] ✅ Parsing regex OK — campi valorizzati: 4/16
2026-07-22 10:32:09,506 [INFO]   [parse] [VZI-6_R1] ✅ Parsing regex OK — campi valorizzati: 4/16
2026-07-22 10:32:09,506 [INFO]   [det] VZI_Base vs VZ_FR: ⚡ 3 diff. funzionali oggettive
2026-07-22 10:32:09,506 [INFO]   [det] VZI_Base vs VZ_ES: ⚡ 1 diff. funzionali oggettive
2026-07-22 10:32:09,507 [INFO]   [det] VZI_Base vs VZI-6_R1: ✅ Nessuna diff. funzionale oggettiva
2026-07-22 10:32:09,507 [INFO]   [det] VZ_FR vs VZ_ES: ✅ Nessuna diff. funzionale oggettiva
2026-07-22 10:32:09,508 [INFO]   [det] VZ_FR vs VZI-6_R1: ⚡ 2 diff. funzionali oggettive
2026-07-22 10:32:09,508 [INFO]   [det] VZ_ES vs VZI-6_R1: ⚡ 1 diff. funzionali oggettive
2026-07-22 10:32:09,508 [INFO]   ⚡ Diff. oggettive: 7 voci
2026-07-22 10:32:09,508 [INFO]   Chiamata Ollama (unica per questo gruppo, 4 config in parallelo nel prompt)...
2026-07-22 10:32:09,508 [INFO]   Ollama: analisi gruppo LV_System_Selection (4 config)...
2026-07-22 10:36:50,173 [INFO] HTTP Request: POST http://127.0.0.1:11434/api/chat "HTTP/1.1 200 OK"
2026-07-22 10:36:50,175 [WARNING]   Risposta Ollama non parsabile: Expecting ',' delimiter: line 22 column 5 (char 1182)
  Risposta: ```
{
  "equivalenti": true,
  "score": 85,
  "checklist": {
    "functional_purpose": "IDENTICAL",
    "operational_logic": "IDENTICAL",
    "performance": "IDENTICAL",
    "failure_handling": "IDENTICAL",
    "diagnostics": "IDENTICAL",
    "safety": "IDENTICAL"
  },
  "technical_differences": [],
  Fallback: INCERTO.
2026-07-22 10:36:50,176 [INFO]   ✅ Cache — score=50, equivalenti=None
2026-07-22 10:36:50,177 [INFO] ───────────────────────────────────────────────────────
2026-07-22 10:36:50,177 [INFO]   CONFIG      : VZI_Base
2026-07-22 10:36:50,178 [INFO]   SCORE       : 50/100
2026-07-22 10:36:50,183 [INFO]   DECISIONE   : 🔴 NON EQUIVALENTE
2026-07-22 10:36:50,184 [INFO]   MOTIVAZIONE : Score basso (50) confermato da differenze in: states/stati operativi, thresholds/parametri numerici.
2026-07-22 10:36:50,185 [INFO]   CHECKLIST   :
2026-07-22 10:36:50,187 [INFO]   DIFF PARAMETRICHE:
2026-07-22 10:36:50,187 [INFO]     • [thresholds/parametri numerici] Solo in VZI_Base: 976a
2026-07-22 10:36:50,190 [INFO]     • [thresholds/parametri numerici] Solo in VZ_FR: 0.8kv, 1.975kv, 1248a, 3hz
2026-07-22 10:36:50,191 [INFO]     • [states/stati operativi] Solo in VZ_FR: DISABLED, ENABLED
2026-07-22 10:36:50,191 [INFO] ───────────────────────────────────────────────────────
2026-07-22 10:36:50,193 [INFO]   [VZI_Base] 🔴 ROSSO | Score: 50
2026-07-22 10:36:51,195 [INFO]   [VZ_FR] Da cache (score=50)
2026-07-22 10:36:51,195 [INFO] ───────────────────────────────────────────────────────
2026-07-22 10:36:51,195 [INFO]   CONFIG      : VZ_FR
2026-07-22 10:36:51,195 [INFO]   SCORE       : 50/100
2026-07-22 10:36:51,196 [INFO]   DECISIONE   : 🔴 NON EQUIVALENTE
2026-07-22 10:36:51,196 [INFO]   MOTIVAZIONE : Score basso (50) confermato da differenze in: states/stati operativi, thresholds/parametri numerici.
2026-07-22 10:36:51,196 [INFO]   CHECKLIST   :
2026-07-22 10:36:51,196 [INFO]   DIFF PARAMETRICHE:
2026-07-22 10:36:51,197 [INFO]     • [thresholds/parametri numerici] Solo in VZI_Base: 976a
2026-07-22 10:36:51,197 [INFO]     • [thresholds/parametri numerici] Solo in VZ_FR: 0.8kv, 1.975kv, 1248a, 3hz
2026-07-22 10:36:51,197 [INFO]     • [states/stati operativi] Solo in VZ_FR: DISABLED, ENABLED
2026-07-22 10:36:51,198 [INFO] ───────────────────────────────────────────────────────
2026-07-22 10:36:51,198 [INFO]   [VZ_FR] 🔴 ROSSO | Score: 50
2026-07-22 10:36:51,198 [INFO]   [VZ_ES] Da cache (score=50)
2026-07-22 10:36:51,199 [INFO] ───────────────────────────────────────────────────────
2026-07-22 10:36:51,199 [INFO]   CONFIG      : VZ_ES
2026-07-22 10:36:51,199 [INFO]   SCORE       : 50/100
2026-07-22 10:36:51,199 [INFO]   DECISIONE   : 🔴 NON EQUIVALENTE
2026-07-22 10:36:51,199 [INFO]   MOTIVAZIONE : Score basso (50) confermato da differenze in: states/stati operativi, thresholds/parametri numerici.
2026-07-22 10:36:51,200 [INFO]   CHECKLIST   :
2026-07-22 10:36:51,200 [INFO]   DIFF PARAMETRICHE:
2026-07-22 10:36:51,200 [INFO]     • [thresholds/parametri numerici] Solo in VZI_Base: 976a
2026-07-22 10:36:51,201 [INFO]     • [thresholds/parametri numerici] Solo in VZ_FR: 0.8kv, 1.975kv, 1248a, 3hz
2026-07-22 10:36:51,201 [INFO]     • [states/stati operativi] Solo in VZ_FR: DISABLED, ENABLED
2026-07-22 10:36:51,201 [INFO] ───────────────────────────────────────────────────────
2026-07-22 10:36:51,201 [INFO]   [VZ_ES] 🔴 ROSSO | Score: 50
2026-07-22 10:36:51,202 [INFO]   [VZI-6_R1] Da cache (score=50)
2026-07-22 10:36:51,202 [INFO] ───────────────────────────────────────────────────────
2026-07-22 10:36:51,203 [INFO]   CONFIG      : VZI-6_R1
2026-07-22 10:36:51,203 [INFO]   SCORE       : 50/100
2026-07-22 10:36:51,203 [INFO]   DECISIONE   : 🔴 NON EQUIVALENTE
2026-07-22 10:36:51,203 [INFO]   MOTIVAZIONE : Score basso (50) confermato da differenze in: states/stati operativi, thresholds/parametri numerici.
2026-07-22 10:36:51,204 [INFO]   CHECKLIST   :
2026-07-22 10:36:51,204 [INFO]   DIFF PARAMETRICHE:
2026-07-22 10:36:51,204 [INFO]     • [thresholds/parametri numerici] Solo in VZI_Base: 976a
2026-07-22 10:36:51,204 [INFO]     • [thresholds/parametri numerici] Solo in VZ_FR: 0.8kv, 1.975kv, 1248a, 3hz
2026-07-22 10:36:51,204 [INFO]     • [states/stati operativi] Solo in VZ_FR: DISABLED, ENABLED
2026-07-22 10:36:51,205 [INFO] ───────────────────────────────────────────────────────
2026-07-22 10:36:51,205 [INFO]   [VZI-6_R1] 🔴 ROSSO | Score: 50
2026-07-22 10:36:51,205 [INFO] 
═══════════════════════════════════════════════════════
  LV_Line_Circuit_Breaker_Closing / FRS_Line Voltage (4 config)
═══════════════════════════════════════════════════════
2026-07-22 10:36:51,207 [INFO]   [VZI_Base] Estrazione pag.37...
2026-07-22 10:36:51,207 [INFO]   🔍 Ricerca locale per: https://gruppofsitaliane.sharepoint.com/:f:/r/sites/IngegneriaETReMezziLeggeri-T...
2026-07-22 10:36:51,207 [INFO]   📁 File trovato (percorso esatto): C:\Users\2954534.UTENTI\OneDrive - Gruppo Ferrovie Dello Stato\Documenti - Ingegneria ETR - Trenitalia\DB_ETR1000\DOC_FLOTTE\VZI_Base\CONFIG\FRS\3EST000225-7907.pdf
2026-07-22 10:36:51,231 [INFO]   🎯 Indice funzione: '3.4.1' (score=4, func_id='LV_Line_Circuit_Breaker_Closing')
2026-07-22 10:36:51,231 [INFO]   📑 Strategia A — indice funzione: '3.4.1' su pag.37
2026-07-22 10:36:51,233 [INFO]   ✂ Pagina iniziale parziale: testo prima di '3.4.1' escluso (offset=564)
2026-07-22 10:36:51,260 [INFO]   ✂ Testo troncato: indice estraneo '3.4.2 Line Circuit Breaker Opening' trovato a offset 2446 — pagina parziale
2026-07-22 10:36:51,261 [INFO]   ✅✂ Pag.40: testo precedente a '3.4.2' incluso — poi STOP
2026-07-22 10:36:51,261 [INFO]   📖 Estratte pagine 37–40 (parziale inizio, parziale fine) da '3EST000225-7907.pdf'
2026-07-22 10:36:51,262 [INFO]   [VZ_FR] Estrazione pag.42...
2026-07-22 10:36:51,262 [INFO]   🔍 Ricerca locale per: https://gruppofsitaliane.sharepoint.com/:f:/r/sites/IngegneriaETReMezziLeggeri-T...
2026-07-22 10:36:51,263 [INFO]   📁 File trovato (percorso esatto): C:\Users\2954534.UTENTI\OneDrive - Gruppo Ferrovie Dello Stato\Documenti - Ingegneria ETR - Trenitalia\DB_ETR1000\DOC_FLOTTE\VZ_FR\CONFIG\FRS\3ECP413571-0401.pdf
2026-07-22 10:36:51,289 [INFO]   🎯 Indice funzione: '3.4.1' (score=4, func_id='LV_Line_Circuit_Breaker_Closing')
2026-07-22 10:36:51,290 [INFO]   📑 Strategia A — indice funzione: '3.4.1' su pag.42
2026-07-22 10:36:51,290 [INFO]   ✂ Pagina iniziale parziale: testo prima di '3.4.1' escluso (offset=2388)
2026-07-22 10:36:51,300 [INFO]   ✅ Pag.43: '3.4.1.1.3' ⊆ '3.4.1' — inclusa
2026-07-22 10:36:51,325 [INFO]   ✂ Testo troncato: indice estraneo '3.4.2 Line Circuit Breaker Opening' trovato a offset 2827 — pagina parziale
2026-07-22 10:36:51,326 [INFO]   ✅✂ Pag.46: testo precedente a '3.4.2' incluso — poi STOP
2026-07-22 10:36:51,326 [INFO]   📖 Estratte pagine 42–46 (parziale inizio, parziale fine) da '3ECP413571-0401.pdf'
2026-07-22 10:36:51,327 [INFO]   [VZ_ES] Estrazione pag.38...
2026-07-22 10:36:51,328 [INFO]   🔍 Ricerca locale per: https://gruppofsitaliane.sharepoint.com/:f:/r/sites/IngegneriaETReMezziLeggeri-T...
2026-07-22 10:36:51,329 [INFO]   📁 File trovato (percorso esatto): C:\Users\2954534.UTENTI\OneDrive - Gruppo Ferrovie Dello Stato\Documenti - Ingegneria ETR - Trenitalia\DB_ETR1000\DOC_FLOTTE\VZ_ES\CONFIG\FRS\3EGH489028-2358.pdf
2026-07-22 10:36:51,368 [INFO]   🎯 Indice funzione: '3.4.1' (score=4, func_id='LV_Line_Circuit_Breaker_Closing')
2026-07-22 10:36:51,368 [INFO]   📑 Strategia A — indice funzione: '3.4.1' su pag.38
2026-07-22 10:36:51,369 [INFO]   ✂ Pagina iniziale parziale: testo prima di '3.4.1' escluso (offset=1428)
2026-07-22 10:36:51,401 [INFO]   ✂ Testo troncato: indice estraneo '3.4.2 Line Circuit Breaker Opening' trovato a offset 529 — pagina parziale
2026-07-22 10:36:51,401 [INFO]   ✅✂ Pag.42: testo precedente a '3.4.2' incluso — poi STOP
2026-07-22 10:36:51,402 [INFO]   📖 Estratte pagine 38–42 (parziale inizio, parziale fine) da '3EGH489028-2358.pdf'
2026-07-22 10:36:51,402 [INFO]   [VZI-6_R1] Estrazione pag.50...
2026-07-22 10:36:51,403 [INFO]   🔍 Ricerca locale per: https://gruppofsitaliane.sharepoint.com/:f:/r/sites/IngegneriaETReMezziLeggeri-T...
2026-07-22 10:36:51,404 [INFO]   📁 File trovato (percorso esatto): C:\Users\2954534.UTENTI\OneDrive - Gruppo Ferrovie Dello Stato\Documenti - Ingegneria ETR - Trenitalia\DB_ETR1000\DOC_FLOTTE\VZI-6_R1\CONFIG\FRS\FA020022045.pdf
2026-07-22 10:36:51,490 [INFO]   🎯 Indice funzione: '3.4.1' (score=4, func_id='LV_Line_Circuit_Breaker_Closing')
2026-07-22 10:36:51,490 [INFO]   📑 Strategia A — indice funzione: '3.4.1' su pag.50
2026-07-22 10:36:51,491 [INFO]   ✂ Pagina iniziale parziale: testo prima di '3.4.1' escluso (offset=2207)
2026-07-22 10:36:51,610 [INFO]   ✂ Testo troncato: indice estraneo '3.4.2 Line Circuit Breaker Opening' trovato a offset 955 — pagina parziale
2026-07-22 10:36:51,610 [INFO]   ✅✂ Pag.56: testo precedente a '3.4.2' incluso — poi STOP
2026-07-22 10:36:51,628 [INFO]   📖 Estratte pagine 50–56 (parziale inizio, parziale fine) da 'FA020022045.pdf'
2026-07-22 10:36:51,630 [INFO]   Testi: 4/4
2026-07-22 10:36:51,648 [INFO]   [parse] [VZI_Base] ✅ Parsing regex OK — campi valorizzati: 4/16
2026-07-22 10:36:51,660 [INFO]   [parse] [VZ_FR] ✅ Parsing regex OK — campi valorizzati: 4/16
2026-07-22 10:36:51,672 [INFO]   [parse] [VZ_ES] ✅ Parsing regex OK — campi valorizzati: 4/16
2026-07-22 10:36:51,690 [INFO]   [parse] [VZI-6_R1] ✅ Parsing regex OK — campi valorizzati: 4/16
2026-07-22 10:36:51,691 [INFO]   [det] VZI_Base vs VZ_FR: ✅ Nessuna diff. funzionale oggettiva
2026-07-22 10:36:51,692 [INFO]   [det] VZI_Base vs VZ_ES: ✅ Nessuna diff. funzionale oggettiva
2026-07-22 10:36:51,693 [INFO]   [det] VZI_Base vs VZI-6_R1: ✅ Nessuna diff. funzionale oggettiva
2026-07-22 10:36:51,693 [INFO]   [det] VZ_FR vs VZ_ES: ✅ Nessuna diff. funzionale oggettiva
2026-07-22 10:36:51,694 [INFO]   [det] VZ_FR vs VZI-6_R1: ✅ Nessuna diff. funzionale oggettiva
2026-07-22 10:36:51,695 [INFO]   [det] VZ_ES vs VZI-6_R1: ✅ Nessuna diff. funzionale oggettiva
2026-07-22 10:36:51,695 [INFO]   ✅ Nessuna diff. oggettiva
2026-07-22 10:36:51,696 [INFO]   Chiamata Ollama (unica per questo gruppo, 4 config in parallelo nel prompt)...
2026-07-22 10:36:51,700 [INFO]   Ollama: analisi gruppo LV_Line_Circuit_Breaker_Closing (4 config)...
2026-07-22 10:41:54,880 [INFO] HTTP Request: POST http://127.0.0.1:11434/api/chat "HTTP/1.1 200 OK"
2026-07-22 10:41:54,882 [INFO]   ✅ Cache — score=85, equivalenti=True
2026-07-22 10:41:54,882 [INFO] ───────────────────────────────────────────────────────
2026-07-22 10:41:54,883 [INFO]   CONFIG      : VZI_Base
2026-07-22 10:41:54,883 [INFO]   SCORE       : 85/100
2026-07-22 10:41:54,883 [INFO]   DECISIONE   : 🟢 EQUIVALENTE
2026-07-22 10:41:54,883 [INFO]   MOTIVAZIONE : LLM: nessuna differenza funzionale rilevante. Score: 85.
2026-07-22 10:41:54,884 [INFO]   CHECKLIST   :
2026-07-22 10:41:54,884 [INFO]     Scopo funzionale              : IDENTICAL
2026-07-22 10:41:54,884 [INFO]     Logica operativa              : IDENTICAL
2026-07-22 10:41:54,884 [INFO]     Prestazioni                   : IDENTICAL
2026-07-22 10:41:54,884 [INFO]     Comportamento in guasto       : IDENTICAL
2026-07-22 10:41:54,885 [INFO]     Diagnostica                   : IDENTICAL
2026-07-22 10:41:54,885 [INFO]     Sicurezza                     : IDENTICAL
2026-07-22 10:41:54,885 [INFO] ───────────────────────────────────────────────────────
2026-07-22 10:41:54,886 [INFO]   [VZI_Base] 🟢 VERDE | Score: 85
2026-07-22 10:41:55,887 [INFO]   [VZ_FR] Da cache (score=85)
2026-07-22 10:41:55,888 [INFO] ───────────────────────────────────────────────────────
2026-07-22 10:41:55,888 [INFO]   CONFIG      : VZ_FR
2026-07-22 10:41:55,888 [INFO]   SCORE       : 85/100
2026-07-22 10:41:55,889 [INFO]   DECISIONE   : 🟢 EQUIVALENTE
2026-07-22 10:41:55,889 [INFO]   MOTIVAZIONE : LLM: nessuna differenza funzionale rilevante. Score: 85.
2026-07-22 10:41:55,889 [INFO]   CHECKLIST   :
2026-07-22 10:41:55,889 [INFO]     Scopo funzionale              : IDENTICAL
2026-07-22 10:41:55,889 [INFO]     Logica operativa              : IDENTICAL
2026-07-22 10:41:55,889 [INFO]     Prestazioni                   : IDENTICAL
2026-07-22 10:41:55,890 [INFO]     Comportamento in guasto       : IDENTICAL
2026-07-22 10:41:55,890 [INFO]     Diagnostica                   : IDENTICAL
2026-07-22 10:41:55,890 [INFO]     Sicurezza                     : IDENTICAL
2026-07-22 10:41:55,890 [INFO] ───────────────────────────────────────────────────────
2026-07-22 10:41:55,891 [INFO]   [VZ_FR] 🟢 VERDE | Score: 85
2026-07-22 10:41:55,891 [INFO]   [VZ_ES] Da cache (score=85)
2026-07-22 10:41:55,891 [INFO] ───────────────────────────────────────────────────────
2026-07-22 10:41:55,892 [INFO]   CONFIG      : VZ_ES
2026-07-22 10:41:55,892 [INFO]   SCORE       : 85/100
2026-07-22 10:41:55,892 [INFO]   DECISIONE   : 🟢 EQUIVALENTE
2026-07-22 10:41:55,892 [INFO]   MOTIVAZIONE : LLM: nessuna differenza funzionale rilevante. Score: 85.
2026-07-22 10:41:55,892 [INFO]   CHECKLIST   :
2026-07-22 10:41:55,893 [INFO]     Scopo funzionale              : IDENTICAL
2026-07-22 10:41:55,893 [INFO]     Logica operativa              : IDENTICAL
2026-07-22 10:41:55,893 [INFO]     Prestazioni                   : IDENTICAL
2026-07-22 10:41:55,894 [INFO]     Comportamento in guasto       : IDENTICAL
2026-07-22 10:41:55,894 [INFO]     Diagnostica                   : IDENTICAL
2026-07-22 10:41:55,894 [INFO]     Sicurezza                     : IDENTICAL
2026-07-22 10:41:55,894 [INFO] ───────────────────────────────────────────────────────
2026-07-22 10:41:55,895 [INFO]   [VZ_ES] 🟢 VERDE | Score: 85
2026-07-22 10:41:55,895 [INFO]   [VZI-6_R1] Da cache (score=85)
2026-07-22 10:41:55,895 [INFO] ───────────────────────────────────────────────────────
2026-07-22 10:41:55,896 [INFO]   CONFIG      : VZI-6_R1
2026-07-22 10:41:55,896 [INFO]   SCORE       : 85/100
2026-07-22 10:41:55,896 [INFO]   DECISIONE   : 🟢 EQUIVALENTE
2026-07-22 10:41:55,897 [INFO]   MOTIVAZIONE : LLM: nessuna differenza funzionale rilevante. Score: 85.
2026-07-22 10:41:55,897 [INFO]   CHECKLIST   :
2026-07-22 10:41:55,897 [INFO]     Scopo funzionale              : IDENTICAL
2026-07-22 10:41:55,897 [INFO]     Logica operativa              : IDENTICAL
2026-07-22 10:41:55,898 [INFO]     Prestazioni                   : IDENTICAL
2026-07-22 10:41:55,898 [INFO]     Comportamento in guasto       : IDENTICAL
2026-07-22 10:41:55,898 [INFO]     Diagnostica                   : IDENTICAL
2026-07-22 10:41:55,899 [INFO]     Sicurezza                     : IDENTICAL
2026-07-22 10:41:55,899 [INFO] ───────────────────────────────────────────────────────
2026-07-22 10:41:55,899 [INFO]   [VZI-6_R1] 🟢 VERDE | Score: 85
2026-07-22 10:41:55,900 [INFO] 
═══════════════════════════════════════════════════════
  LV_Line_Circuit_Breaker_Opening / FRS_Line Voltage (4 config)
═══════════════════════════════════════════════════════
2026-07-22 10:41:55,900 [INFO]   [VZI_Base] Estrazione pag.40...
2026-07-22 10:41:55,900 [INFO]   🔍 Ricerca locale per: https://gruppofsitaliane.sharepoint.com/:f:/r/sites/IngegneriaETReMezziLeggeri-T...
2026-07-22 10:41:55,903 [INFO]   📁 File trovato (percorso esatto): C:\Users\2954534.UTENTI\OneDrive - Gruppo Ferrovie Dello Stato\Documenti - Ingegneria ETR - Trenitalia\DB_ETR1000\DOC_FLOTTE\VZI_Base\CONFIG\FRS\3EST000225-7907.pdf
2026-07-22 10:41:55,920 [INFO]   🎯 Indice funzione: '3.4.2' (score=4, func_id='LV_Line_Circuit_Breaker_Opening')
2026-07-22 10:41:55,920 [INFO]   📑 Strategia A — indice funzione: '3.4.2' su pag.40
2026-07-22 10:41:55,920 [INFO]   ✂ Pagina iniziale parziale: testo prima di '3.4.2' escluso (offset=2446)
2026-07-22 10:41:55,929 [INFO]   ✅ Pag.41: '3.4.2.2' ⊆ '3.4.2' — inclusa
2026-07-22 10:41:55,952 [INFO]   ✂ Testo troncato: indice estraneo '3.4.3 Isolate High Voltage' trovato a offset 1832 — pagina parziale
2026-07-22 10:41:55,953 [INFO]   ✅✂ Pag.45: testo precedente a '3.4.3' incluso — poi STOP
2026-07-22 10:41:55,954 [INFO]   📖 Estratte pagine 40–45 (parziale inizio, parziale fine) da '3EST000225-7907.pdf'
2026-07-22 10:41:55,954 [INFO]   [VZ_FR] Estrazione pag.46...
2026-07-22 10:41:55,954 [INFO]   🔍 Ricerca locale per: https://gruppofsitaliane.sharepoint.com/:f:/r/sites/IngegneriaETReMezziLeggeri-T...
2026-07-22 10:41:55,958 [INFO]   📁 File trovato (percorso esatto): C:\Users\2954534.UTENTI\OneDrive - Gruppo Ferrovie Dello Stato\Documenti - Ingegneria ETR - Trenitalia\DB_ETR1000\DOC_FLOTTE\VZ_FR\CONFIG\FRS\3ECP413571-0401.pdf
2026-07-22 10:41:55,984 [INFO]   🎯 Indice funzione: '3.4.2' (score=4, func_id='LV_Line_Circuit_Breaker_Opening')
2026-07-22 10:41:55,984 [INFO]   📑 Strategia A — indice funzione: '3.4.2' su pag.46
2026-07-22 10:41:55,985 [INFO]   ✂ Pagina iniziale parziale: testo prima di '3.4.2' escluso (offset=2827)
2026-07-22 10:41:55,995 [INFO]   ✅ Pag.47: '3.4.2.1.2' ⊆ '3.4.2' — inclusa
2026-07-22 10:41:56,024 [INFO]   ✂ Testo troncato: indice estraneo '3.4.3 Isolate High Voltage' trovato a offset 508 — pagina parziale
2026-07-22 10:41:56,024 [INFO]   ✅✂ Pag.52: testo precedente a '3.4.3' incluso — poi STOP
2026-07-22 10:41:56,025 [INFO]   📖 Estratte pagine 46–52 (parziale inizio, parziale fine) da '3ECP413571-0401.pdf'
2026-07-22 10:41:56,025 [INFO]   [VZ_ES] Estrazione pag.42...
2026-07-22 10:41:56,026 [INFO]   🔍 Ricerca locale per: https://gruppofsitaliane.sharepoint.com/:f:/r/sites/IngegneriaETReMezziLeggeri-T...
2026-07-22 10:41:56,028 [INFO]   📁 File trovato (percorso esatto): C:\Users\2954534.UTENTI\OneDrive - Gruppo Ferrovie Dello Stato\Documenti - Ingegneria ETR - Trenitalia\DB_ETR1000\DOC_FLOTTE\VZ_ES\CONFIG\FRS\3EGH489028-2358.pdf
2026-07-22 10:41:56,061 [INFO]   🎯 Indice funzione: '3.4.2' (score=4, func_id='LV_Line_Circuit_Breaker_Opening')
2026-07-22 10:41:56,062 [INFO]   📑 Strategia A — indice funzione: '3.4.2' su pag.42
2026-07-22 10:41:56,062 [INFO]   ✂ Pagina iniziale parziale: testo prima di '3.4.2' escluso (offset=529)
2026-07-22 10:41:56,088 [INFO]   ✂ Testo troncato: indice estraneo '3.4.3 Isolate High Voltage' trovato a offset 529 — pagina parziale
2026-07-22 10:41:56,088 [INFO]   ✅✂ Pag.47: testo precedente a '3.4.3' incluso — poi STOP
2026-07-22 10:41:56,088 [INFO]   📖 Estratte pagine 42–47 (parziale inizio, parziale fine) da '3EGH489028-2358.pdf'
2026-07-22 10:41:56,089 [INFO]   [VZI-6_R1] Estrazione pag.56...
2026-07-22 10:41:56,090 [INFO]   🔍 Ricerca locale per: https://gruppofsitaliane.sharepoint.com/:f:/r/sites/IngegneriaETReMezziLeggeri-T...
2026-07-22 10:41:56,091 [INFO]   📁 File trovato (percorso esatto): C:\Users\2954534.UTENTI\OneDrive - Gruppo Ferrovie Dello Stato\Documenti - Ingegneria ETR - Trenitalia\DB_ETR1000\DOC_FLOTTE\VZI-6_R1\CONFIG\FRS\FA020022045.pdf
2026-07-22 10:41:56,152 [INFO]   🎯 Indice funzione: '3.4.2' (score=4, func_id='LV_Line_Circuit_Breaker_Opening')
2026-07-22 10:41:56,153 [INFO]   📑 Strategia A — indice funzione: '3.4.2' su pag.56
2026-07-22 10:41:56,153 [INFO]   ✂ Pagina iniziale parziale: testo prima di '3.4.2' escluso (offset=955)
2026-07-22 10:41:56,212 [INFO]   ✂ Testo troncato: indice estraneo '3.4.3 Isolate High Voltage' trovato a offset 158 — pagina parziale
2026-07-22 10:41:56,213 [INFO]   ✅✂ Pag.61: testo precedente a '3.4.3' incluso — poi STOP
2026-07-22 10:41:56,218 [INFO]   📖 Estratte pagine 56–61 (parziale inizio, parziale fine) da 'FA020022045.pdf'
2026-07-22 10:41:56,219 [INFO]   Testi: 4/4
2026-07-22 10:41:56,228 [INFO]   [parse] [VZI_Base] ✅ Parsing regex OK — campi valorizzati: 4/16
2026-07-22 10:41:56,237 [INFO]   [parse] [VZ_FR] ✅ Parsing regex OK — campi valorizzati: 4/16
2026-07-22 10:41:56,244 [INFO]   [parse] [VZ_ES] ✅ Parsing regex OK — campi valorizzati: 4/16
2026-07-22 10:41:56,251 [INFO]   [parse] [VZI-6_R1] ✅ Parsing regex OK — campi valorizzati: 4/16
2026-07-22 10:41:56,252 [INFO]   [det] VZI_Base vs VZ_FR: ⚡ 1 diff. funzionali oggettive
2026-07-22 10:41:56,252 [INFO]   [det] VZI_Base vs VZ_ES: ✅ Nessuna diff. funzionale oggettiva
2026-07-22 10:41:56,253 [INFO]   [det] VZI_Base vs VZI-6_R1: ⚡ 2 diff. funzionali oggettive
2026-07-22 10:41:56,253 [INFO]   [det] VZ_FR vs VZ_ES: ⚡ 1 diff. funzionali oggettive
2026-07-22 10:41:56,254 [INFO]   [det] VZ_FR vs VZI-6_R1: ⚡ 1 diff. funzionali oggettive
2026-07-22 10:41:56,254 [INFO]   [det] VZ_ES vs VZI-6_R1: ⚡ 1 diff. funzionali oggettive
2026-07-22 10:41:56,254 [INFO]   ⚡ Diff. oggettive: 6 voci
2026-07-22 10:41:56,255 [INFO]   Chiamata Ollama (unica per questo gruppo, 4 config in parallelo nel prompt)...
2026-07-22 10:41:56,255 [INFO]   Ollama: analisi gruppo LV_Line_Circuit_Breaker_Opening (4 config)...
2026-07-22 10:47:05,345 [INFO] HTTP Request: POST http://127.0.0.1:11434/api/chat "HTTP/1.1 200 OK"
2026-07-22 10:47:05,346 [INFO]   ✅ Cache — score=85, equivalenti=True
2026-07-22 10:47:05,346 [INFO] ───────────────────────────────────────────────────────
2026-07-22 10:47:05,347 [INFO]   CONFIG      : VZI_Base
2026-07-22 10:47:05,347 [INFO]   SCORE       : 85/100
2026-07-22 10:47:05,347 [INFO]   DECISIONE   : 🟢 EQUIVALENTE
2026-07-22 10:47:05,348 [INFO]   MOTIVAZIONE : LLM: nessuna differenza funzionale rilevante. Score: 85.
2026-07-22 10:47:05,348 [INFO]   CHECKLIST   :
2026-07-22 10:47:05,349 [INFO]     Scopo funzionale              : IDENTICAL
2026-07-22 10:47:05,349 [INFO]     Logica operativa              : IDENTICAL
2026-07-22 10:47:05,349 [INFO]     Prestazioni                   : IDENTICAL
2026-07-22 10:47:05,349 [INFO]     Comportamento in guasto       : IDENTICAL
2026-07-22 10:47:05,349 [INFO]     Diagnostica                   : IDENTICAL
2026-07-22 10:47:05,350 [INFO]     Sicurezza                     : IDENTICAL
2026-07-22 10:47:05,350 [INFO]   DIFF PARAMETRICHE:
2026-07-22 10:47:05,350 [INFO]     • [thresholds/parametri numerici] Solo in VZ_FR: 100ms, 10v, 64ms
2026-07-22 10:47:05,351 [INFO]     • [thresholds/parametri numerici] Solo in VZI_Base: 0.85kv, 1.5kv, 1.8kv, 3kv
2026-07-22 10:47:05,351 [INFO]     • [thresholds/parametri numerici] Solo in VZI-6_R1: 100ms
2026-07-22 10:47:05,351 [INFO] ───────────────────────────────────────────────────────
2026-07-22 10:47:05,352 [INFO]   [VZI_Base] 🟢 VERDE | Score: 85
2026-07-22 10:47:06,354 [INFO]   [VZ_FR] Da cache (score=85)
2026-07-22 10:47:06,354 [INFO] ───────────────────────────────────────────────────────
2026-07-22 10:47:06,354 [INFO]   CONFIG      : VZ_FR
2026-07-22 10:47:06,354 [INFO]   SCORE       : 85/100
2026-07-22 10:47:06,354 [INFO]   DECISIONE   : 🟢 EQUIVALENTE
2026-07-22 10:47:06,355 [INFO]   MOTIVAZIONE : LLM: nessuna differenza funzionale rilevante. Score: 85.
2026-07-22 10:47:06,355 [INFO]   CHECKLIST   :
2026-07-22 10:47:06,355 [INFO]     Scopo funzionale              : IDENTICAL
2026-07-22 10:47:06,355 [INFO]     Logica operativa              : IDENTICAL
2026-07-22 10:47:06,355 [INFO]     Prestazioni                   : IDENTICAL
2026-07-22 10:47:06,356 [INFO]     Comportamento in guasto       : IDENTICAL
2026-07-22 10:47:06,356 [INFO]     Diagnostica                   : IDENTICAL
2026-07-22 10:47:06,356 [INFO]     Sicurezza                     : IDENTICAL
2026-07-22 10:47:06,356 [INFO]   DIFF PARAMETRICHE:
2026-07-22 10:47:06,356 [INFO]     • [thresholds/parametri numerici] Solo in VZ_FR: 100ms, 10v, 64ms
2026-07-22 10:47:06,356 [INFO]     • [thresholds/parametri numerici] Solo in VZI_Base: 0.85kv, 1.5kv, 1.8kv, 3kv
2026-07-22 10:47:06,357 [INFO]     • [thresholds/parametri numerici] Solo in VZI-6_R1: 100ms
2026-07-22 10:47:06,357 [INFO] ───────────────────────────────────────────────────────
2026-07-22 10:47:06,357 [INFO]   [VZ_FR] 🟢 VERDE | Score: 85
2026-07-22 10:47:06,357 [INFO]   [VZ_ES] Da cache (score=85)
2026-07-22 10:47:06,358 [INFO] ───────────────────────────────────────────────────────
2026-07-22 10:47:06,358 [INFO]   CONFIG      : VZ_ES
2026-07-22 10:47:06,358 [INFO]   SCORE       : 85/100
2026-07-22 10:47:06,359 [INFO]   DECISIONE   : 🟢 EQUIVALENTE
2026-07-22 10:47:06,359 [INFO]   MOTIVAZIONE : LLM: nessuna differenza funzionale rilevante. Score: 85.
2026-07-22 10:47:06,359 [INFO]   CHECKLIST   :
2026-07-22 10:47:06,359 [INFO]     Scopo funzionale              : IDENTICAL
2026-07-22 10:47:06,361 [INFO]     Logica operativa              : IDENTICAL
2026-07-22 10:47:06,362 [INFO]     Prestazioni                   : IDENTICAL
2026-07-22 10:47:06,362 [INFO]     Comportamento in guasto       : IDENTICAL
2026-07-22 10:47:06,362 [INFO]     Diagnostica                   : IDENTICAL
2026-07-22 10:47:06,362 [INFO]     Sicurezza                     : IDENTICAL
2026-07-22 10:47:06,362 [INFO]   DIFF PARAMETRICHE:
2026-07-22 10:47:06,362 [INFO]     • [thresholds/parametri numerici] Solo in VZ_FR: 100ms, 10v, 64ms
2026-07-22 10:47:06,363 [INFO]     • [thresholds/parametri numerici] Solo in VZI_Base: 0.85kv, 1.5kv, 1.8kv, 3kv
2026-07-22 10:47:06,363 [INFO]     • [thresholds/parametri numerici] Solo in VZI-6_R1: 100ms
2026-07-22 10:47:06,363 [INFO] ───────────────────────────────────────────────────────
2026-07-22 10:47:06,364 [INFO]   [VZ_ES] 🟢 VERDE | Score: 85
2026-07-22 10:47:06,364 [INFO]   [VZI-6_R1] Da cache (score=85)
2026-07-22 10:47:06,364 [INFO] ───────────────────────────────────────────────────────
2026-07-22 10:47:06,365 [INFO]   CONFIG      : VZI-6_R1
2026-07-22 10:47:06,365 [INFO]   SCORE       : 85/100
2026-07-22 10:47:06,365 [INFO]   DECISIONE   : 🟢 EQUIVALENTE
2026-07-22 10:47:06,365 [INFO]   MOTIVAZIONE : LLM: nessuna differenza funzionale rilevante. Score: 85.
2026-07-22 10:47:06,365 [INFO]   CHECKLIST   :
2026-07-22 10:47:06,366 [INFO]     Scopo funzionale              : IDENTICAL
2026-07-22 10:47:06,367 [INFO]     Logica operativa              : IDENTICAL
2026-07-22 10:47:06,367 [INFO]     Prestazioni                   : IDENTICAL
2026-07-22 10:47:06,367 [INFO]     Comportamento in guasto       : IDENTICAL
2026-07-22 10:47:06,367 [INFO]     Diagnostica                   : IDENTICAL
2026-07-22 10:47:06,367 [INFO]     Sicurezza                     : IDENTICAL
2026-07-22 10:47:06,367 [INFO]   DIFF PARAMETRICHE:
2026-07-22 10:47:06,367 [INFO]     • [thresholds/parametri numerici] Solo in VZ_FR: 100ms, 10v, 64ms
2026-07-22 10:47:06,367 [INFO]     • [thresholds/parametri numerici] Solo in VZI_Base: 0.85kv, 1.5kv, 1.8kv, 3kv
2026-07-22 10:47:06,367 [INFO]     • [thresholds/parametri numerici] Solo in VZI-6_R1: 100ms
2026-07-22 10:47:06,367 [INFO] ───────────────────────────────────────────────────────
2026-07-22 10:47:06,368 [INFO]   [VZI-6_R1] 🟢 VERDE | Score: 85
2026-07-22 10:47:06,368 [INFO] 
═══════════════════════════════════════════════════════
  LV_Isolate_High_Voltage / FRS_Line Voltage (4 config)
═══════════════════════════════════════════════════════
2026-07-22 10:47:06,368 [INFO]   [VZI_Base] Estrazione pag.45...
2026-07-22 10:47:06,369 [INFO]   🔍 Ricerca locale per: https://gruppofsitaliane.sharepoint.com/:f:/r/sites/IngegneriaETReMezziLeggeri-T...
2026-07-22 10:47:06,370 [INFO]   📁 File trovato (percorso esatto): C:\Users\2954534.UTENTI\OneDrive - Gruppo Ferrovie Dello Stato\Documenti - Ingegneria ETR - Trenitalia\DB_ETR1000\DOC_FLOTTE\VZI_Base\CONFIG\FRS\3EST000225-7907.pdf
2026-07-22 10:47:06,401 [INFO]   🎯 Indice funzione: '3.4.3' (score=3, func_id='LV_Isolate_High_Voltage')
2026-07-22 10:47:06,401 [INFO]   📑 Strategia A — indice funzione: '3.4.3' su pag.45
2026-07-22 10:47:06,402 [INFO]   ✂ Pagina iniziale parziale: testo prima di '3.4.3' escluso (offset=1832)
2026-07-22 10:47:06,420 [INFO]   ✂ Testo troncato: indice estraneo '3.5 Key interlocking' trovato a offset 508 — pagina parziale
2026-07-22 10:47:06,421 [INFO]   ✅✂ Pag.48: testo precedente a '3.5' incluso — poi STOP
2026-07-22 10:47:06,421 [INFO]   📖 Estratte pagine 45–48 (parziale inizio, parziale fine) da '3EST000225-7907.pdf'
2026-07-22 10:47:06,421 [INFO]   [VZ_FR] Estrazione pag.52...
2026-07-22 10:47:06,422 [INFO]   🔍 Ricerca locale per: https://gruppofsitaliane.sharepoint.com/:f:/r/sites/IngegneriaETReMezziLeggeri-T...
2026-07-22 10:47:06,423 [INFO]   📁 File trovato (percorso esatto): C:\Users\2954534.UTENTI\OneDrive - Gruppo Ferrovie Dello Stato\Documenti - Ingegneria ETR - Trenitalia\DB_ETR1000\DOC_FLOTTE\VZ_FR\CONFIG\FRS\3ECP413571-0401.pdf
2026-07-22 10:47:06,457 [INFO]   🎯 Indice funzione: '3.4.3' (score=3, func_id='LV_Isolate_High_Voltage')
2026-07-22 10:47:06,457 [INFO]   📑 Strategia A — indice funzione: '3.4.3' su pag.52
2026-07-22 10:47:06,458 [INFO]   ✂ Pagina iniziale parziale: testo prima di '3.4.3' escluso (offset=508)
2026-07-22 10:47:06,467 [INFO]   ✂ Testo troncato: indice estraneo '3.5 Energy Meter' trovato a offset 3018 — pagina parziale
2026-07-22 10:47:06,467 [INFO]   ✅✂ Pag.54: testo precedente a '3.5' incluso — poi STOP
2026-07-22 10:47:06,468 [INFO]   📖 Estratte pagine 52–54 (parziale inizio, parziale fine) da '3ECP413571-0401.pdf'
2026-07-22 10:47:06,468 [INFO]   [VZ_ES] Estrazione pag.47...
2026-07-22 10:47:06,468 [INFO]   🔍 Ricerca locale per: https://gruppofsitaliane.sharepoint.com/:f:/r/sites/IngegneriaETReMezziLeggeri-T...
2026-07-22 10:47:06,470 [INFO]   📁 File trovato (percorso esatto): C:\Users\2954534.UTENTI\OneDrive - Gruppo Ferrovie Dello Stato\Documenti - Ingegneria ETR - Trenitalia\DB_ETR1000\DOC_FLOTTE\VZ_ES\CONFIG\FRS\3EGH489028-2358.pdf
2026-07-22 10:47:06,527 [INFO]   🎯 Indice funzione: '3.4.3' (score=3, func_id='LV_Isolate_High_Voltage')
2026-07-22 10:47:06,527 [INFO]   📑 Strategia A — indice funzione: '3.4.3' su pag.47
2026-07-22 10:47:06,528 [INFO]   ✂ Pagina iniziale parziale: testo prima di '3.4.3' escluso (offset=529)
2026-07-22 10:47:06,538 [INFO]   ✂ Testo troncato: indice estraneo '3.5 Energy Meter' trovato a offset 1805 — pagina parziale
2026-07-22 10:47:06,538 [INFO]   ✅✂ Pag.49: testo precedente a '3.5' incluso — poi STOP
2026-07-22 10:47:06,540 [INFO]   📖 Estratte pagine 47–49 (parziale inizio, parziale fine) da '3EGH489028-2358.pdf'
2026-07-22 10:47:06,540 [INFO]   [VZI-6_R1] Estrazione pag.61...
2026-07-22 10:47:06,540 [INFO]   🔍 Ricerca locale per: https://gruppofsitaliane.sharepoint.com/:f:/r/sites/IngegneriaETReMezziLeggeri-T...
2026-07-22 10:47:06,541 [INFO]   📁 File trovato (percorso esatto): C:\Users\2954534.UTENTI\OneDrive - Gruppo Ferrovie Dello Stato\Documenti - Ingegneria ETR - Trenitalia\DB_ETR1000\DOC_FLOTTE\VZI-6_R1\CONFIG\FRS\FA020022045.pdf
2026-07-22 10:47:06,638 [INFO]   🎯 Indice funzione: '3.4.3' (score=3, func_id='LV_Isolate_High_Voltage')
2026-07-22 10:47:06,638 [INFO]   📑 Strategia A — indice funzione: '3.4.3' su pag.61
2026-07-22 10:47:06,638 [INFO]   ✂ Pagina iniziale parziale: testo prima di '3.4.3' escluso (offset=158)
2026-07-22 10:47:06,672 [INFO]   ✂ Testo troncato: indice estraneo '3.6 Main Transformer cooling and temperature supervision' trovato a offset 158 — pagina parziale
2026-07-22 10:47:06,672 [INFO]   ✅✂ Pag.64: testo precedente a '3.6' incluso — poi STOP
2026-07-22 10:47:06,680 [INFO]   📖 Estratte pagine 61–64 (parziale inizio, parziale fine) da 'FA020022045.pdf'
2026-07-22 10:47:06,680 [INFO]   Testi: 4/4
2026-07-22 10:47:06,683 [INFO]   [parse] [VZI_Base] ✅ Parsing regex OK — campi valorizzati: 4/16
2026-07-22 10:47:06,686 [INFO]   [parse] [VZ_FR] ✅ Parsing regex OK — campi valorizzati: 4/16
2026-07-22 10:47:06,692 [INFO]   [parse] [VZ_ES] ✅ Parsing regex OK — campi valorizzati: 4/16
2026-07-22 10:47:06,698 [INFO]   [parse] [VZI-6_R1] ✅ Parsing regex OK — campi valorizzati: 4/16
2026-07-22 10:47:06,698 [INFO]   [det] VZI_Base vs VZ_FR: ✅ Nessuna diff. funzionale oggettiva
2026-07-22 10:47:06,699 [INFO]   [det] VZI_Base vs VZ_ES: ✅ Nessuna diff. funzionale oggettiva
2026-07-22 10:47:06,699 [INFO]   [det] VZI_Base vs VZI-6_R1: ✅ Nessuna diff. funzionale oggettiva
2026-07-22 10:47:06,700 [INFO]   [det] VZ_FR vs VZ_ES: ✅ Nessuna diff. funzionale oggettiva
2026-07-22 10:47:06,700 [INFO]   [det] VZ_FR vs VZI-6_R1: ✅ Nessuna diff. funzionale oggettiva
2026-07-22 10:47:06,700 [INFO]   [det] VZ_ES vs VZI-6_R1: ✅ Nessuna diff. funzionale oggettiva
2026-07-22 10:47:06,700 [INFO]   ✅ Nessuna diff. oggettiva
2026-07-22 10:47:06,701 [INFO]   Chiamata Ollama (unica per questo gruppo, 4 config in parallelo nel prompt)...
2026-07-22 10:47:06,701 [INFO]   Ollama: analisi gruppo LV_Isolate_High_Voltage (4 config)...
2026-07-22 10:51:17,566 [INFO] HTTP Request: POST http://127.0.0.1:11434/api/chat "HTTP/1.1 200 OK"
2026-07-22 10:51:17,568 [WARNING]   Risposta Ollama non parsabile: Expecting ',' delimiter: line 23 column 5 (char 1327)
  Risposta: {
  "equivalenti": true,
  "score": 85,
  "checklist": {
    "functional_purpose": "IDENTICAL",
    "operational_logic": "IDENTICAL",
    "performance": "IDENTICAL",
    "failure_handling": "IDENTICAL",
    "diagnostics": "IDENTICAL",
    "safety": "IDENTICAL"
  },
  "technical_differences": [],
  "
  Fallback: INCERTO.
2026-07-22 10:51:17,568 [INFO]   ✅ Cache — score=50, equivalenti=None
2026-07-22 10:51:17,568 [INFO] ───────────────────────────────────────────────────────
2026-07-22 10:51:17,568 [INFO]   CONFIG      : VZI_Base
2026-07-22 10:51:17,569 [INFO]   SCORE       : 50/100
2026-07-22 10:51:17,569 [INFO]   DECISIONE   : ⚫ NON CLASSIFICABILE
2026-07-22 10:51:17,569 [INFO]   MOTIVAZIONE : Score basso (50) ma differenze parametriche insufficienti — revisione manuale.
2026-07-22 10:51:17,569 [INFO]   CHECKLIST   :
2026-07-22 10:51:17,570 [INFO] ───────────────────────────────────────────────────────
2026-07-22 10:51:17,571 [INFO]   [VZI_Base] ⚫ NERO (incerto) | Score: 50
2026-07-22 10:51:18,572 [INFO]   [VZ_FR] Da cache (score=50)
2026-07-22 10:51:18,572 [INFO] ───────────────────────────────────────────────────────
2026-07-22 10:51:18,573 [INFO]   CONFIG      : VZ_FR
2026-07-22 10:51:18,574 [INFO]   SCORE       : 50/100
2026-07-22 10:51:18,574 [INFO]   DECISIONE   : ⚫ NON CLASSIFICABILE
2026-07-22 10:51:18,575 [INFO]   MOTIVAZIONE : Score basso (50) ma differenze parametriche insufficienti — revisione manuale.
2026-07-22 10:51:18,575 [INFO]   CHECKLIST   :
2026-07-22 10:51:18,576 [INFO] ───────────────────────────────────────────────────────
2026-07-22 10:51:18,577 [INFO]   [VZ_FR] ⚫ NERO (incerto) | Score: 50
2026-07-22 10:51:18,577 [INFO]   [VZ_ES] Da cache (score=50)
2026-07-22 10:51:18,578 [INFO] ───────────────────────────────────────────────────────
2026-07-22 10:51:18,578 [INFO]   CONFIG      : VZ_ES
2026-07-22 10:51:18,579 [INFO]   SCORE       : 50/100
2026-07-22 10:51:18,579 [INFO]   DECISIONE   : ⚫ NON CLASSIFICABILE
2026-07-22 10:51:18,580 [INFO]   MOTIVAZIONE : Score basso (50) ma differenze parametriche insufficienti — revisione manuale.
2026-07-22 10:51:18,580 [INFO]   CHECKLIST   :
2026-07-22 10:51:18,581 [INFO] ───────────────────────────────────────────────────────
2026-07-22 10:51:18,582 [INFO]   [VZ_ES] ⚫ NERO (incerto) | Score: 50
2026-07-22 10:51:18,583 [INFO]   [VZI-6_R1] Da cache (score=50)
2026-07-22 10:51:18,583 [INFO] ───────────────────────────────────────────────────────
2026-07-22 10:51:18,584 [INFO]   CONFIG      : VZI-6_R1
2026-07-22 10:51:18,585 [INFO]   SCORE       : 50/100
2026-07-22 10:51:18,585 [INFO]   DECISIONE   : ⚫ NON CLASSIFICABILE
2026-07-22 10:51:18,586 [INFO]   MOTIVAZIONE : Score basso (50) ma differenze parametriche insufficienti — revisione manuale.
2026-07-22 10:51:18,587 [INFO]   CHECKLIST   :
2026-07-22 10:51:18,587 [INFO] ───────────────────────────────────────────────────────
2026-07-22 10:51:18,589 [INFO]   [VZI-6_R1] ⚫ NERO (incerto) | Score: 50
2026-07-22 10:51:18,589 [INFO] 
═══════════════════════════════════════════════════════
  LV_Main_Transformer_cooling_control / FRS_Line Voltage (1 config)
═══════════════════════════════════════════════════════
2026-07-22 10:51:18,591 [INFO]   [VZI-6_R1] Estrazione pag.65...
2026-07-22 10:51:18,591 [INFO]   🔍 Ricerca locale per: https://gruppofsitaliane.sharepoint.com/:f:/r/sites/IngegneriaETReMezziLeggeri-T...
2026-07-22 10:51:18,593 [INFO]   📁 File trovato (percorso esatto): C:\Users\2954534.UTENTI\OneDrive - Gruppo Ferrovie Dello Stato\Documenti - Ingegneria ETR - Trenitalia\DB_ETR1000\DOC_FLOTTE\VZI-6_R1\CONFIG\FRS\FA020022045.pdf
2026-07-22 10:51:18,644 [INFO]   🎯 Indice funzione: '3.6.1' (score=4, func_id='LV_Main_Transformer_cooling_control')
2026-07-22 10:51:18,644 [INFO]   📑 Strategia A — indice funzione: '3.6.1' su pag.65
2026-07-22 10:51:18,645 [INFO]   ✂ Pagina iniziale parziale: testo prima di '3.6.1' escluso (offset=158)
2026-07-22 10:51:18,680 [INFO]   ✂ Testo troncato: indice estraneo '3.6.2 Main Transformer Supervision' trovato a offset 158 — pagina parziale
2026-07-22 10:51:18,680 [INFO]   ✅✂ Pag.68: testo precedente a '3.6.2' incluso — poi STOP
2026-07-22 10:51:18,685 [INFO]   📖 Estratte pagine 65–68 (parziale inizio, parziale fine) da 'FA020022045.pdf'
2026-07-22 10:51:18,686 [INFO]   Testi: 1/1
2026-07-22 10:51:18,686 [INFO]   [VZI-6_R1] Unica configurazione — sintesi semplice
2026-07-22 10:51:18,687 [INFO]   [VZI-6_R1] ⚫ NERO | Score: None
2026-07-22 10:51:19,688 [INFO] 
═══════════════════════════════════════════════════════
  LV_Main_Transformer_Supervision / FRS_Line Voltage (1 config)
═══════════════════════════════════════════════════════
2026-07-22 10:51:19,689 [INFO]   [VZI-6_R1] Estrazione pag.68...
2026-07-22 10:51:19,689 [INFO]   🔍 Ricerca locale per: https://gruppofsitaliane.sharepoint.com/:f:/r/sites/IngegneriaETReMezziLeggeri-T...
2026-07-22 10:51:19,690 [INFO]   📁 File trovato (percorso esatto): C:\Users\2954534.UTENTI\OneDrive - Gruppo Ferrovie Dello Stato\Documenti - Ingegneria ETR - Trenitalia\DB_ETR1000\DOC_FLOTTE\VZI-6_R1\CONFIG\FRS\FA020022045.pdf
2026-07-22 10:51:19,797 [INFO]   🎯 Indice funzione: '3.6.2' (score=3, func_id='LV_Main_Transformer_Supervision')
2026-07-22 10:51:19,798 [INFO]   📑 Strategia A — indice funzione: '3.6.2' su pag.68
2026-07-22 10:51:19,799 [INFO]   ✂ Pagina iniziale parziale: testo prima di '3.6.2' escluso (offset=158)
2026-07-22 10:51:19,830 [INFO]   ✂ Testo troncato: indice estraneo '3.7 Energy Meter' trovato a offset 534 — pagina parziale
2026-07-22 10:51:19,830 [INFO]   ✅✂ Pag.71: testo precedente a '3.7' incluso — poi STOP
2026-07-22 10:51:19,835 [INFO]   📖 Estratte pagine 68–71 (parziale inizio, parziale fine) da 'FA020022045.pdf'
2026-07-22 10:51:19,836 [INFO]   Testi: 1/1
2026-07-22 10:51:19,836 [INFO]   [VZI-6_R1] Unica configurazione — sintesi semplice
2026-07-22 10:51:19,837 [INFO]   [VZI-6_R1] ⚫ NERO | Score: None
2026-07-22 10:51:20,839 [INFO] 
═══════════════════════════════════════════════════════
  LV_Energy_Meter / FRS_Line Voltage (3 config)
═══════════════════════════════════════════════════════
2026-07-22 10:51:20,841 [INFO]   [VZ_FR] Estrazione pag.54...
2026-07-22 10:51:20,841 [INFO]   🔍 Ricerca locale per: https://gruppofsitaliane.sharepoint.com/:f:/r/sites/IngegneriaETReMezziLeggeri-T...
2026-07-22 10:51:20,843 [INFO]   📁 File trovato (percorso esatto): C:\Users\2954534.UTENTI\OneDrive - Gruppo Ferrovie Dello Stato\Documenti - Ingegneria ETR - Trenitalia\DB_ETR1000\DOC_FLOTTE\VZ_FR\CONFIG\FRS\3ECP413571-0401.pdf
2026-07-22 10:51:20,865 [INFO]   🎯 Indice funzione: '3.5' (score=2, func_id='LV_Energy_Meter')
2026-07-22 10:51:20,865 [INFO]   📑 Strategia A — indice funzione: '3.5' su pag.54
2026-07-22 10:51:20,866 [INFO]   ✂ Pagina iniziale parziale: testo prima di '3.5' escluso (offset=3018)
2026-07-22 10:51:20,872 [INFO]   ✂ Testo troncato: indice estraneo '3.6 Key interlocking' trovato a offset 508 — pagina parziale
2026-07-22 10:51:20,872 [INFO]   ✅✂ Pag.55: testo precedente a '3.6' incluso — poi STOP
2026-07-22 10:51:20,873 [INFO]   📖 Estratte pagine 54–55 (parziale inizio, parziale fine) da '3ECP413571-0401.pdf'
2026-07-22 10:51:20,874 [INFO]   [VZ_ES] Estrazione pag.49...
2026-07-22 10:51:20,875 [INFO]   🔍 Ricerca locale per: https://gruppofsitaliane.sharepoint.com/:f:/r/sites/IngegneriaETReMezziLeggeri-T...
2026-07-22 10:51:20,875 [INFO]   📁 File trovato (percorso esatto): C:\Users\2954534.UTENTI\OneDrive - Gruppo Ferrovie Dello Stato\Documenti - Ingegneria ETR - Trenitalia\DB_ETR1000\DOC_FLOTTE\VZ_ES\CONFIG\FRS\3EGH489028-2358.pdf
2026-07-22 10:51:20,903 [INFO]   🎯 Indice funzione: '3.5' (score=2, func_id='LV_Energy_Meter')
2026-07-22 10:51:20,903 [INFO]   📑 Strategia A — indice funzione: '3.5' su pag.49
2026-07-22 10:51:20,903 [INFO]   ✂ Pagina iniziale parziale: testo prima di '3.5' escluso (offset=1805)
2026-07-22 10:51:20,916 [INFO]   ✂ Testo troncato: indice estraneo '3.6 Key interlocking' trovato a offset 1247 — pagina parziale
2026-07-22 10:51:20,916 [INFO]   ✅✂ Pag.51: testo precedente a '3.6' incluso — poi STOP
2026-07-22 10:51:20,917 [INFO]   📖 Estratte pagine 49–51 (parziale inizio, parziale fine) da '3EGH489028-2358.pdf'
2026-07-22 10:51:20,917 [INFO]   [VZI-6_R1] Estrazione pag.71...
2026-07-22 10:51:20,918 [INFO]   🔍 Ricerca locale per: https://gruppofsitaliane.sharepoint.com/:f:/r/sites/IngegneriaETReMezziLeggeri-T...
2026-07-22 10:51:20,918 [INFO]   📁 File trovato (percorso esatto): C:\Users\2954534.UTENTI\OneDrive - Gruppo Ferrovie Dello Stato\Documenti - Ingegneria ETR - Trenitalia\DB_ETR1000\DOC_FLOTTE\VZI-6_R1\CONFIG\FRS\FA020022045.pdf
2026-07-22 10:51:20,955 [INFO]   🎯 Indice funzione: '3.7' (score=2, func_id='LV_Energy_Meter')
2026-07-22 10:51:20,955 [INFO]   📑 Strategia A — indice funzione: '3.7' su pag.71
2026-07-22 10:51:20,956 [INFO]   ✂ Pagina iniziale parziale: testo prima di '3.7' escluso (offset=534)
2026-07-22 10:51:20,976 [INFO]   ✂ Testo troncato: indice estraneo '3.8 Key interlocking' trovato a offset 363 — pagina parziale
2026-07-22 10:51:20,977 [INFO]   ✅✂ Pag.73: testo precedente a '3.8' incluso — poi STOP
2026-07-22 10:51:20,983 [INFO]   📖 Estratte pagine 71–73 (parziale inizio, parziale fine) da 'FA020022045.pdf'
2026-07-22 10:51:20,983 [INFO]   Testi: 3/3
2026-07-22 10:51:20,984 [INFO]   [parse] [VZ_FR] ✅ Parsing regex OK — campi valorizzati: 2/16
2026-07-22 10:51:20,986 [INFO]   [parse] [VZ_ES] ✅ Parsing regex OK — campi valorizzati: 3/16
2026-07-22 10:51:20,988 [INFO]   [parse] [VZI-6_R1] ✅ Parsing regex OK — campi valorizzati: 3/16
2026-07-22 10:51:20,988 [INFO]   [det] VZ_FR vs VZ_ES: ⚡ 1 diff. funzionali oggettive
2026-07-22 10:51:20,989 [INFO]   [det] VZ_FR vs VZI-6_R1: ⚡ 1 diff. funzionali oggettive
2026-07-22 10:51:20,989 [INFO]   [det] VZ_ES vs VZI-6_R1: ✅ Nessuna diff. funzionale oggettiva
2026-07-22 10:51:20,989 [INFO]   ⚡ Diff. oggettive: 2 voci
2026-07-22 10:51:20,990 [INFO]   Chiamata Ollama (unica per questo gruppo, 3 config in parallelo nel prompt)...
2026-07-22 10:51:20,990 [INFO]   Ollama: analisi gruppo LV_Energy_Meter (3 config)...
2026-07-22 10:56:17,927 [INFO] HTTP Request: POST http://127.0.0.1:11434/api/chat "HTTP/1.1 200 OK"
2026-07-22 10:56:17,937 [INFO]   ✅ Cache — score=85, equivalenti=True
2026-07-22 10:56:17,938 [INFO] ───────────────────────────────────────────────────────
2026-07-22 10:56:17,939 [INFO]   CONFIG      : VZ_FR
2026-07-22 10:56:17,941 [INFO]   SCORE       : 85/100
2026-07-22 10:56:17,942 [INFO]   DECISIONE   : 🟢 EQUIVALENTE
2026-07-22 10:56:17,945 [INFO]   MOTIVAZIONE : LLM: nessuna differenza funzionale rilevante. Score: 85.
2026-07-22 10:56:17,949 [INFO]   CHECKLIST   :
2026-07-22 10:56:17,952 [INFO]     Scopo funzionale              : IDENTICAL
2026-07-22 10:56:17,953 [INFO]     Logica operativa              : IDENTICAL
2026-07-22 10:56:17,954 [INFO]     Prestazioni                   : IDENTICAL
2026-07-22 10:56:17,955 [INFO]     Comportamento in guasto       : IDENTICAL
2026-07-22 10:56:17,955 [INFO]     Diagnostica                   : IDENTICAL
2026-07-22 10:56:17,955 [INFO]     Sicurezza                     : IDENTICAL
2026-07-22 10:56:17,956 [INFO]   DIFF PARAMETRICHE:
2026-07-22 10:56:17,956 [INFO]     • [states/stati operativi] Solo in VZ_ES: ACTIVE, FAILURE
2026-07-22 10:56:17,957 [INFO]     • [states/stati operativi] Solo in VZI-6_R1: ACTIVE, FAILURE
2026-07-22 10:56:17,957 [INFO] ───────────────────────────────────────────────────────
2026-07-22 10:56:17,961 [INFO]   [VZ_FR] 🟢 VERDE | Score: 85
2026-07-22 10:56:18,964 [INFO]   [VZ_ES] Da cache (score=85)
2026-07-22 10:56:18,964 [INFO] ───────────────────────────────────────────────────────
2026-07-22 10:56:18,964 [INFO]   CONFIG      : VZ_ES
2026-07-22 10:56:18,964 [INFO]   SCORE       : 85/100
2026-07-22 10:56:18,964 [INFO]   DECISIONE   : 🟢 EQUIVALENTE
2026-07-22 10:56:18,965 [INFO]   MOTIVAZIONE : LLM: nessuna differenza funzionale rilevante. Score: 85.
2026-07-22 10:56:18,965 [INFO]   CHECKLIST   :
2026-07-22 10:56:18,965 [INFO]     Scopo funzionale              : IDENTICAL
2026-07-22 10:56:18,965 [INFO]     Logica operativa              : IDENTICAL
2026-07-22 10:56:18,965 [INFO]     Prestazioni                   : IDENTICAL
2026-07-22 10:56:18,965 [INFO]     Comportamento in guasto       : IDENTICAL
2026-07-22 10:56:18,966 [INFO]     Diagnostica                   : IDENTICAL
2026-07-22 10:56:18,966 [INFO]     Sicurezza                     : IDENTICAL
2026-07-22 10:56:18,966 [INFO]   DIFF PARAMETRICHE:
2026-07-22 10:56:18,966 [INFO]     • [states/stati operativi] Solo in VZ_ES: ACTIVE, FAILURE
2026-07-22 10:56:18,966 [INFO]     • [states/stati operativi] Solo in VZI-6_R1: ACTIVE, FAILURE
2026-07-22 10:56:18,966 [INFO] ───────────────────────────────────────────────────────
2026-07-22 10:56:18,967 [INFO]   [VZ_ES] 🟢 VERDE | Score: 85
2026-07-22 10:56:18,967 [INFO]   [VZI-6_R1] Da cache (score=85)
2026-07-22 10:56:18,967 [INFO] ───────────────────────────────────────────────────────
2026-07-22 10:56:18,967 [INFO]   CONFIG      : VZI-6_R1
2026-07-22 10:56:18,967 [INFO]   SCORE       : 85/100
2026-07-22 10:56:18,968 [INFO]   DECISIONE   : 🟢 EQUIVALENTE
2026-07-22 10:56:18,968 [INFO]   MOTIVAZIONE : LLM: nessuna differenza funzionale rilevante. Score: 85.
2026-07-22 10:56:18,968 [INFO]   CHECKLIST   :
2026-07-22 10:56:18,968 [INFO]     Scopo funzionale              : IDENTICAL
2026-07-22 10:56:18,969 [INFO]     Logica operativa              : IDENTICAL
2026-07-22 10:56:18,969 [INFO]     Prestazioni                   : IDENTICAL
2026-07-22 10:56:18,969 [INFO]     Comportamento in guasto       : IDENTICAL
2026-07-22 10:56:18,969 [INFO]     Diagnostica                   : IDENTICAL
2026-07-22 10:56:18,969 [INFO]     Sicurezza                     : IDENTICAL
2026-07-22 10:56:18,969 [INFO]   DIFF PARAMETRICHE:
2026-07-22 10:56:18,969 [INFO]     • [states/stati operativi] Solo in VZ_ES: ACTIVE, FAILURE
2026-07-22 10:56:18,970 [INFO]     • [states/stati operativi] Solo in VZI-6_R1: ACTIVE, FAILURE
2026-07-22 10:56:18,970 [INFO] ───────────────────────────────────────────────────────
2026-07-22 10:56:18,970 [INFO]   [VZI-6_R1] 🟢 VERDE | Score: 85
2026-07-22 10:56:18,970 [INFO] 
═══════════════════════════════════════════════════════
  LV_Key_interlocking / FRS_Line Voltage (4 config)
═══════════════════════════════════════════════════════
2026-07-22 10:56:18,971 [INFO]   [VZI_Base] Estrazione pag.48...
2026-07-22 10:56:18,971 [INFO]   🔍 Ricerca locale per: https://gruppofsitaliane.sharepoint.com/:f:/r/sites/IngegneriaETReMezziLeggeri-T...
2026-07-22 10:56:18,972 [INFO]   📁 File trovato (percorso esatto): C:\Users\2954534.UTENTI\OneDrive - Gruppo Ferrovie Dello Stato\Documenti - Ingegneria ETR - Trenitalia\DB_ETR1000\DOC_FLOTTE\VZI_Base\CONFIG\FRS\3EST000225-7907.pdf
2026-07-22 10:56:18,986 [INFO]   🎯 Indice funzione: '3.5' (score=1, func_id='LV_Key_interlocking')
2026-07-22 10:56:18,986 [INFO]   📑 Strategia A — indice funzione: '3.5' su pag.48
2026-07-22 10:56:18,987 [INFO]   ✂ Pagina iniziale parziale: testo prima di '3.5' escluso (offset=508)
2026-07-22 10:56:18,992 [INFO]   ✅ Pag.49: '3.5.3' ⊆ '3.5' — inclusa
2026-07-22 10:56:19,007 [INFO]   ✅ Pag.52: '3.5.4' ⊆ '3.5' — inclusa
2026-07-22 10:56:19,022 [INFO]   ✂ Testo troncato: indice estraneo '3.6 HVAC pre-conditioning on DC line' trovato a offset 508 — pagina parziale
2026-07-22 10:56:19,022 [INFO]   ✅✂ Pag.55: testo precedente a '3.6' incluso — poi STOP
2026-07-22 10:56:19,023 [INFO]   📖 Estratte pagine 48–55 (parziale inizio, parziale fine) da '3EST000225-7907.pdf'
2026-07-22 10:56:19,023 [INFO]   [VZ_FR] Estrazione pag.55...
2026-07-22 10:56:19,024 [INFO]   🔍 Ricerca locale per: https://gruppofsitaliane.sharepoint.com/:f:/r/sites/IngegneriaETReMezziLeggeri-T...
2026-07-22 10:56:19,024 [INFO]   📁 File trovato (percorso esatto): C:\Users\2954534.UTENTI\OneDrive - Gruppo Ferrovie Dello Stato\Documenti - Ingegneria ETR - Trenitalia\DB_ETR1000\DOC_FLOTTE\VZ_FR\CONFIG\FRS\3ECP413571-0401.pdf
2026-07-22 10:56:19,034 [INFO]   🎯 Indice funzione: '3.6' (score=1, func_id='LV_Key_interlocking')
2026-07-22 10:56:19,035 [INFO]   📑 Strategia A — indice funzione: '3.6' su pag.55
2026-07-22 10:56:19,035 [INFO]   ✂ Pagina iniziale parziale: testo prima di '3.6' escluso (offset=508)
2026-07-22 10:56:19,040 [INFO]   ✅ Pag.56: '3.6.3' ⊆ '3.6' — inclusa
2026-07-22 10:56:19,056 [INFO]   ✅ Pag.59: '3.6.4' ⊆ '3.6' — inclusa
2026-07-22 10:56:19,068 [INFO]   ✂ Testo troncato: indice estraneo '3.7 HVAC pre-conditioning on DC line' trovato a offset 788 — pagina parziale
2026-07-22 10:56:19,068 [INFO]   ✅✂ Pag.62: testo precedente a '3.7' incluso — poi STOP
2026-07-22 10:56:19,069 [INFO]   📖 Estratte pagine 55–62 (parziale inizio, parziale fine) da '3ECP413571-0401.pdf'
2026-07-22 10:56:19,069 [INFO]   [VZ_ES] Estrazione pag.51...
2026-07-22 10:56:19,069 [INFO]   🔍 Ricerca locale per: https://gruppofsitaliane.sharepoint.com/:f:/r/sites/IngegneriaETReMezziLeggeri-T...
2026-07-22 10:56:19,070 [INFO]   📁 File trovato (percorso esatto): C:\Users\2954534.UTENTI\OneDrive - Gruppo Ferrovie Dello Stato\Documenti - Ingegneria ETR - Trenitalia\DB_ETR1000\DOC_FLOTTE\VZ_ES\CONFIG\FRS\3EGH489028-2358.pdf
2026-07-22 10:56:19,093 [INFO]   🎯 Indice funzione: '3.6' (score=1, func_id='LV_Key_interlocking')
2026-07-22 10:56:19,094 [INFO]   📑 Strategia A — indice funzione: '3.6' su pag.51
2026-07-22 10:56:19,094 [INFO]   ✂ Pagina iniziale parziale: testo prima di '3.6' escluso (offset=1247)
2026-07-22 10:56:19,100 [INFO]   ✅ Pag.52: '3.6.3' ⊆ '3.6' — inclusa
2026-07-22 10:56:19,105 [INFO]   ✅ Pag.53: '3.6.3.1.3' ⊆ '3.6' — inclusa
2026-07-22 10:56:19,113 [INFO]   ✅ Pag.55: '3.6.4' ⊆ '3.6' — inclusa
2026-07-22 10:56:19,128 [INFO]   ✂ Testo troncato: indice estraneo '3.7 HVAC pre-conditioning on DC line' trovato a offset 529 — pagina parziale
2026-07-22 10:56:19,128 [INFO]   ✅✂ Pag.58: testo precedente a '3.7' incluso — poi STOP
2026-07-22 10:56:19,129 [INFO]   📖 Estratte pagine 51–58 (parziale inizio, parziale fine) da '3EGH489028-2358.pdf'
2026-07-22 10:56:19,130 [INFO]   [VZI-6_R1] Estrazione pag.73...
2026-07-22 10:56:19,130 [INFO]   🔍 Ricerca locale per: https://gruppofsitaliane.sharepoint.com/:f:/r/sites/IngegneriaETReMezziLeggeri-T...
2026-07-22 10:56:19,130 [INFO]   📁 File trovato (percorso esatto): C:\Users\2954534.UTENTI\OneDrive - Gruppo Ferrovie Dello Stato\Documenti - Ingegneria ETR - Trenitalia\DB_ETR1000\DOC_FLOTTE\VZI-6_R1\CONFIG\FRS\FA020022045.pdf
2026-07-22 10:56:19,173 [INFO]   🎯 Indice funzione: '3.8' (score=1, func_id='LV_Key_interlocking')
2026-07-22 10:56:19,173 [INFO]   📑 Strategia A — indice funzione: '3.8' su pag.73
2026-07-22 10:56:19,174 [INFO]   ✂ Pagina iniziale parziale: testo prima di '3.8' escluso (offset=363)
2026-07-22 10:56:19,184 [INFO]   ✅ Pag.74: '3.8.3' ⊆ '3.8' — inclusa
2026-07-22 10:56:19,217 [INFO]   ✅ Pag.77: '3.8.4' ⊆ '3.8' — inclusa
2026-07-22 10:56:19,246 [INFO]   ✂ Testo troncato: indice estraneo '3.9 HVAC pre-conditioning on DC line' trovato a offset 2140 — pagina parziale
2026-07-22 10:56:19,247 [INFO]   ✅✂ Pag.80: testo precedente a '3.9' incluso — poi STOP
2026-07-22 10:56:19,253 [INFO]   📖 Estratte pagine 73–80 (parziale inizio, parziale fine) da 'FA020022045.pdf'
2026-07-22 10:56:19,253 [INFO]   Testi: 4/4
2026-07-22 10:56:19,264 [INFO]   [parse] [VZI_Base] ✅ Parsing regex OK — campi valorizzati: 4/16
2026-07-22 10:56:19,272 [INFO]   [parse] [VZ_FR] ✅ Parsing regex OK — campi valorizzati: 4/16
2026-07-22 10:56:19,282 [INFO]   [parse] [VZ_ES] ✅ Parsing regex OK — campi valorizzati: 4/16
2026-07-22 10:56:19,289 [INFO]   [parse] [VZI-6_R1] ✅ Parsing regex OK — campi valorizzati: 4/16
2026-07-22 10:56:19,290 [INFO]   [det] VZI_Base vs VZ_FR: ✅ Nessuna diff. funzionale oggettiva
2026-07-22 10:56:19,290 [INFO]   [det] VZI_Base vs VZ_ES: ✅ Nessuna diff. funzionale oggettiva
2026-07-22 10:56:19,291 [INFO]   [det] VZI_Base vs VZI-6_R1: ✅ Nessuna diff. funzionale oggettiva
2026-07-22 10:56:19,291 [INFO]   [det] VZ_FR vs VZ_ES: ✅ Nessuna diff. funzionale oggettiva
2026-07-22 10:56:19,293 [INFO]   [det] VZ_FR vs VZI-6_R1: ✅ Nessuna diff. funzionale oggettiva
2026-07-22 10:56:19,293 [INFO]   [det] VZ_ES vs VZI-6_R1: ✅ Nessuna diff. funzionale oggettiva
2026-07-22 10:56:19,293 [INFO]   ✅ Nessuna diff. oggettiva
2026-07-22 10:56:19,293 [INFO]   Chiamata Ollama (unica per questo gruppo, 4 config in parallelo nel prompt)...
2026-07-22 10:56:19,293 [INFO]   Ollama: analisi gruppo LV_Key_interlocking (4 config)...
2026-07-22 11:00:32,022 [INFO] HTTP Request: POST http://127.0.0.1:11434/api/chat "HTTP/1.1 200 OK"
2026-07-22 11:00:32,023 [INFO]   ✅ Cache — score=85, equivalenti=True
2026-07-22 11:00:32,023 [INFO] ───────────────────────────────────────────────────────
2026-07-22 11:00:32,024 [INFO]   CONFIG      : VZI_Base
2026-07-22 11:00:32,024 [INFO]   SCORE       : 85/100
2026-07-22 11:00:32,025 [INFO]   DECISIONE   : 🟢 EQUIVALENTE
2026-07-22 11:00:32,025 [INFO]   MOTIVAZIONE : LLM: nessuna differenza funzionale rilevante. Score: 85.
2026-07-22 11:00:32,025 [INFO]   CHECKLIST   :
2026-07-22 11:00:32,025 [INFO]     Scopo funzionale              : IDENTICAL
2026-07-22 11:00:32,026 [INFO]     Logica operativa              : IDENTICAL
2026-07-22 11:00:32,026 [INFO]     Prestazioni                   : IDENTICAL
2026-07-22 11:00:32,026 [INFO]     Comportamento in guasto       : IDENTICAL
2026-07-22 11:00:32,026 [INFO]     Diagnostica                   : IDENTICAL
2026-07-22 11:00:32,027 [INFO]     Sicurezza                     : IDENTICAL
2026-07-22 11:00:32,027 [INFO] ───────────────────────────────────────────────────────
2026-07-22 11:00:32,028 [INFO]   [VZI_Base] 🟢 VERDE | Score: 85
2026-07-22 11:00:33,031 [INFO]   [VZ_FR] Da cache (score=85)
2026-07-22 11:00:33,031 [INFO] ───────────────────────────────────────────────────────
2026-07-22 11:00:33,031 [INFO]   CONFIG      : VZ_FR
2026-07-22 11:00:33,031 [INFO]   SCORE       : 85/100
2026-07-22 11:00:33,031 [INFO]   DECISIONE   : 🟢 EQUIVALENTE
2026-07-22 11:00:33,032 [INFO]   MOTIVAZIONE : LLM: nessuna differenza funzionale rilevante. Score: 85.
2026-07-22 11:00:33,032 [INFO]   CHECKLIST   :
2026-07-22 11:00:33,032 [INFO]     Scopo funzionale              : IDENTICAL
2026-07-22 11:00:33,032 [INFO]     Logica operativa              : IDENTICAL
2026-07-22 11:00:33,033 [INFO]     Prestazioni                   : IDENTICAL
2026-07-22 11:00:33,033 [INFO]     Comportamento in guasto       : IDENTICAL
2026-07-22 11:00:33,033 [INFO]     Diagnostica                   : IDENTICAL
2026-07-22 11:00:33,033 [INFO]     Sicurezza                     : IDENTICAL
2026-07-22 11:00:33,033 [INFO] ───────────────────────────────────────────────────────
2026-07-22 11:00:33,034 [INFO]   [VZ_FR] 🟢 VERDE | Score: 85
2026-07-22 11:00:33,034 [INFO]   [VZ_ES] Da cache (score=85)
2026-07-22 11:00:33,034 [INFO] ───────────────────────────────────────────────────────
2026-07-22 11:00:33,034 [INFO]   CONFIG      : VZ_ES
2026-07-22 11:00:33,035 [INFO]   SCORE       : 85/100
2026-07-22 11:00:33,035 [INFO]   DECISIONE   : 🟢 EQUIVALENTE
2026-07-22 11:00:33,035 [INFO]   MOTIVAZIONE : LLM: nessuna differenza funzionale rilevante. Score: 85.
2026-07-22 11:00:33,035 [INFO]   CHECKLIST   :
2026-07-22 11:00:33,035 [INFO]     Scopo funzionale              : IDENTICAL
2026-07-22 11:00:33,036 [INFO]     Logica operativa              : IDENTICAL
2026-07-22 11:00:33,036 [INFO]     Prestazioni                   : IDENTICAL
2026-07-22 11:00:33,036 [INFO]     Comportamento in guasto       : IDENTICAL
2026-07-22 11:00:33,036 [INFO]     Diagnostica                   : IDENTICAL
2026-07-22 11:00:33,036 [INFO]     Sicurezza                     : IDENTICAL
2026-07-22 11:00:33,036 [INFO] ───────────────────────────────────────────────────────
2026-07-22 11:00:33,037 [INFO]   [VZ_ES] 🟢 VERDE | Score: 85
2026-07-22 11:00:33,038 [INFO]   [VZI-6_R1] Da cache (score=85)
2026-07-22 11:00:33,038 [INFO] ───────────────────────────────────────────────────────
2026-07-22 11:00:33,038 [INFO]   CONFIG      : VZI-6_R1
2026-07-22 11:00:33,038 [INFO]   SCORE       : 85/100
2026-07-22 11:00:33,038 [INFO]   DECISIONE   : 🟢 EQUIVALENTE
2026-07-22 11:00:33,039 [INFO]   MOTIVAZIONE : LLM: nessuna differenza funzionale rilevante. Score: 85.
2026-07-22 11:00:33,039 [INFO]   CHECKLIST   :
2026-07-22 11:00:33,039 [INFO]     Scopo funzionale              : IDENTICAL
2026-07-22 11:00:33,039 [INFO]     Logica operativa              : IDENTICAL
2026-07-22 11:00:33,039 [INFO]     Prestazioni                   : IDENTICAL
2026-07-22 11:00:33,039 [INFO]     Comportamento in guasto       : IDENTICAL
2026-07-22 11:00:33,040 [INFO]     Diagnostica                   : IDENTICAL
2026-07-22 11:00:33,040 [INFO]     Sicurezza                     : IDENTICAL
2026-07-22 11:00:33,040 [INFO] ───────────────────────────────────────────────────────
2026-07-22 11:00:33,040 [INFO]   [VZI-6_R1] 🟢 VERDE | Score: 85
2026-07-22 11:00:33,040 [INFO] 
═══════════════════════════════════════════════════════
  LV_Function_Earthing_of_High_Voltage_Supply / FRS_Line Voltage (4 config)
═══════════════════════════════════════════════════════
2026-07-22 11:00:33,041 [INFO]   [VZI_Base] Estrazione pag.49...
2026-07-22 11:00:33,041 [INFO]   🔍 Ricerca locale per: https://gruppofsitaliane.sharepoint.com/:f:/r/sites/IngegneriaETReMezziLeggeri-T...
2026-07-22 11:00:33,042 [INFO]   📁 File trovato (percorso esatto): C:\Users\2954534.UTENTI\OneDrive - Gruppo Ferrovie Dello Stato\Documenti - Ingegneria ETR - Trenitalia\DB_ETR1000\DOC_FLOTTE\VZI_Base\CONFIG\FRS\3EST000225-7907.pdf
2026-07-22 11:00:33,061 [INFO]   🎯 Indice funzione: '3.5.3' (score=5, func_id='LV_Function_Earthing_of_High_Voltage_Supply')
2026-07-22 11:00:33,061 [INFO]   📑 Strategia A — indice funzione: '3.5.3' su pag.49
2026-07-22 11:00:33,062 [INFO]   ✂ Pagina iniziale parziale: testo prima di '3.5.3' escluso (offset=1679)
2026-07-22 11:00:33,081 [INFO]   ✂ Testo troncato: indice estraneo '3.5.4 Function Earthing of Converter boxes' trovato a offset 508 — pagina parziale
2026-07-22 11:00:33,081 [INFO]   ✅✂ Pag.52: testo precedente a '3.5.4' incluso — poi STOP
2026-07-22 11:00:33,081 [INFO]   📖 Estratte pagine 49–52 (parziale inizio, parziale fine) da '3EST000225-7907.pdf'
2026-07-22 11:00:33,082 [INFO]   [VZ_FR] Estrazione pag.56...
2026-07-22 11:00:33,082 [INFO]   🔍 Ricerca locale per: https://gruppofsitaliane.sharepoint.com/:f:/r/sites/IngegneriaETReMezziLeggeri-T...
2026-07-22 11:00:33,083 [INFO]   📁 File trovato (percorso esatto): C:\Users\2954534.UTENTI\OneDrive - Gruppo Ferrovie Dello Stato\Documenti - Ingegneria ETR - Trenitalia\DB_ETR1000\DOC_FLOTTE\VZ_FR\CONFIG\FRS\3ECP413571-0401.pdf
2026-07-22 11:00:33,111 [INFO]   🎯 Indice funzione: '3.6.3' (score=5, func_id='LV_Function_Earthing_of_High_Voltage_Supply')
2026-07-22 11:00:33,112 [INFO]   📑 Strategia A — indice funzione: '3.6.3' su pag.56
2026-07-22 11:00:33,112 [INFO]   ✂ Pagina iniziale parziale: testo prima di '3.6.3' escluso (offset=1695)
2026-07-22 11:00:33,132 [INFO]   ✂ Testo troncato: indice estraneo '3.6.4 Function Earthing of Converter boxes' trovato a offset 1133 — pagina parziale
2026-07-22 11:00:33,132 [INFO]   ✅✂ Pag.59: testo precedente a '3.6.4' incluso — poi STOP
2026-07-22 11:00:33,133 [INFO]   📖 Estratte pagine 56–59 (parziale inizio, parziale fine) da '3ECP413571-0401.pdf'
2026-07-22 11:00:33,133 [INFO]   [VZ_ES] Estrazione pag.52...
2026-07-22 11:00:33,134 [INFO]   🔍 Ricerca locale per: https://gruppofsitaliane.sharepoint.com/:f:/r/sites/IngegneriaETReMezziLeggeri-T...
2026-07-22 11:00:33,136 [INFO]   📁 File trovato (percorso esatto): C:\Users\2954534.UTENTI\OneDrive - Gruppo Ferrovie Dello Stato\Documenti - Ingegneria ETR - Trenitalia\DB_ETR1000\DOC_FLOTTE\VZ_ES\CONFIG\FRS\3EGH489028-2358.pdf
2026-07-22 11:00:33,174 [INFO]   🎯 Indice funzione: '3.6.3' (score=5, func_id='LV_Function_Earthing_of_High_Voltage_Supply')
2026-07-22 11:00:33,174 [INFO]   📑 Strategia A — indice funzione: '3.6.3' su pag.52
2026-07-22 11:00:33,174 [INFO]   ✂ Pagina iniziale parziale: testo prima di '3.6.3' escluso (offset=2991)
2026-07-22 11:00:33,179 [INFO]   ✅ Pag.53: '3.6.3.1.3' ⊆ '3.6.3' — inclusa
2026-07-22 11:00:33,196 [INFO]   ✂ Testo troncato: indice estraneo '3.6.4 Function Earthing of Converter boxes' trovato a offset 1458 — pagina parziale
2026-07-22 11:00:33,197 [INFO]   ✅✂ Pag.55: testo precedente a '3.6.4' incluso — poi STOP
2026-07-22 11:00:33,198 [INFO]   📖 Estratte pagine 52–55 (parziale inizio, parziale fine) da '3EGH489028-2358.pdf'
2026-07-22 11:00:33,198 [INFO]   [VZI-6_R1] Estrazione pag.74...
2026-07-22 11:00:33,198 [INFO]   🔍 Ricerca locale per: https://gruppofsitaliane.sharepoint.com/:f:/r/sites/IngegneriaETReMezziLeggeri-T...
2026-07-22 11:00:33,200 [INFO]   📁 File trovato (percorso esatto): C:\Users\2954534.UTENTI\OneDrive - Gruppo Ferrovie Dello Stato\Documenti - Ingegneria ETR - Trenitalia\DB_ETR1000\DOC_FLOTTE\VZI-6_R1\CONFIG\FRS\FA020022045.pdf
2026-07-22 11:00:33,274 [INFO]   🎯 Indice funzione: '3.8.3' (score=5, func_id='LV_Function_Earthing_of_High_Voltage_Supply')
2026-07-22 11:00:33,274 [INFO]   📑 Strategia A — indice funzione: '3.8.3' su pag.74
2026-07-22 11:00:33,274 [INFO]   ✂ Pagina iniziale parziale: testo prima di '3.8.3' escluso (offset=1840)
2026-07-22 11:00:33,325 [INFO]   ✂ Testo troncato: indice estraneo '3.8.4 Function Earthing of Converter boxes' trovato a offset 1009 — pagina parziale
2026-07-22 11:00:33,325 [INFO]   ✅✂ Pag.77: testo precedente a '3.8.4' incluso — poi STOP
2026-07-22 11:00:33,331 [INFO]   📖 Estratte pagine 74–77 (parziale inizio, parziale fine) da 'FA020022045.pdf'
2026-07-22 11:00:33,331 [INFO]   Testi: 4/4
2026-07-22 11:00:33,337 [INFO]   [parse] [VZI_Base] ✅ Parsing regex OK — campi valorizzati: 4/16
2026-07-22 11:00:33,341 [INFO]   [parse] [VZ_FR] ✅ Parsing regex OK — campi valorizzati: 4/16
2026-07-22 11:00:33,348 [INFO]   [parse] [VZ_ES] ✅ Parsing regex OK — campi valorizzati: 4/16
2026-07-22 11:00:33,355 [INFO]   [parse] [VZI-6_R1] ✅ Parsing regex OK — campi valorizzati: 4/16
2026-07-22 11:00:33,356 [INFO]   [det] VZI_Base vs VZ_FR: ✅ Nessuna diff. funzionale oggettiva
2026-07-22 11:00:33,359 [INFO]   [det] VZI_Base vs VZ_ES: ✅ Nessuna diff. funzionale oggettiva
2026-07-22 11:00:33,359 [INFO]   [det] VZI_Base vs VZI-6_R1: ✅ Nessuna diff. funzionale oggettiva
2026-07-22 11:00:33,360 [INFO]   [det] VZ_FR vs VZ_ES: ✅ Nessuna diff. funzionale oggettiva
2026-07-22 11:00:33,360 [INFO]   [det] VZ_FR vs VZI-6_R1: ✅ Nessuna diff. funzionale oggettiva
2026-07-22 11:00:33,360 [INFO]   [det] VZ_ES vs VZI-6_R1: ✅ Nessuna diff. funzionale oggettiva
2026-07-22 11:00:33,360 [INFO]   ✅ Nessuna diff. oggettiva
2026-07-22 11:00:33,361 [INFO]   Chiamata Ollama (unica per questo gruppo, 4 config in parallelo nel prompt)...
2026-07-22 11:00:33,361 [INFO]   Ollama: analisi gruppo LV_Function_Earthing_of_High_Voltage_Supply (4 config)...
2026-07-22 11:05:15,400 [INFO] HTTP Request: POST http://127.0.0.1:11434/api/chat "HTTP/1.1 200 OK"
2026-07-22 11:05:15,420 [INFO]   ✅ Cache — score=85, equivalenti=True
2026-07-22 11:05:15,420 [INFO] ───────────────────────────────────────────────────────
2026-07-22 11:05:15,421 [INFO]   CONFIG      : VZI_Base
2026-07-22 11:05:15,421 [INFO]   SCORE       : 85/100
2026-07-22 11:05:15,421 [INFO]   DECISIONE   : 🟢 EQUIVALENTE
2026-07-22 11:05:15,421 [INFO]   MOTIVAZIONE : LLM: nessuna differenza funzionale rilevante. Score: 85.
2026-07-22 11:05:15,422 [INFO]   CHECKLIST   :
2026-07-22 11:05:15,422 [INFO]     Scopo funzionale              : IDENTICAL
2026-07-22 11:05:15,422 [INFO]     Logica operativa              : IDENTICAL
2026-07-22 11:05:15,422 [INFO]     Prestazioni                   : IDENTICAL
2026-07-22 11:05:15,423 [INFO]     Comportamento in guasto       : IDENTICAL
2026-07-22 11:05:15,423 [INFO]     Diagnostica                   : IDENTICAL
2026-07-22 11:05:15,423 [INFO]     Sicurezza                     : IDENTICAL
2026-07-22 11:05:15,423 [INFO] ───────────────────────────────────────────────────────
2026-07-22 11:05:15,424 [INFO]   [VZI_Base] 🟢 VERDE | Score: 85
2026-07-22 11:05:16,426 [INFO]   [VZ_FR] Da cache (score=85)
2026-07-22 11:05:16,427 [INFO] ───────────────────────────────────────────────────────
2026-07-22 11:05:16,427 [INFO]   CONFIG      : VZ_FR
2026-07-22 11:05:16,428 [INFO]   SCORE       : 85/100
2026-07-22 11:05:16,429 [INFO]   DECISIONE   : 🟢 EQUIVALENTE
2026-07-22 11:05:16,430 [INFO]   MOTIVAZIONE : LLM: nessuna differenza funzionale rilevante. Score: 85.
2026-07-22 11:05:16,430 [INFO]   CHECKLIST   :
2026-07-22 11:05:16,431 [INFO]     Scopo funzionale              : IDENTICAL
2026-07-22 11:05:16,432 [INFO]     Logica operativa              : IDENTICAL
2026-07-22 11:05:16,432 [INFO]     Prestazioni                   : IDENTICAL
2026-07-22 11:05:16,433 [INFO]     Comportamento in guasto       : IDENTICAL
2026-07-22 11:05:16,433 [INFO]     Diagnostica                   : IDENTICAL
2026-07-22 11:05:16,435 [INFO]     Sicurezza                     : IDENTICAL
2026-07-22 11:05:16,436 [INFO] ───────────────────────────────────────────────────────
2026-07-22 11:05:16,437 [INFO]   [VZ_FR] 🟢 VERDE | Score: 85
2026-07-22 11:05:16,439 [INFO]   [VZ_ES] Da cache (score=85)
2026-07-22 11:05:16,439 [INFO] ───────────────────────────────────────────────────────
2026-07-22 11:05:16,440 [INFO]   CONFIG      : VZ_ES
2026-07-22 11:05:16,441 [INFO]   SCORE       : 85/100
2026-07-22 11:05:16,442 [INFO]   DECISIONE   : 🟢 EQUIVALENTE
2026-07-22 11:05:16,443 [INFO]   MOTIVAZIONE : LLM: nessuna differenza funzionale rilevante. Score: 85.
2026-07-22 11:05:16,443 [INFO]   CHECKLIST   :
2026-07-22 11:05:16,444 [INFO]     Scopo funzionale              : IDENTICAL
2026-07-22 11:05:16,444 [INFO]     Logica operativa              : IDENTICAL
2026-07-22 11:05:16,445 [INFO]     Prestazioni                   : IDENTICAL
2026-07-22 11:05:16,445 [INFO]     Comportamento in guasto       : IDENTICAL
2026-07-22 11:05:16,446 [INFO]     Diagnostica                   : IDENTICAL
2026-07-22 11:05:16,446 [INFO]     Sicurezza                     : IDENTICAL
2026-07-22 11:05:16,446 [INFO] ───────────────────────────────────────────────────────
2026-07-22 11:05:16,447 [INFO]   [VZ_ES] 🟢 VERDE | Score: 85
2026-07-22 11:05:16,448 [INFO]   [VZI-6_R1] Da cache (score=85)
2026-07-22 11:05:16,448 [INFO] ───────────────────────────────────────────────────────
2026-07-22 11:05:16,449 [INFO]   CONFIG      : VZI-6_R1
2026-07-22 11:05:16,449 [INFO]   SCORE       : 85/100
2026-07-22 11:05:16,449 [INFO]   DECISIONE   : 🟢 EQUIVALENTE
2026-07-22 11:05:16,450 [INFO]   MOTIVAZIONE : LLM: nessuna differenza funzionale rilevante. Score: 85.
2026-07-22 11:05:16,450 [INFO]   CHECKLIST   :
2026-07-22 11:05:16,450 [INFO]     Scopo funzionale              : IDENTICAL
2026-07-22 11:05:16,450 [INFO]     Logica operativa              : IDENTICAL
2026-07-22 11:05:16,451 [INFO]     Prestazioni                   : IDENTICAL
2026-07-22 11:05:16,451 [INFO]     Comportamento in guasto       : IDENTICAL
2026-07-22 11:05:16,452 [INFO]     Diagnostica                   : IDENTICAL
2026-07-22 11:05:16,452 [INFO]     Sicurezza                     : IDENTICAL
2026-07-22 11:05:16,452 [INFO] ───────────────────────────────────────────────────────
2026-07-22 11:05:16,453 [INFO]   [VZI-6_R1] 🟢 VERDE | Score: 85
2026-07-22 11:05:16,453 [INFO] 
═══════════════════════════════════════════════════════
  LV_Function_Earthing_of_Converter_boxes / FRS_Line Voltage (4 config)
═══════════════════════════════════════════════════════
2026-07-22 11:05:16,453 [INFO]   [VZI_Base] Estrazione pag.52...
2026-07-22 11:05:16,454 [INFO]   🔍 Ricerca locale per: https://gruppofsitaliane.sharepoint.com/:f:/r/sites/IngegneriaETReMezziLeggeri-T...
2026-07-22 11:05:16,456 [INFO]   📁 File trovato (percorso esatto): C:\Users\2954534.UTENTI\OneDrive - Gruppo Ferrovie Dello Stato\Documenti - Ingegneria ETR - Trenitalia\DB_ETR1000\DOC_FLOTTE\VZI_Base\CONFIG\FRS\3EST000225-7907.pdf
2026-07-22 11:05:16,470 [INFO]   🎯 Indice funzione: '3.5.4' (score=4, func_id='LV_Function_Earthing_of_Converter_boxes')
2026-07-22 11:05:16,470 [INFO]   📑 Strategia A — indice funzione: '3.5.4' su pag.52
2026-07-22 11:05:16,471 [INFO]   ✂ Pagina iniziale parziale: testo prima di '3.5.4' escluso (offset=508)
2026-07-22 11:05:16,483 [INFO]   ✂ Testo troncato: indice estraneo '3.6 HVAC pre-conditioning on DC line' trovato a offset 508 — pagina parziale
2026-07-22 11:05:16,483 [INFO]   ✅✂ Pag.55: testo precedente a '3.6' incluso — poi STOP
2026-07-22 11:05:16,484 [INFO]   📖 Estratte pagine 52–55 (parziale inizio, parziale fine) da '3EST000225-7907.pdf'
2026-07-22 11:05:16,484 [INFO]   [VZ_FR] Estrazione pag.59...
2026-07-22 11:05:16,484 [INFO]   🔍 Ricerca locale per: https://gruppofsitaliane.sharepoint.com/:f:/r/sites/IngegneriaETReMezziLeggeri-T...
2026-07-22 11:05:16,486 [INFO]   📁 File trovato (percorso esatto): C:\Users\2954534.UTENTI\OneDrive - Gruppo Ferrovie Dello Stato\Documenti - Ingegneria ETR - Trenitalia\DB_ETR1000\DOC_FLOTTE\VZ_FR\CONFIG\FRS\3ECP413571-0401.pdf
2026-07-22 11:05:16,503 [INFO]   🎯 Indice funzione: '3.6.4' (score=4, func_id='LV_Function_Earthing_of_Converter_boxes')
2026-07-22 11:05:16,503 [INFO]   📑 Strategia A — indice funzione: '3.6.4' su pag.59
2026-07-22 11:05:16,504 [INFO]   ✂ Pagina iniziale parziale: testo prima di '3.6.4' escluso (offset=1133)
2026-07-22 11:05:16,514 [INFO]   ✂ Testo troncato: indice estraneo '3.7 HVAC pre-conditioning on DC line' trovato a offset 788 — pagina parziale
2026-07-22 11:05:16,515 [INFO]   ✅✂ Pag.62: testo precedente a '3.7' incluso — poi STOP
2026-07-22 11:05:16,516 [INFO]   📖 Estratte pagine 59–62 (parziale inizio, parziale fine) da '3ECP413571-0401.pdf'
2026-07-22 11:05:16,516 [INFO]   [VZ_ES] Estrazione pag.55...
2026-07-22 11:05:16,516 [INFO]   🔍 Ricerca locale per: https://gruppofsitaliane.sharepoint.com/:f:/r/sites/IngegneriaETReMezziLeggeri-T...
2026-07-22 11:05:16,517 [INFO]   📁 File trovato (percorso esatto): C:\Users\2954534.UTENTI\OneDrive - Gruppo Ferrovie Dello Stato\Documenti - Ingegneria ETR - Trenitalia\DB_ETR1000\DOC_FLOTTE\VZ_ES\CONFIG\FRS\3EGH489028-2358.pdf
2026-07-22 11:05:16,553 [INFO]   🎯 Indice funzione: '3.6.4' (score=4, func_id='LV_Function_Earthing_of_Converter_boxes')
2026-07-22 11:05:16,553 [INFO]   📑 Strategia A — indice funzione: '3.6.4' su pag.55
2026-07-22 11:05:16,554 [INFO]   ✂ Pagina iniziale parziale: testo prima di '3.6.4' escluso (offset=1458)
2026-07-22 11:05:16,564 [INFO]   ✂ Testo troncato: indice estraneo '3.7 HVAC pre-conditioning on DC line' trovato a offset 529 — pagina parziale
2026-07-22 11:05:16,564 [INFO]   ✅✂ Pag.58: testo precedente a '3.7' incluso — poi STOP
2026-07-22 11:05:16,566 [INFO]   📖 Estratte pagine 55–58 (parziale inizio, parziale fine) da '3EGH489028-2358.pdf'
2026-07-22 11:05:16,566 [INFO]   [VZI-6_R1] Estrazione pag.77...
2026-07-22 11:05:16,566 [INFO]   🔍 Ricerca locale per: https://gruppofsitaliane.sharepoint.com/:f:/r/sites/IngegneriaETReMezziLeggeri-T...
2026-07-22 11:05:16,568 [INFO]   📁 File trovato (percorso esatto): C:\Users\2954534.UTENTI\OneDrive - Gruppo Ferrovie Dello Stato\Documenti - Ingegneria ETR - Trenitalia\DB_ETR1000\DOC_FLOTTE\VZI-6_R1\CONFIG\FRS\FA020022045.pdf
2026-07-22 11:05:16,617 [INFO]   🎯 Indice funzione: '3.8.4' (score=4, func_id='LV_Function_Earthing_of_Converter_boxes')
2026-07-22 11:05:16,617 [INFO]   📑 Strategia A — indice funzione: '3.8.4' su pag.77
2026-07-22 11:05:16,618 [INFO]   ✂ Pagina iniziale parziale: testo prima di '3.8.4' escluso (offset=1009)
2026-07-22 11:05:16,652 [INFO]   ✂ Testo troncato: indice estraneo '3.9 HVAC pre-conditioning on DC line' trovato a offset 2140 — pagina parziale
2026-07-22 11:05:16,652 [INFO]   ✅✂ Pag.80: testo precedente a '3.9' incluso — poi STOP
2026-07-22 11:05:16,656 [INFO]   📖 Estratte pagine 77–80 (parziale inizio, parziale fine) da 'FA020022045.pdf'
2026-07-22 11:05:16,656 [INFO]   Testi: 4/4
2026-07-22 11:05:16,659 [INFO]   [parse] [VZI_Base] ✅ Parsing regex OK — campi valorizzati: 4/16
2026-07-22 11:05:16,664 [INFO]   [parse] [VZ_FR] ✅ Parsing regex OK — campi valorizzati: 4/16
2026-07-22 11:05:16,667 [INFO]   [parse] [VZ_ES] ✅ Parsing regex OK — campi valorizzati: 4/16
2026-07-22 11:05:16,670 [INFO]   [parse] [VZI-6_R1] ✅ Parsing regex OK — campi valorizzati: 4/16
2026-07-22 11:05:16,671 [INFO]   [det] VZI_Base vs VZ_FR: ✅ Nessuna diff. funzionale oggettiva
2026-07-22 11:05:16,671 [INFO]   [det] VZI_Base vs VZ_ES: ✅ Nessuna diff. funzionale oggettiva
2026-07-22 11:05:16,671 [INFO]   [det] VZI_Base vs VZI-6_R1: ✅ Nessuna diff. funzionale oggettiva
2026-07-22 11:05:16,672 [INFO]   [det] VZ_FR vs VZ_ES: ✅ Nessuna diff. funzionale oggettiva
2026-07-22 11:05:16,672 [INFO]   [det] VZ_FR vs VZI-6_R1: ✅ Nessuna diff. funzionale oggettiva
2026-07-22 11:05:16,672 [INFO]   [det] VZ_ES vs VZI-6_R1: ✅ Nessuna diff. funzionale oggettiva
2026-07-22 11:05:16,672 [INFO]   ✅ Nessuna diff. oggettiva
2026-07-22 11:05:16,673 [INFO]   Chiamata Ollama (unica per questo gruppo, 4 config in parallelo nel prompt)...
2026-07-22 11:05:16,673 [INFO]   Ollama: analisi gruppo LV_Function_Earthing_of_Converter_boxes (4 config)...
2026-07-22 11:07:52,841 [INFO] HTTP Request: POST http://127.0.0.1:11434/api/chat "HTTP/1.1 200 OK"
2026-07-22 11:07:52,843 [INFO]   ✅ Cache — score=85, equivalenti=True
2026-07-22 11:07:52,843 [INFO] ───────────────────────────────────────────────────────
2026-07-22 11:07:52,843 [INFO]   CONFIG      : VZI_Base
2026-07-22 11:07:52,844 [INFO]   SCORE       : 85/100
2026-07-22 11:07:52,844 [INFO]   DECISIONE   : 🟢 EQUIVALENTE
2026-07-22 11:07:52,845 [INFO]   MOTIVAZIONE : LLM: nessuna differenza funzionale rilevante. Score: 85.
2026-07-22 11:07:52,845 [INFO]   CHECKLIST   :
2026-07-22 11:07:52,845 [INFO]     Scopo funzionale              : IDENTICAL
2026-07-22 11:07:52,845 [INFO]     Logica operativa              : IDENTICAL
2026-07-22 11:07:52,846 [INFO]     Prestazioni                   : IDENTICAL
2026-07-22 11:07:52,846 [INFO]     Comportamento in guasto       : IDENTICAL
2026-07-22 11:07:52,846 [INFO]     Diagnostica                   : IDENTICAL
2026-07-22 11:07:52,846 [INFO]     Sicurezza                     : IDENTICAL
2026-07-22 11:07:52,846 [INFO] ───────────────────────────────────────────────────────
2026-07-22 11:07:52,847 [INFO]   [VZI_Base] 🟢 VERDE | Score: 85
2026-07-22 11:07:53,848 [INFO]   [VZ_FR] Da cache (score=85)
2026-07-22 11:07:53,848 [INFO] ───────────────────────────────────────────────────────
2026-07-22 11:07:53,848 [INFO]   CONFIG      : VZ_FR
2026-07-22 11:07:53,848 [INFO]   SCORE       : 85/100
2026-07-22 11:07:53,849 [INFO]   DECISIONE   : 🟢 EQUIVALENTE
2026-07-22 11:07:53,849 [INFO]   MOTIVAZIONE : LLM: nessuna differenza funzionale rilevante. Score: 85.
2026-07-22 11:07:53,849 [INFO]   CHECKLIST   :
2026-07-22 11:07:53,849 [INFO]     Scopo funzionale              : IDENTICAL
2026-07-22 11:07:53,850 [INFO]     Logica operativa              : IDENTICAL
2026-07-22 11:07:53,850 [INFO]     Prestazioni                   : IDENTICAL
2026-07-22 11:07:53,850 [INFO]     Comportamento in guasto       : IDENTICAL
2026-07-22 11:07:53,850 [INFO]     Diagnostica                   : IDENTICAL
2026-07-22 11:07:53,851 [INFO]     Sicurezza                     : IDENTICAL
2026-07-22 11:07:53,851 [INFO] ───────────────────────────────────────────────────────
2026-07-22 11:07:53,851 [INFO]   [VZ_FR] 🟢 VERDE | Score: 85
2026-07-22 11:07:53,852 [INFO]   [VZ_ES] Da cache (score=85)
2026-07-22 11:07:53,852 [INFO] ───────────────────────────────────────────────────────
2026-07-22 11:07:53,852 [INFO]   CONFIG      : VZ_ES
2026-07-22 11:07:53,853 [INFO]   SCORE       : 85/100
2026-07-22 11:07:53,853 [INFO]   DECISIONE   : 🟢 EQUIVALENTE
2026-07-22 11:07:53,853 [INFO]   MOTIVAZIONE : LLM: nessuna differenza funzionale rilevante. Score: 85.
2026-07-22 11:07:53,853 [INFO]   CHECKLIST   :
2026-07-22 11:07:53,854 [INFO]     Scopo funzionale              : IDENTICAL
2026-07-22 11:07:53,854 [INFO]     Logica operativa              : IDENTICAL
2026-07-22 11:07:53,854 [INFO]     Prestazioni                   : IDENTICAL
2026-07-22 11:07:53,855 [INFO]     Comportamento in guasto       : IDENTICAL
2026-07-22 11:07:53,855 [INFO]     Diagnostica                   : IDENTICAL
2026-07-22 11:07:53,855 [INFO]     Sicurezza                     : IDENTICAL
2026-07-22 11:07:53,855 [INFO] ───────────────────────────────────────────────────────
2026-07-22 11:07:53,856 [INFO]   [VZ_ES] 🟢 VERDE | Score: 85
2026-07-22 11:07:53,856 [INFO]   [VZI-6_R1] Da cache (score=85)
2026-07-22 11:07:53,857 [INFO] ───────────────────────────────────────────────────────
2026-07-22 11:07:53,857 [INFO]   CONFIG      : VZI-6_R1
2026-07-22 11:07:53,857 [INFO]   SCORE       : 85/100
2026-07-22 11:07:53,857 [INFO]   DECISIONE   : 🟢 EQUIVALENTE
2026-07-22 11:07:53,858 [INFO]   MOTIVAZIONE : LLM: nessuna differenza funzionale rilevante. Score: 85.
2026-07-22 11:07:53,858 [INFO]   CHECKLIST   :
2026-07-22 11:07:53,858 [INFO]     Scopo funzionale              : IDENTICAL
2026-07-22 11:07:53,858 [INFO]     Logica operativa              : IDENTICAL
2026-07-22 11:07:53,859 [INFO]     Prestazioni                   : IDENTICAL
2026-07-22 11:07:53,859 [INFO]     Comportamento in guasto       : IDENTICAL
2026-07-22 11:07:53,859 [INFO]     Diagnostica                   : IDENTICAL
2026-07-22 11:07:53,859 [INFO]     Sicurezza                     : IDENTICAL
2026-07-22 11:07:53,859 [INFO] ───────────────────────────────────────────────────────
2026-07-22 11:07:53,860 [INFO]   [VZI-6_R1] 🟢 VERDE | Score: 85
2026-07-22 11:07:53,860 [INFO] 
═══════════════════════════════════════════════════════
  LV_HVAC_pre-conditioning_on_DC_line / FRS_Line Voltage (4 config)
═══════════════════════════════════════════════════════
2026-07-22 11:07:53,860 [INFO]   [VZI_Base] Estrazione pag.55...
2026-07-22 11:07:53,860 [INFO]   🔍 Ricerca locale per: https://gruppofsitaliane.sharepoint.com/:f:/r/sites/IngegneriaETReMezziLeggeri-T...
2026-07-22 11:07:53,861 [INFO]   📁 File trovato (percorso esatto): C:\Users\2954534.UTENTI\OneDrive - Gruppo Ferrovie Dello Stato\Documenti - Ingegneria ETR - Trenitalia\DB_ETR1000\DOC_FLOTTE\VZI_Base\CONFIG\FRS\3EST000225-7907.pdf
2026-07-22 11:07:53,876 [INFO]   🎯 Indice funzione: '3.6' (score=3, func_id='LV_HVAC_pre-conditioning_on_DC_line')
2026-07-22 11:07:53,876 [INFO]   📑 Strategia A — indice funzione: '3.6' su pag.55
2026-07-22 11:07:53,877 [INFO]   ✂ Pagina iniziale parziale: testo prima di '3.6' escluso (offset=508)
2026-07-22 11:07:53,890 [INFO]   ✂ Testo troncato: indice estraneo '4.1 I/O Interface' trovato a offset 527 — pagina parziale
2026-07-22 11:07:53,890 [INFO]   ✅✂ Pag.58: testo precedente a '4.1' incluso — poi STOP
2026-07-22 11:07:53,890 [INFO]   📖 Estratte pagine 55–58 (parziale inizio, parziale fine) da '3EST000225-7907.pdf'
2026-07-22 11:07:53,890 [INFO]   [VZ_FR] Estrazione pag.62...
2026-07-22 11:07:53,891 [INFO]   🔍 Ricerca locale per: https://gruppofsitaliane.sharepoint.com/:f:/r/sites/IngegneriaETReMezziLeggeri-T...
2026-07-22 11:07:53,891 [INFO]   📁 File trovato (percorso esatto): C:\Users\2954534.UTENTI\OneDrive - Gruppo Ferrovie Dello Stato\Documenti - Ingegneria ETR - Trenitalia\DB_ETR1000\DOC_FLOTTE\VZ_FR\CONFIG\FRS\3ECP413571-0401.pdf
2026-07-22 11:07:53,909 [INFO]   🎯 Indice funzione: '3.7' (score=3, func_id='LV_HVAC_pre-conditioning_on_DC_line')
2026-07-22 11:07:53,909 [INFO]   📑 Strategia A — indice funzione: '3.7' su pag.62
2026-07-22 11:07:53,910 [INFO]   ✂ Pagina iniziale parziale: testo prima di '3.7' escluso (offset=788)
2026-07-22 11:07:53,923 [INFO]   ✂ Testo troncato: indice estraneo '4.1 I/O Interface' trovato a offset 527 — pagina parziale
2026-07-22 11:07:53,923 [INFO]   ✅✂ Pag.66: testo precedente a '4.1' incluso — poi STOP
2026-07-22 11:07:53,924 [INFO]   📖 Estratte pagine 62–66 (parziale inizio, parziale fine) da '3ECP413571-0401.pdf'
2026-07-22 11:07:53,924 [INFO]   [VZ_ES] Estrazione pag.58...
2026-07-22 11:07:53,924 [INFO]   🔍 Ricerca locale per: https://gruppofsitaliane.sharepoint.com/:f:/r/sites/IngegneriaETReMezziLeggeri-T...
2026-07-22 11:07:53,925 [INFO]   📁 File trovato (percorso esatto): C:\Users\2954534.UTENTI\OneDrive - Gruppo Ferrovie Dello Stato\Documenti - Ingegneria ETR - Trenitalia\DB_ETR1000\DOC_FLOTTE\VZ_ES\CONFIG\FRS\3EGH489028-2358.pdf
2026-07-22 11:07:53,957 [INFO]   🎯 Indice funzione: '3.7' (score=3, func_id='LV_HVAC_pre-conditioning_on_DC_line')
2026-07-22 11:07:53,958 [INFO]   📑 Strategia A — indice funzione: '3.7' su pag.58
2026-07-22 11:07:53,958 [INFO]   ✂ Pagina iniziale parziale: testo prima di '3.7' escluso (offset=529)
2026-07-22 11:07:53,968 [INFO]   ✂ Testo troncato: indice estraneo '4.1 I/O Interface' trovato a offset 550 — pagina parziale
2026-07-22 11:07:53,968 [INFO]   ✅✂ Pag.61: testo precedente a '4.1' incluso — poi STOP
2026-07-22 11:07:53,969 [INFO]   📖 Estratte pagine 58–61 (parziale inizio, parziale fine) da '3EGH489028-2358.pdf'
2026-07-22 11:07:53,969 [INFO]   [VZI-6_R1] Estrazione pag.80...
2026-07-22 11:07:53,970 [INFO]   🔍 Ricerca locale per: https://gruppofsitaliane.sharepoint.com/:f:/r/sites/IngegneriaETReMezziLeggeri-T...
2026-07-22 11:07:53,970 [INFO]   📁 File trovato (percorso esatto): C:\Users\2954534.UTENTI\OneDrive - Gruppo Ferrovie Dello Stato\Documenti - Ingegneria ETR - Trenitalia\DB_ETR1000\DOC_FLOTTE\VZI-6_R1\CONFIG\FRS\FA020022045.pdf
2026-07-22 11:07:54,017 [INFO]   🎯 Indice funzione: '3.9' (score=3, func_id='LV_HVAC_pre-conditioning_on_DC_line')
2026-07-22 11:07:54,017 [INFO]   📑 Strategia A — indice funzione: '3.9' su pag.80
2026-07-22 11:07:54,018 [INFO]   ✂ Pagina iniziale parziale: testo prima di '3.9' escluso (offset=2140)
2026-07-22 11:07:54,044 [INFO]   ✂ Testo troncato: indice estraneo '4.1 I/O Interface' trovato a offset 179 — pagina parziale
2026-07-22 11:07:54,044 [INFO]   ✅✂ Pag.83: testo precedente a '4.1' incluso — poi STOP
2026-07-22 11:07:54,049 [INFO]   📖 Estratte pagine 80–83 (parziale inizio, parziale fine) da 'FA020022045.pdf'
2026-07-22 11:07:54,049 [INFO]   Testi: 4/4
2026-07-22 11:07:54,053 [INFO]   [parse] [VZI_Base] ✅ Parsing regex OK — campi valorizzati: 4/16
2026-07-22 11:07:54,056 [INFO]   [parse] [VZ_FR] ✅ Parsing regex OK — campi valorizzati: 4/16
2026-07-22 11:07:54,059 [INFO]   [parse] [VZ_ES] ✅ Parsing regex OK — campi valorizzati: 4/16
2026-07-22 11:07:54,062 [INFO]   [parse] [VZI-6_R1] ✅ Parsing regex OK — campi valorizzati: 4/16
2026-07-22 11:07:54,063 [INFO]   [det] VZI_Base vs VZ_FR: ⚡ 1 diff. funzionali oggettive
2026-07-22 11:07:54,063 [INFO]   [det] VZI_Base vs VZ_ES: ✅ Nessuna diff. funzionale oggettiva
2026-07-22 11:07:54,063 [INFO]   [det] VZI_Base vs VZI-6_R1: ✅ Nessuna diff. funzionale oggettiva
2026-07-22 11:07:54,064 [INFO]   [det] VZ_FR vs VZ_ES: ⚡ 1 diff. funzionali oggettive
2026-07-22 11:07:54,064 [INFO]   [det] VZ_FR vs VZI-6_R1: ⚡ 1 diff. funzionali oggettive
2026-07-22 11:07:54,064 [INFO]   [det] VZ_ES vs VZI-6_R1: ✅ Nessuna diff. funzionale oggettiva
2026-07-22 11:07:54,065 [INFO]   ⚡ Diff. oggettive: 1 voci
2026-07-22 11:07:54,065 [INFO]   Chiamata Ollama (unica per questo gruppo, 4 config in parallelo nel prompt)...
2026-07-22 11:07:54,065 [INFO]   Ollama: analisi gruppo LV_HVAC_pre-conditioning_on_DC_line (4 config)...
2026-07-22 11:12:03,986 [INFO] HTTP Request: POST http://127.0.0.1:11434/api/chat "HTTP/1.1 200 OK"
2026-07-22 11:12:03,987 [INFO]   ✅ Cache — score=85, equivalenti=True
2026-07-22 11:12:03,987 [INFO] ───────────────────────────────────────────────────────
2026-07-22 11:12:03,988 [INFO]   CONFIG      : VZI_Base
2026-07-22 11:12:03,988 [INFO]   SCORE       : 85/100
2026-07-22 11:12:03,989 [INFO]   DECISIONE   : 🟢 EQUIVALENTE
2026-07-22 11:12:03,989 [INFO]   MOTIVAZIONE : LLM: nessuna differenza funzionale rilevante. Score: 85.
2026-07-22 11:12:03,989 [INFO]   CHECKLIST   :
2026-07-22 11:12:03,990 [INFO]     Scopo funzionale              : IDENTICAL
2026-07-22 11:12:03,990 [INFO]     Logica operativa              : IDENTICAL
2026-07-22 11:12:03,990 [INFO]     Prestazioni                   : IDENTICAL
2026-07-22 11:12:03,990 [INFO]     Comportamento in guasto       : IDENTICAL
2026-07-22 11:12:03,991 [INFO]     Diagnostica                   : IDENTICAL
2026-07-22 11:12:03,992 [INFO]     Sicurezza                     : IDENTICAL
2026-07-22 11:12:03,992 [INFO]   DIFF PARAMETRICHE:
2026-07-22 11:12:03,993 [INFO]     • [thresholds/parametri numerici] Solo in VZ_FR: 250a, 300a
2026-07-22 11:12:03,993 [INFO] ───────────────────────────────────────────────────────
2026-07-22 11:12:03,994 [INFO]   [VZI_Base] 🟢 VERDE | Score: 85
2026-07-22 11:12:04,995 [INFO]   [VZ_FR] Da cache (score=85)
2026-07-22 11:12:04,995 [INFO] ───────────────────────────────────────────────────────
2026-07-22 11:12:04,995 [INFO]   CONFIG      : VZ_FR
2026-07-22 11:12:04,995 [INFO]   SCORE       : 85/100
2026-07-22 11:12:04,996 [INFO]   DECISIONE   : 🟢 EQUIVALENTE
2026-07-22 11:12:04,996 [INFO]   MOTIVAZIONE : LLM: nessuna differenza funzionale rilevante. Score: 85.
2026-07-22 11:12:04,996 [INFO]   CHECKLIST   :
2026-07-22 11:12:04,996 [INFO]     Scopo funzionale              : IDENTICAL
2026-07-22 11:12:04,997 [INFO]     Logica operativa              : IDENTICAL
2026-07-22 11:12:04,998 [INFO]     Prestazioni                   : IDENTICAL
2026-07-22 11:12:04,998 [INFO]     Comportamento in guasto       : IDENTICAL
2026-07-22 11:12:04,998 [INFO]     Diagnostica                   : IDENTICAL
2026-07-22 11:12:04,998 [INFO]     Sicurezza                     : IDENTICAL
2026-07-22 11:12:04,998 [INFO]   DIFF PARAMETRICHE:
2026-07-22 11:12:04,998 [INFO]     • [thresholds/parametri numerici] Solo in VZ_FR: 250a, 300a
2026-07-22 11:12:04,998 [INFO] ───────────────────────────────────────────────────────
2026-07-22 11:12:04,999 [INFO]   [VZ_FR] 🟢 VERDE | Score: 85
2026-07-22 11:12:04,999 [INFO]   [VZ_ES] Da cache (score=85)
2026-07-22 11:12:05,000 [INFO] ───────────────────────────────────────────────────────
2026-07-22 11:12:05,000 [INFO]   CONFIG      : VZ_ES
2026-07-22 11:12:05,000 [INFO]   SCORE       : 85/100
2026-07-22 11:12:05,000 [INFO]   DECISIONE   : 🟢 EQUIVALENTE
2026-07-22 11:12:05,000 [INFO]   MOTIVAZIONE : LLM: nessuna differenza funzionale rilevante. Score: 85.
2026-07-22 11:12:05,001 [INFO]   CHECKLIST   :
2026-07-22 11:12:05,002 [INFO]     Scopo funzionale              : IDENTICAL
2026-07-22 11:12:05,003 [INFO]     Logica operativa              : IDENTICAL
2026-07-22 11:12:05,003 [INFO]     Prestazioni                   : IDENTICAL
2026-07-22 11:12:05,003 [INFO]     Comportamento in guasto       : IDENTICAL
2026-07-22 11:12:05,003 [INFO]     Diagnostica                   : IDENTICAL
2026-07-22 11:12:05,004 [INFO]     Sicurezza                     : IDENTICAL
2026-07-22 11:12:05,004 [INFO]   DIFF PARAMETRICHE:
2026-07-22 11:12:05,004 [INFO]     • [thresholds/parametri numerici] Solo in VZ_FR: 250a, 300a
2026-07-22 11:12:05,004 [INFO] ───────────────────────────────────────────────────────
2026-07-22 11:12:05,005 [INFO]   [VZ_ES] 🟢 VERDE | Score: 85
2026-07-22 11:12:05,006 [INFO]   [VZI-6_R1] Da cache (score=85)
2026-07-22 11:12:05,006 [INFO] ───────────────────────────────────────────────────────
2026-07-22 11:12:05,007 [INFO]   CONFIG      : VZI-6_R1
2026-07-22 11:12:05,007 [INFO]   SCORE       : 85/100
2026-07-22 11:12:05,008 [INFO]   DECISIONE   : 🟢 EQUIVALENTE
2026-07-22 11:12:05,008 [INFO]   MOTIVAZIONE : LLM: nessuna differenza funzionale rilevante. Score: 85.
2026-07-22 11:12:05,008 [INFO]   CHECKLIST   :
2026-07-22 11:12:05,008 [INFO]     Scopo funzionale              : IDENTICAL
2026-07-22 11:12:05,009 [INFO]     Logica operativa              : IDENTICAL
2026-07-22 11:12:05,009 [INFO]     Prestazioni                   : IDENTICAL
2026-07-22 11:12:05,009 [INFO]     Comportamento in guasto       : IDENTICAL
2026-07-22 11:12:05,009 [INFO]     Diagnostica                   : IDENTICAL
2026-07-22 11:12:05,009 [INFO]     Sicurezza                     : IDENTICAL
2026-07-22 11:12:05,010 [INFO]   DIFF PARAMETRICHE:
2026-07-22 11:12:05,010 [INFO]     • [thresholds/parametri numerici] Solo in VZ_FR: 250a, 300a
2026-07-22 11:12:05,010 [INFO] ───────────────────────────────────────────────────────
2026-07-22 11:12:05,011 [INFO]   [VZI-6_R1] 🟢 VERDE | Score: 85
2026-07-22 11:12:05,011 [INFO] 
═══════════════════════════════════════════════════════
  AUX_Function_General / FRS_Aux Electrical Supply (4 config)
═══════════════════════════════════════════════════════
2026-07-22 11:12:05,012 [INFO]   [VZI_Base] Estrazione pag.5...
2026-07-22 11:12:05,012 [INFO]   🔍 Ricerca locale per: https://gruppofsitaliane.sharepoint.com/:f:/r/sites/IngegneriaETReMezziLeggeri-T...
2026-07-22 11:12:05,014 [INFO]   📁 File trovato (percorso esatto): C:\Users\2954534.UTENTI\OneDrive - Gruppo Ferrovie Dello Stato\Documenti - Ingegneria ETR - Trenitalia\DB_ETR1000\DOC_FLOTTE\VZI_Base\CONFIG\FRS\3EST000225-7914.pdf
2026-07-22 11:12:05,060 [INFO]   🎯 Indice funzione: '3.1.1' (score=2, func_id='AUX_Function_General')
2026-07-22 11:12:05,061 [INFO]   📑 Strategia A — indice funzione: '3.1.1' su pag.5
2026-07-22 11:12:05,061 [INFO]   ✂ Pagina iniziale parziale: testo prima di '3.1.1' escluso (offset=578)
2026-07-22 11:12:05,066 [INFO]   ✅ Pag.6: '3.1.1.2' ⊆ '3.1.1' — inclusa
2026-07-22 11:12:05,078 [INFO]   ✂ Testo troncato: indice estraneo '3.1.2 Activation and Synchronisation of ACM' trovato a offset 2167 — pagina parziale
2026-07-22 11:12:05,078 [INFO]   ✅✂ Pag.7: testo precedente a '3.1.2' incluso — poi STOP
2026-07-22 11:12:05,079 [INFO]   📖 Estratte pagine 5–7 (parziale inizio, parziale fine) da '3EST000225-7914.pdf'
2026-07-22 11:12:05,079 [INFO]   [VZ_FR] Estrazione pag.5...
2026-07-22 11:12:05,079 [INFO]   🔍 Ricerca locale per: https://gruppofsitaliane.sharepoint.com/:f:/r/sites/IngegneriaETReMezziLeggeri-T...
2026-07-22 11:12:05,081 [INFO]   📁 File trovato (percorso esatto): C:\Users\2954534.UTENTI\OneDrive - Gruppo Ferrovie Dello Stato\Documenti - Ingegneria ETR - Trenitalia\DB_ETR1000\DOC_FLOTTE\VZ_FR\CONFIG\FRS\3ECP413571-0601.pdf
2026-07-22 11:12:05,118 [INFO]   🎯 Indice funzione: '3.1.1' (score=2, func_id='AUX_Function_General')
2026-07-22 11:12:05,118 [INFO]   📑 Strategia A — indice funzione: '3.1.1' su pag.5
2026-07-22 11:12:05,119 [INFO]   ✂ Pagina iniziale parziale: testo prima di '3.1.1' escluso (offset=578)
2026-07-22 11:12:05,126 [INFO]   ✅ Pag.6: '3.1.1.2' ⊆ '3.1.1' — inclusa
2026-07-22 11:12:05,133 [INFO]   ✂ Testo troncato: indice estraneo '3.1.2 Activation and Synchronisation of ACM' trovato a offset 2161 — pagina parziale
2026-07-22 11:12:05,134 [INFO]   ✅✂ Pag.7: testo precedente a '3.1.2' incluso — poi STOP
2026-07-22 11:12:05,134 [INFO]   📖 Estratte pagine 5–7 (parziale inizio, parziale fine) da '3ECP413571-0601.pdf'
2026-07-22 11:12:05,134 [INFO]   [VZ_ES] Estrazione pag.5...
2026-07-22 11:12:05,135 [INFO]   🔍 Ricerca locale per: https://gruppofsitaliane.sharepoint.com/:f:/r/sites/IngegneriaETReMezziLeggeri-T...
2026-07-22 11:12:05,258 [INFO]   📁 File trovato (ricerca ricorsiva): C:\Users\2954534.UTENTI\OneDrive - Gruppo Ferrovie Dello Stato\Documenti - Ingegneria ETR - Trenitalia\DB_ETR1000\DOC_FLOTTE\VZI_Base\CONFIG\FRS\3EST000225-7914.pdf
2026-07-22 11:12:05,268 [INFO]   🎯 Indice funzione: '3.1.1' (score=2, func_id='AUX_Function_General')
2026-07-22 11:12:05,269 [INFO]   📑 Strategia A — indice funzione: '3.1.1' su pag.5
2026-07-22 11:12:05,269 [INFO]   ✂ Pagina iniziale parziale: testo prima di '3.1.1' escluso (offset=578)
2026-07-22 11:12:05,274 [INFO]   ✅ Pag.6: '3.1.1.2' ⊆ '3.1.1' — inclusa
2026-07-22 11:12:05,282 [INFO]   ✂ Testo troncato: indice estraneo '3.1.2 Activation and Synchronisation of ACM' trovato a offset 2167 — pagina parziale
2026-07-22 11:12:05,282 [INFO]   ✅✂ Pag.7: testo precedente a '3.1.2' incluso — poi STOP
2026-07-22 11:12:05,283 [INFO]   📖 Estratte pagine 5–7 (parziale inizio, parziale fine) da '3EST000225-7914.pdf'
2026-07-22 11:12:05,283 [INFO]   [VZI-6_R1] Estrazione pag.6...
2026-07-22 11:12:05,283 [INFO]   🔍 Ricerca locale per: https://gruppofsitaliane.sharepoint.com/:f:/r/sites/IngegneriaETReMezziLeggeri-T...
2026-07-22 11:12:05,286 [INFO]   📁 File trovato (percorso esatto): C:\Users\2954534.UTENTI\OneDrive - Gruppo Ferrovie Dello Stato\Documenti - Ingegneria ETR - Trenitalia\DB_ETR1000\DOC_FLOTTE\VZI-6_R1\CONFIG\FRS\FA020024537.pdf
2026-07-22 11:12:05,321 [INFO]   🎯 Indice funzione: '3.1.1' (score=2, func_id='AUX_Function_General')
2026-07-22 11:12:05,321 [INFO]   📑 Strategia A — indice funzione: '3.1.1' su pag.6
2026-07-22 11:12:05,322 [INFO]   ✂ Pagina iniziale parziale: testo prima di '3.1.1' escluso (offset=236)
2026-07-22 11:12:05,340 [INFO]   ✂ Testo troncato: indice estraneo '3.1.2 Activation and Synchronisation of ACM' trovato a offset 1060 — pagina parziale
2026-07-22 11:12:05,340 [INFO]   ✅✂ Pag.8: testo precedente a '3.1.2' incluso — poi STOP
2026-07-22 11:12:05,342 [INFO]   📖 Estratte pagine 6–8 (parziale inizio, parziale fine) da 'FA020024537.pdf'
2026-07-22 11:12:05,342 [INFO]   Testi: 4/4
2026-07-22 11:12:05,344 [INFO]   [parse] [VZI_Base] ✅ Parsing regex OK — campi valorizzati: 3/16
2026-07-22 11:12:05,347 [INFO]   [parse] [VZ_FR] ✅ Parsing regex OK — campi valorizzati: 3/16
2026-07-22 11:12:05,350 [INFO]   [parse] [VZ_ES] ✅ Parsing regex OK — campi valorizzati: 3/16
2026-07-22 11:12:05,352 [INFO]   [parse] [VZI-6_R1] ✅ Parsing regex OK — campi valorizzati: 3/16
2026-07-22 11:12:05,353 [INFO]   [det] VZI_Base vs VZ_FR: ✅ Nessuna diff. funzionale oggettiva
2026-07-22 11:12:05,353 [INFO]   [det] VZI_Base vs VZ_ES: ✅ Nessuna diff. funzionale oggettiva
2026-07-22 11:12:05,354 [INFO]   [det] VZI_Base vs VZI-6_R1: ✅ Nessuna diff. funzionale oggettiva
2026-07-22 11:12:05,354 [INFO]   [det] VZ_FR vs VZ_ES: ✅ Nessuna diff. funzionale oggettiva
2026-07-22 11:12:05,354 [INFO]   [det] VZ_FR vs VZI-6_R1: ✅ Nessuna diff. funzionale oggettiva
2026-07-22 11:12:05,354 [INFO]   [det] VZ_ES vs VZI-6_R1: ✅ Nessuna diff. funzionale oggettiva
2026-07-22 11:12:05,355 [INFO]   ✅ Nessuna diff. oggettiva
2026-07-22 11:12:05,355 [INFO]   Chiamata Ollama (unica per questo gruppo, 4 config in parallelo nel prompt)...
2026-07-22 11:12:05,356 [INFO]   Ollama: analisi gruppo AUX_Function_General (4 config)...
2026-07-22 11:17:04,489 [INFO] HTTP Request: POST http://127.0.0.1:11434/api/chat "HTTP/1.1 200 OK"
2026-07-22 11:17:04,490 [INFO]   ✅ Cache — score=85, equivalenti=True
2026-07-22 11:17:04,490 [INFO] ───────────────────────────────────────────────────────
2026-07-22 11:17:04,490 [INFO]   CONFIG      : VZI_Base
2026-07-22 11:17:04,490 [INFO]   SCORE       : 85/100
2026-07-22 11:17:04,491 [INFO]   DECISIONE   : 🟢 EQUIVALENTE
2026-07-22 11:17:04,491 [INFO]   MOTIVAZIONE : LLM: nessuna differenza funzionale rilevante. Score: 85.
2026-07-22 11:17:04,491 [INFO]   CHECKLIST   :
2026-07-22 11:17:04,491 [INFO]     Scopo funzionale              : IDENTICAL
2026-07-22 11:17:04,492 [INFO]     Logica operativa              : IDENTICAL
2026-07-22 11:17:04,492 [INFO]     Prestazioni                   : IDENTICAL
2026-07-22 11:17:04,492 [INFO]     Comportamento in guasto       : IDENTICAL
2026-07-22 11:17:04,492 [INFO]     Diagnostica                   : IDENTICAL
2026-07-22 11:17:04,492 [INFO]     Sicurezza                     : IDENTICAL
2026-07-22 11:17:04,493 [INFO] ───────────────────────────────────────────────────────
2026-07-22 11:17:04,494 [INFO]   [VZI_Base] 🟢 VERDE | Score: 85
2026-07-22 11:17:05,495 [INFO]   [VZ_FR] Da cache (score=85)
2026-07-22 11:17:05,496 [INFO] ───────────────────────────────────────────────────────
2026-07-22 11:17:05,497 [INFO]   CONFIG      : VZ_FR
2026-07-22 11:17:05,498 [INFO]   SCORE       : 85/100
2026-07-22 11:17:05,498 [INFO]   DECISIONE   : 🟢 EQUIVALENTE
2026-07-22 11:17:05,499 [INFO]   MOTIVAZIONE : LLM: nessuna differenza funzionale rilevante. Score: 85.
2026-07-22 11:17:05,500 [INFO]   CHECKLIST   :
2026-07-22 11:17:05,500 [INFO]     Scopo funzionale              : IDENTICAL
2026-07-22 11:17:05,501 [INFO]     Logica operativa              : IDENTICAL
2026-07-22 11:17:05,502 [INFO]     Prestazioni                   : IDENTICAL
2026-07-22 11:17:05,502 [INFO]     Comportamento in guasto       : IDENTICAL
2026-07-22 11:17:05,503 [INFO]     Diagnostica                   : IDENTICAL
2026-07-22 11:17:05,504 [INFO]     Sicurezza                     : IDENTICAL
2026-07-22 11:17:05,504 [INFO] ───────────────────────────────────────────────────────
2026-07-22 11:17:05,506 [INFO]   [VZ_FR] 🟢 VERDE | Score: 85
2026-07-22 11:17:05,507 [INFO]   [VZ_ES] Da cache (score=85)
2026-07-22 11:17:05,507 [INFO] ───────────────────────────────────────────────────────
2026-07-22 11:17:05,507 [INFO]   CONFIG      : VZ_ES
2026-07-22 11:17:05,508 [INFO]   SCORE       : 85/100
2026-07-22 11:17:05,510 [INFO]   DECISIONE   : 🟢 EQUIVALENTE
2026-07-22 11:17:05,510 [INFO]   MOTIVAZIONE : LLM: nessuna differenza funzionale rilevante. Score: 85.
2026-07-22 11:17:05,510 [INFO]   CHECKLIST   :
2026-07-22 11:17:05,511 [INFO]     Scopo funzionale              : IDENTICAL
2026-07-22 11:17:05,511 [INFO]     Logica operativa              : IDENTICAL
2026-07-22 11:17:05,513 [INFO]     Prestazioni                   : IDENTICAL
2026-07-22 11:17:05,513 [INFO]     Comportamento in guasto       : IDENTICAL
2026-07-22 11:17:05,514 [INFO]     Diagnostica                   : IDENTICAL
2026-07-22 11:17:05,514 [INFO]     Sicurezza                     : IDENTICAL
2026-07-22 11:17:05,516 [INFO] ───────────────────────────────────────────────────────
2026-07-22 11:17:05,516 [INFO]   [VZ_ES] 🟢 VERDE | Score: 85
2026-07-22 11:17:05,518 [INFO]   [VZI-6_R1] Da cache (score=85)
2026-07-22 11:17:05,518 [INFO] ───────────────────────────────────────────────────────
2026-07-22 11:17:05,518 [INFO]   CONFIG      : VZI-6_R1
2026-07-22 11:17:05,519 [INFO]   SCORE       : 85/100
2026-07-22 11:17:05,519 [INFO]   DECISIONE   : 🟢 EQUIVALENTE
2026-07-22 11:17:05,520 [INFO]   MOTIVAZIONE : LLM: nessuna differenza funzionale rilevante. Score: 85.
2026-07-22 11:17:05,520 [INFO]   CHECKLIST   :
2026-07-22 11:17:05,520 [INFO]     Scopo funzionale              : IDENTICAL
2026-07-22 11:17:05,522 [INFO]     Logica operativa              : IDENTICAL
2026-07-22 11:17:05,522 [INFO]     Prestazioni                   : IDENTICAL
2026-07-22 11:17:05,522 [INFO]     Comportamento in guasto       : IDENTICAL
2026-07-22 11:17:05,522 [INFO]     Diagnostica                   : IDENTICAL
2026-07-22 11:17:05,523 [INFO]     Sicurezza                     : IDENTICAL
2026-07-22 11:17:05,523 [INFO] ───────────────────────────────────────────────────────
2026-07-22 11:17:05,524 [INFO]   [VZI-6_R1] 🟢 VERDE | Score: 85
2026-07-22 11:17:05,524 [INFO] 
═══════════════════════════════════════════════════════
  AUX_Activation_and_Synchronisation_of_ACM / FRS_Aux Electrical Supply (4 config)
═══════════════════════════════════════════════════════
2026-07-22 11:17:05,525 [INFO]   [VZI_Base] Estrazione pag.7...
2026-07-22 11:17:05,526 [INFO]   🔍 Ricerca locale per: https://gruppofsitaliane.sharepoint.com/:f:/r/sites/IngegneriaETReMezziLeggeri-T...
2026-07-22 11:17:05,527 [INFO]   📁 File trovato (percorso esatto): C:\Users\2954534.UTENTI\OneDrive - Gruppo Ferrovie Dello Stato\Documenti - Ingegneria ETR - Trenitalia\DB_ETR1000\DOC_FLOTTE\VZI_Base\CONFIG\FRS\3EST000225-7914.pdf
2026-07-22 11:17:05,545 [INFO]   🎯 Indice funzione: '3.1.2' (score=2, func_id='AUX_Activation_and_Synchronisation_of_ACM')
2026-07-22 11:17:05,545 [INFO]   📑 Strategia A — indice funzione: '3.1.2' su pag.7
2026-07-22 11:17:05,546 [INFO]   ✂ Pagina iniziale parziale: testo prima di '3.1.2' escluso (offset=2167)
2026-07-22 11:17:05,551 [INFO]   ✅ Pag.8: '3.1.2.5' ⊆ '3.1.2' — inclusa
2026-07-22 11:17:05,554 [INFO]   ✂ Testo troncato: indice estraneo '3.1.3 ACM reset' trovato a offset 748 — pagina parziale
2026-07-22 11:17:05,555 [INFO]   ✅✂ Pag.9: testo precedente a '3.1.3' incluso — poi STOP
2026-07-22 11:17:05,555 [INFO]   📖 Estratte pagine 7–9 (parziale inizio, parziale fine) da '3EST000225-7914.pdf'
2026-07-22 11:17:05,557 [INFO]   [VZ_FR] Estrazione pag.7...
2026-07-22 11:17:05,557 [INFO]   🔍 Ricerca locale per: https://gruppofsitaliane.sharepoint.com/:f:/r/sites/IngegneriaETReMezziLeggeri-T...
2026-07-22 11:17:05,558 [INFO]   📁 File trovato (percorso esatto): C:\Users\2954534.UTENTI\OneDrive - Gruppo Ferrovie Dello Stato\Documenti - Ingegneria ETR - Trenitalia\DB_ETR1000\DOC_FLOTTE\VZ_FR\CONFIG\FRS\3ECP413571-0601.pdf
2026-07-22 11:17:05,568 [INFO]   🎯 Indice funzione: '3.1.2' (score=2, func_id='AUX_Activation_and_Synchronisation_of_ACM')
2026-07-22 11:17:05,570 [INFO]   📑 Strategia A — indice funzione: '3.1.2' su pag.7
2026-07-22 11:17:05,570 [INFO]   ✂ Pagina iniziale parziale: testo prima di '3.1.2' escluso (offset=2161)
2026-07-22 11:17:05,574 [INFO]   ✅ Pag.8: '3.1.2.4' ⊆ '3.1.2' — inclusa
2026-07-22 11:17:05,578 [INFO]   ✂ Testo troncato: indice estraneo '3.1.3 ACM reset' trovato a offset 1511 — pagina parziale
2026-07-22 11:17:05,578 [INFO]   ✅✂ Pag.9: testo precedente a '3.1.3' incluso — poi STOP
2026-07-22 11:17:05,578 [INFO]   📖 Estratte pagine 7–9 (parziale inizio, parziale fine) da '3ECP413571-0601.pdf'
2026-07-22 11:17:05,580 [INFO]   [VZ_ES] Estrazione pag.7...
2026-07-22 11:17:05,580 [INFO]   🔍 Ricerca locale per: https://gruppofsitaliane.sharepoint.com/:f:/r/sites/IngegneriaETReMezziLeggeri-T...
2026-07-22 11:17:05,596 [INFO]   📁 File trovato (ricerca ricorsiva): C:\Users\2954534.UTENTI\OneDrive - Gruppo Ferrovie Dello Stato\Documenti - Ingegneria ETR - Trenitalia\DB_ETR1000\DOC_FLOTTE\VZI_Base\CONFIG\FRS\3EST000225-7914.pdf
2026-07-22 11:17:05,606 [INFO]   🎯 Indice funzione: '3.1.2' (score=2, func_id='AUX_Activation_and_Synchronisation_of_ACM')
2026-07-22 11:17:05,606 [INFO]   📑 Strategia A — indice funzione: '3.1.2' su pag.7
2026-07-22 11:17:05,607 [INFO]   ✂ Pagina iniziale parziale: testo prima di '3.1.2' escluso (offset=2167)
2026-07-22 11:17:05,611 [INFO]   ✅ Pag.8: '3.1.2.5' ⊆ '3.1.2' — inclusa
2026-07-22 11:17:05,615 [INFO]   ✂ Testo troncato: indice estraneo '3.1.3 ACM reset' trovato a offset 748 — pagina parziale
2026-07-22 11:17:05,615 [INFO]   ✅✂ Pag.9: testo precedente a '3.1.3' incluso — poi STOP
2026-07-22 11:17:05,616 [INFO]   📖 Estratte pagine 7–9 (parziale inizio, parziale fine) da '3EST000225-7914.pdf'
2026-07-22 11:17:05,616 [INFO]   [VZI-6_R1] Estrazione pag.8...
2026-07-22 11:17:05,616 [INFO]   🔍 Ricerca locale per: https://gruppofsitaliane.sharepoint.com/:f:/r/sites/IngegneriaETReMezziLeggeri-T...
2026-07-22 11:17:05,619 [INFO]   📁 File trovato (percorso esatto): C:\Users\2954534.UTENTI\OneDrive - Gruppo Ferrovie Dello Stato\Documenti - Ingegneria ETR - Trenitalia\DB_ETR1000\DOC_FLOTTE\VZI-6_R1\CONFIG\FRS\FA020024537.pdf
2026-07-22 11:17:05,630 [INFO]   🎯 Indice funzione: '3.1.2' (score=2, func_id='AUX_Activation_and_Synchronisation_of_ACM')
2026-07-22 11:17:05,630 [INFO]   📑 Strategia A — indice funzione: '3.1.2' su pag.8
2026-07-22 11:17:05,631 [INFO]   ✂ Pagina iniziale parziale: testo prima di '3.1.2' escluso (offset=1060)
2026-07-22 11:17:05,637 [INFO]   ✂ Testo troncato: indice estraneo '3.1.3 ACM reset' trovato a offset 2585 — pagina parziale
2026-07-22 11:17:05,637 [INFO]   ✅✂ Pag.9: testo precedente a '3.1.3' incluso — poi STOP
2026-07-22 11:17:05,638 [INFO]   📖 Estratte pagine 8–9 (parziale inizio, parziale fine) da 'FA020024537.pdf'
2026-07-22 11:17:05,638 [INFO]   Testi: 4/4
2026-07-22 11:17:05,640 [INFO]   [parse] [VZI_Base] ✅ Parsing regex OK — campi valorizzati: 4/16
2026-07-22 11:17:05,642 [INFO]   [parse] [VZ_FR] ✅ Parsing regex OK — campi valorizzati: 4/16
2026-07-22 11:17:05,644 [INFO]   [parse] [VZ_ES] ✅ Parsing regex OK — campi valorizzati: 4/16
2026-07-22 11:17:05,646 [INFO]   [parse] [VZI-6_R1] ✅ Parsing regex OK — campi valorizzati: 4/16
2026-07-22 11:17:05,646 [INFO]   [det] VZI_Base vs VZ_FR: ✅ Nessuna diff. funzionale oggettiva
2026-07-22 11:17:05,646 [INFO]   [det] VZI_Base vs VZ_ES: ✅ Nessuna diff. funzionale oggettiva
2026-07-22 11:17:05,647 [INFO]   [det] VZI_Base vs VZI-6_R1: ✅ Nessuna diff. funzionale oggettiva
2026-07-22 11:17:05,647 [INFO]   [det] VZ_FR vs VZ_ES: ✅ Nessuna diff. funzionale oggettiva
2026-07-22 11:17:05,647 [INFO]   [det] VZ_FR vs VZI-6_R1: ✅ Nessuna diff. funzionale oggettiva
2026-07-22 11:17:05,647 [INFO]   [det] VZ_ES vs VZI-6_R1: ✅ Nessuna diff. funzionale oggettiva
2026-07-22 11:17:05,648 [INFO]   ✅ Nessuna diff. oggettiva
2026-07-22 11:17:05,648 [INFO]   Chiamata Ollama (unica per questo gruppo, 4 config in parallelo nel prompt)...
2026-07-22 11:17:05,648 [INFO]   Ollama: analisi gruppo AUX_Activation_and_Synchronisation_of_ACM (4 config)...
2026-07-22 11:21:18,303 [INFO] HTTP Request: POST http://127.0.0.1:11434/api/chat "HTTP/1.1 200 OK"
2026-07-22 11:21:18,319 [INFO]   ✅ Cache — score=85, equivalenti=True
2026-07-22 11:21:18,337 [INFO] ───────────────────────────────────────────────────────
2026-07-22 11:21:18,346 [INFO]   CONFIG      : VZI_Base
2026-07-22 11:21:18,350 [INFO]   SCORE       : 85/100
2026-07-22 11:21:18,351 [INFO]   DECISIONE   : 🟢 EQUIVALENTE
2026-07-22 11:21:18,352 [INFO]   MOTIVAZIONE : LLM: nessuna differenza funzionale rilevante. Score: 85.
2026-07-22 11:21:18,353 [INFO]   CHECKLIST   :
2026-07-22 11:21:18,354 [INFO]     Scopo funzionale              : IDENTICAL
2026-07-22 11:21:18,355 [INFO]     Logica operativa              : IDENTICAL
2026-07-22 11:21:18,356 [INFO]     Prestazioni                   : IDENTICAL
2026-07-22 11:21:18,358 [INFO]     Comportamento in guasto       : IDENTICAL
2026-07-22 11:21:18,359 [INFO]     Diagnostica                   : IDENTICAL
2026-07-22 11:21:18,361 [INFO]     Sicurezza                     : IDENTICAL
2026-07-22 11:21:18,361 [INFO] ───────────────────────────────────────────────────────
2026-07-22 11:21:18,363 [INFO]   [VZI_Base] 🟢 VERDE | Score: 85
2026-07-22 11:21:19,367 [INFO] Limite MAX_CELLS_PER_RUN raggiunto (90).
2026-07-22 11:21:20,524 [INFO] ✅ File Excel salvato: C:\__SCRIPTS\AskTrainMind\DB Flotte ETR1000 Ver_1.7_00.xlsx
2026-07-22 11:21:20,534 [INFO] Fine.
2026-07-23 11:55:18,410 [INFO] 
============================================================
2026-07-23 11:55:18,410 [INFO]   funzioni_ai_filter — avvio (versione ottimizzata)
2026-07-23 11:55:18,411 [INFO] ============================================================
2026-07-23 11:55:18,411 [INFO]   Excel     : C:\__SCRIPTS\AskTrainMind\DB Flotte ETR1000 Ver_1.7_00.xlsx
2026-07-23 11:55:18,411 [INFO]   AI model  : Ollama / llama3.2
2026-07-23 11:55:18,411 [INFO]   Partenza  : inizio foglio
2026-07-23 11:55:22,618 [INFO] HTTP Request: GET http://127.0.0.1:11434/api/tags "HTTP/1.1 200 OK"
2026-07-23 11:55:22,619 [INFO] ✅ Ollama OK — modello 'llama3.2' disponibile.
2026-07-23 11:55:25,650 [INFO]   [Cartelle] Base URL (da D5 data_only): https://gruppofsitaliane.sharepoint.com/:f:/r/sites/IngegneriaETReMezziLeggeri-Trenitalia/Shared%20Documents/DB_ETR1000/DOC_FLOTTE/
2026-07-23 11:55:25,658 [INFO]   [CONFIG] Configurazioni trovate in riga 1: ['VZI_Base', 'VZI_New14', 'VZ_FR', 'VZ_ES', 'VZI-6_R1', 'VZI-4_R1', 'VZ_DAI', 'VZ_Esxx']
2026-07-23 11:55:25,711 [INFO]   [CONFIG] 106 documenti caricati. Esempi: ['SW_Config', 'FPD_Drive Control', 'FPD_Conventional Train Control', 'FPD_Train Protection - ATP', 'FPD_TCMS Architecture', 'FPD_Propulsion and Auxiliary', 'FPD_Line Voltage', 'FPD_Auxiliary Electrical Supply']
2026-07-23 11:55:25,742 [INFO]   [MAN_CPR] Configurazioni trovate in riga 1: ['VZI_Base', 'VZI_New14', 'VZ_FR', 'VZ-ES', 'VZI-6_R1', 'VZI-4_R1']
2026-07-23 11:55:25,775 [INFO]   [MAN_CPR] 77 documenti caricati. Esempi: ['PBC_01A', 'PBC_01B', 'PBS_01A', 'MR1_01A', 'MR1_02A', 'MR1_03A', 'MR1_04A', 'MR1_05A']
2026-07-23 11:55:25,784 [INFO] Struttura foglio rilevata:
  FUNC ID=1, DESCRIZIONE=2, DOC CARTELLA=3, DOC ID=4, Info=5
  Configurazioni (6): ['VZI_Base', 'VZI_New14', 'VZ_FR', 'VZ_ES', 'VZI-6_R1', 'VZI-4_R1']
2026-07-23 11:55:25,792 [INFO] ▶ Elaborazione dall'inizio del foglio.
2026-07-23 11:55:25,794 [INFO]   Doc 'FS_DM1' [cartella: CONFIG] (riga 3): 2/6 configurazioni con link
2026-07-23 11:55:25,795 [INFO]   Doc 'FS_TT2' [cartella: CONFIG] (riga 7): 2/6 configurazioni con link
2026-07-23 11:55:25,797 [INFO]   Doc 'FRS_Brake Control' [cartella: CONFIG] (riga 11): 2/6 configurazioni con link
2026-07-23 11:55:25,800 [INFO]   Doc 'FPD_Brake Control' [cartella: CONFIG] (riga 14): 2/6 configurazioni con link
2026-07-23 11:55:25,802 [INFO]   Doc 'FS_DM1' [cartella: CONFIG] (riga 17): 2/6 configurazioni con link
2026-07-23 11:55:25,892 [INFO]   Doc 'FRS_Bogies' [cartella: CONFIG] (riga 21): 3/6 configurazioni con link
2026-07-23 11:55:25,907 [INFO]   Doc 'FPD_xx' [cartella: CONFIG] (riga 24): 0/6 configurazioni con link
2026-07-23 11:55:25,933 [INFO]   Doc 'FS_DM1' [cartella: CONFIG] (riga 27): 2/6 configurazioni con link
2026-07-23 11:55:25,938 [INFO]   Doc 'FRS_xx' [cartella: CONFIG] (riga 29): 0/6 configurazioni con link
2026-07-23 11:55:25,942 [INFO]   Doc 'FPD_xx' [cartella: CONFIG] (riga 31): 0/6 configurazioni con link
2026-07-23 11:55:25,943 [INFO]   Doc 'PBC_01A' [cartella: MAN_CPR] (riga 33): 2/6 configurazioni con link
2026-07-23 11:55:25,944 [INFO]   Doc 'DIA_Regole' [cartella: DIAGNOSTIC] (riga 36): 1/6 configurazioni con link
2026-07-23 11:55:25,953 [INFO]   Doc 'FD_TCMS' [cartella: GENERAL] (riga 38): 1/6 configurazioni con link
2026-07-23 11:55:25,958 [INFO]   Doc 'FRS_Line Voltage' [cartella: CONFIG] (riga 41): 4/6 configurazioni con link
2026-07-23 11:55:25,961 [INFO] 
───────────────────────────────────────────────────────
  FUNZIONE    : LV_Country_code_selection — Selezione su IDU del paese corrente, per informare
  DOCUMENTO   : FRS_Line Voltage
  DOC CARTELLA: CONFIG
  RIGA Doc    : 41 | RIGA AI: 43
───────────────────────────────────────────────────────
2026-07-23 11:55:25,968 [INFO]   [VZI_Base]
    URL    : https://gruppofsitaliane.sharepoint.com/:f:/r/sites/IngegneriaETReMezziLeggeri-Trenitalia/Shared%20Documents/DB_ETR1000/DOC_FLOTTE/VZI_Base/CONFIG/FRS/3EST000225-7907.pdf#page=7
    Pagina : '7' → 7
2026-07-23 11:55:25,969 [INFO]   [VZI_New14] nessun link — skip
2026-07-23 11:55:25,973 [INFO]   [VZ_FR]
    URL    : https://gruppofsitaliane.sharepoint.com/:f:/r/sites/IngegneriaETReMezziLeggeri-Trenitalia/Shared%20Documents/DB_ETR1000/DOC_FLOTTE/VZ_FR/CONFIG/FRS/3ECP413571-0401.pdf#page=7
    Pagina : '7' → 7
2026-07-23 11:55:25,975 [INFO]   [VZ_ES]
    URL    : https://gruppofsitaliane.sharepoint.com/:f:/r/sites/IngegneriaETReMezziLeggeri-Trenitalia/Shared%20Documents/DB_ETR1000/DOC_FLOTTE/VZ_ES/CONFIG/FRS/3EGH489028-2358.pdf#page=7
    Pagina : '7' → 7
2026-07-23 11:55:25,976 [INFO]   [VZI-6_R1]
    URL    : https://gruppofsitaliane.sharepoint.com/:f:/r/sites/IngegneriaETReMezziLeggeri-Trenitalia/Shared%20Documents/DB_ETR1000/DOC_FLOTTE/VZI-6_R1/CONFIG/FRS/FA020022045.pdf#page=12
    Pagina : '12' → 12
2026-07-23 11:55:25,977 [INFO]   [VZI-4_R1] nessun link — skip
2026-07-23 11:55:25,977 [INFO]   Doc 'FRS_Line Voltage' [cartella: CONFIG] (riga 45): 4/6 configurazioni con link
2026-07-23 11:55:25,978 [INFO] 
───────────────────────────────────────────────────────
  FUNZIONE    : LV_Pantograph_Lifting — Comando di alzamento pantografo 1 o 2 sulla base d
  DOCUMENTO   : FRS_Line Voltage
  DOC CARTELLA: CONFIG
  RIGA Doc    : 45 | RIGA AI: 47
───────────────────────────────────────────────────────
2026-07-23 11:55:25,978 [INFO]   [VZI_Base]
    URL    : https://gruppofsitaliane.sharepoint.com/:f:/r/sites/IngegneriaETReMezziLeggeri-Trenitalia/Shared%20Documents/DB_ETR1000/DOC_FLOTTE/VZI_Base/CONFIG/FRS/3EST000225-7907.pdf#page=8
    Pagina : '8' → 8
2026-07-23 11:55:25,984 [INFO]   [VZI_New14] nessun link — skip
2026-07-23 11:55:25,985 [INFO]   [VZ_FR]
    URL    : https://gruppofsitaliane.sharepoint.com/:f:/r/sites/IngegneriaETReMezziLeggeri-Trenitalia/Shared%20Documents/DB_ETR1000/DOC_FLOTTE/VZ_FR/CONFIG/FRS/3ECP413571-0401.pdf#page=8
    Pagina : '8' → 8
2026-07-23 11:55:25,986 [INFO]   [VZ_ES]
    URL    : https://gruppofsitaliane.sharepoint.com/:f:/r/sites/IngegneriaETReMezziLeggeri-Trenitalia/Shared%20Documents/DB_ETR1000/DOC_FLOTTE/VZ_ES/CONFIG/FRS/3EGH489028-2358.pdf#page=8
    Pagina : '8' → 8
2026-07-23 11:55:25,986 [INFO]   [VZI-6_R1]
    URL    : https://gruppofsitaliane.sharepoint.com/:f:/r/sites/IngegneriaETReMezziLeggeri-Trenitalia/Shared%20Documents/DB_ETR1000/DOC_FLOTTE/VZI-6_R1/CONFIG/FRS/FA020022045.pdf#page=13
    Pagina : '13' → 13
2026-07-23 11:55:25,986 [INFO]   [VZI-4_R1] nessun link — skip
2026-07-23 11:55:25,987 [INFO]   Doc 'FRS_Line Voltage' [cartella: CONFIG] (riga 49): 4/6 configurazioni con link
2026-07-23 11:55:25,987 [INFO] 
───────────────────────────────────────────────────────
  FUNZIONE    : LV_Pantograph_Lowering — Comando di abbassamento pantografo manuale/automat
  DOCUMENTO   : FRS_Line Voltage
  DOC CARTELLA: CONFIG
  RIGA Doc    : 49 | RIGA AI: 51
───────────────────────────────────────────────────────
2026-07-23 11:55:25,987 [INFO]   [VZI_Base]
    URL    : https://gruppofsitaliane.sharepoint.com/:f:/r/sites/IngegneriaETReMezziLeggeri-Trenitalia/Shared%20Documents/DB_ETR1000/DOC_FLOTTE/VZI_Base/CONFIG/FRS/3EST000225-7907.pdf#page=14
    Pagina : '14' → 14
2026-07-23 11:55:25,988 [INFO]   [VZI_New14] nessun link — skip
2026-07-23 11:55:25,988 [INFO]   [VZ_FR]
    URL    : https://gruppofsitaliane.sharepoint.com/:f:/r/sites/IngegneriaETReMezziLeggeri-Trenitalia/Shared%20Documents/DB_ETR1000/DOC_FLOTTE/VZ_FR/CONFIG/FRS/3ECP413571-0401.pdf#page=16
    Pagina : '16' → 16
2026-07-23 11:55:25,989 [INFO]   [VZ_ES]
    URL    : https://gruppofsitaliane.sharepoint.com/:f:/r/sites/IngegneriaETReMezziLeggeri-Trenitalia/Shared%20Documents/DB_ETR1000/DOC_FLOTTE/VZ_ES/CONFIG/FRS/3EGH489028-2358.pdf#page=14
    Pagina : '14' → 14
2026-07-23 11:55:25,990 [INFO]   [VZI-6_R1]
    URL    : https://gruppofsitaliane.sharepoint.com/:f:/r/sites/IngegneriaETReMezziLeggeri-Trenitalia/Shared%20Documents/DB_ETR1000/DOC_FLOTTE/VZI-6_R1/CONFIG/FRS/FA020022045.pdf#page=19
    Pagina : '19' → 19
2026-07-23 11:55:25,992 [INFO]   [VZI-4_R1] nessun link — skip
2026-07-23 11:55:25,993 [INFO]   Doc 'FRS_Line Voltage' [cartella: CONFIG] (riga 53): 4/6 configurazioni con link
2026-07-23 11:55:25,994 [INFO] 
───────────────────────────────────────────────────────
  FUNZIONE    : LV_Automatic_Dropping_Device_(ADD) — Dispositivo di abbassamento automatico del pantogr
  DOCUMENTO   : FRS_Line Voltage
  DOC CARTELLA: CONFIG
  RIGA Doc    : 53 | RIGA AI: 55
───────────────────────────────────────────────────────
2026-07-23 11:55:25,995 [INFO]   [VZI_Base] già compilata — skip
2026-07-23 11:55:25,996 [INFO]   [VZI_New14] nessun link — skip
2026-07-23 11:55:25,996 [INFO]   [VZ_FR] già compilata — skip
2026-07-23 11:55:25,997 [INFO]   [VZ_ES] già compilata — skip
2026-07-23 11:55:26,000 [INFO]   [VZI-6_R1] già compilata — skip
2026-07-23 11:55:26,000 [INFO]   [VZI-4_R1] nessun link — skip
2026-07-23 11:55:26,001 [INFO]   Doc 'FRS_Line Voltage' [cartella: CONFIG] (riga 57): 4/6 configurazioni con link
2026-07-23 11:55:26,002 [INFO] 
───────────────────────────────────────────────────────
  FUNZIONE    : LV_Pantograph_Interlock — Interblocco automatico dei pantografi in caso di g
  DOCUMENTO   : FRS_Line Voltage
  DOC CARTELLA: CONFIG
  RIGA Doc    : 57 | RIGA AI: 59
───────────────────────────────────────────────────────
2026-07-23 11:55:26,002 [INFO]   [VZI_Base] già compilata — skip
2026-07-23 11:55:26,002 [INFO]   [VZI_New14] nessun link — skip
2026-07-23 11:55:26,003 [INFO]   [VZ_FR] già compilata — skip
2026-07-23 11:55:26,003 [INFO]   [VZ_ES] già compilata — skip
2026-07-23 11:55:26,004 [INFO]   [VZI-6_R1] già compilata — skip
2026-07-23 11:55:26,004 [INFO]   [VZI-4_R1] nessun link — skip
2026-07-23 11:55:26,004 [INFO]   Doc 'FRS_Line Voltage' [cartella: CONFIG] (riga 61): 4/6 configurazioni con link
2026-07-23 11:55:26,005 [INFO] 
───────────────────────────────────────────────────────
  FUNZIONE    : LV_Pantograph_Selection — Selezione del pantografo in base al paese (tipolog
  DOCUMENTO   : FRS_Line Voltage
  DOC CARTELLA: CONFIG
  RIGA Doc    : 61 | RIGA AI: 63
───────────────────────────────────────────────────────
2026-07-23 11:55:26,015 [INFO]   [VZI_Base] già compilata — skip
2026-07-23 11:55:26,017 [INFO]   [VZI_New14] nessun link — skip
2026-07-23 11:55:26,017 [INFO]   [VZ_FR] già compilata — skip
2026-07-23 11:55:26,018 [INFO]   [VZ_ES] già compilata — skip
2026-07-23 11:55:26,020 [INFO]   [VZI-6_R1] già compilata — skip
2026-07-23 11:55:26,020 [INFO]   [VZI-4_R1] nessun link — skip
2026-07-23 11:55:26,022 [INFO]   Doc 'FRS_Line Voltage' [cartella: CONFIG] (riga 65): 4/6 configurazioni con link
2026-07-23 11:55:26,022 [INFO] 
───────────────────────────────────────────────────────
  FUNZIONE    : LV_Pantograph_Control_of_Static_Contact_Force — Controllo della forza statica/pressione del pantog
  DOCUMENTO   : FRS_Line Voltage
  DOC CARTELLA: CONFIG
  RIGA Doc    : 65 | RIGA AI: 67
───────────────────────────────────────────────────────
2026-07-23 11:55:26,023 [INFO]   [VZI_Base] già compilata — skip
2026-07-23 11:55:26,025 [INFO]   [VZI_New14] nessun link — skip
2026-07-23 11:55:26,035 [INFO]   [VZ_FR] già compilata — skip
2026-07-23 11:55:26,038 [INFO]   [VZ_ES] già compilata — skip
2026-07-23 11:55:26,039 [INFO]   [VZI-6_R1] già compilata — skip
2026-07-23 11:55:26,040 [INFO]   [VZI-4_R1] nessun link — skip
2026-07-23 11:55:26,041 [INFO]   Doc 'FRS_Line Voltage' [cartella: CONFIG] (riga 69): 4/6 configurazioni con link
2026-07-23 11:55:26,041 [INFO] 
───────────────────────────────────────────────────────
  FUNZIONE    : LV_Line_Voltage_Supervision — Controllo della tensione di linea tramite sensori 
  DOCUMENTO   : FRS_Line Voltage
  DOC CARTELLA: CONFIG
  RIGA Doc    : 69 | RIGA AI: 71
───────────────────────────────────────────────────────
2026-07-23 11:55:26,043 [INFO]   [VZI_Base] già compilata — skip
2026-07-23 11:55:26,050 [INFO]   [VZI_New14] nessun link — skip
2026-07-23 11:55:26,056 [INFO]   [VZ_FR] già compilata — skip
2026-07-23 11:55:26,057 [INFO]   [VZ_ES] già compilata — skip
2026-07-23 11:55:26,059 [INFO]   [VZI-6_R1] già compilata — skip
2026-07-23 11:55:26,059 [INFO]   [VZI-4_R1] nessun link — skip
2026-07-23 11:55:26,060 [INFO]   Doc 'FRS_Line Voltage' [cartella: CONFIG] (riga 73): 4/6 configurazioni con link
2026-07-23 11:55:26,060 [INFO] 
───────────────────────────────────────────────────────
  FUNZIONE    : LV_Line_Current_Supervision — Controllo della corrente di linea
  DOCUMENTO   : FRS_Line Voltage
  DOC CARTELLA: CONFIG
  RIGA Doc    : 73 | RIGA AI: 75
───────────────────────────────────────────────────────
2026-07-23 11:55:26,061 [INFO]   [VZI_Base] già compilata — skip
2026-07-23 11:55:26,066 [INFO]   [VZI_New14] nessun link — skip
2026-07-23 11:55:26,069 [INFO]   [VZ_FR] già compilata — skip
2026-07-23 11:55:26,073 [INFO]   [VZ_ES] già compilata — skip
2026-07-23 11:55:26,073 [INFO]   [VZI-6_R1] già compilata — skip
2026-07-23 11:55:26,074 [INFO]   [VZI-4_R1] nessun link — skip
2026-07-23 11:55:26,077 [INFO]   Doc 'FRS_Line Voltage' [cartella: CONFIG] (riga 77): 4/6 configurazioni con link
2026-07-23 11:55:26,078 [INFO] 
───────────────────────────────────────────────────────
  FUNZIONE    : LV_Line_Interference_Monitor — Controllo correnti/interferenze indesiderate di li
  DOCUMENTO   : FRS_Line Voltage
  DOC CARTELLA: CONFIG
  RIGA Doc    : 77 | RIGA AI: 79
───────────────────────────────────────────────────────
2026-07-23 11:55:26,079 [INFO]   [VZI_Base] già compilata — skip
2026-07-23 11:55:26,087 [INFO]   [VZI_New14] nessun link — skip
2026-07-23 11:55:26,088 [INFO]   [VZ_FR] già compilata — skip
2026-07-23 11:55:26,088 [INFO]   [VZ_ES] già compilata — skip
2026-07-23 11:55:26,088 [INFO]   [VZI-6_R1] già compilata — skip
2026-07-23 11:55:26,088 [INFO]   [VZI-4_R1] nessun link — skip
2026-07-23 11:55:26,089 [INFO]   Doc 'FRS_Line Voltage' [cartella: CONFIG] (riga 81): 4/6 configurazioni con link
2026-07-23 11:55:26,090 [INFO] 
───────────────────────────────────────────────────────
  FUNZIONE    : LV_LIM_50Hz_protection_bypass — Bypass della protezione LIM 50 Hz
  DOCUMENTO   : FRS_Line Voltage
  DOC CARTELLA: CONFIG
  RIGA Doc    : 81 | RIGA AI: 83
───────────────────────────────────────────────────────
2026-07-23 11:55:26,090 [INFO]   [VZI_Base] già compilata — skip
2026-07-23 11:55:26,091 [INFO]   [VZI_New14] nessun link — skip
2026-07-23 11:55:26,091 [INFO]   [VZ_FR] già compilata — skip
2026-07-23 11:55:26,091 [INFO]   [VZ_ES] già compilata — skip
2026-07-23 11:55:26,092 [INFO]   [VZI-6_R1] già compilata — skip
2026-07-23 11:55:26,092 [INFO]   [VZI-4_R1] nessun link — skip
2026-07-23 11:55:26,092 [INFO]   Doc 'FRS_Line Voltage' [cartella: CONFIG] (riga 85): 4/6 configurazioni con link
2026-07-23 11:55:26,103 [INFO] 
───────────────────────────────────────────────────────
  FUNZIONE    : LV_Neutral_Section_Passing — Gestione del passaggio in sezione neutra:
- automa
  DOCUMENTO   : FRS_Line Voltage
  DOC CARTELLA: CONFIG
  RIGA Doc    : 85 | RIGA AI: 87
───────────────────────────────────────────────────────
2026-07-23 11:55:26,106 [INFO]   [VZI_Base] già compilata — skip
2026-07-23 11:55:26,107 [INFO]   [VZI_New14] nessun link — skip
2026-07-23 11:55:26,108 [INFO]   [VZ_FR] già compilata — skip
2026-07-23 11:55:26,108 [INFO]   [VZ_ES] già compilata — skip
2026-07-23 11:55:26,109 [INFO]   [VZI-6_R1] già compilata — skip
2026-07-23 11:55:26,109 [INFO]   [VZI-4_R1] nessun link — skip
2026-07-23 11:55:26,110 [INFO]   Doc 'FRS_Line Voltage' [cartella: CONFIG] (riga 89): 4/6 configurazioni con link
2026-07-23 11:55:26,110 [INFO] 
───────────────────────────────────────────────────────
  FUNZIONE    : LV_System_Selection — Selezione tramite commutatore a 4 posizioni della 
  DOCUMENTO   : FRS_Line Voltage
  DOC CARTELLA: CONFIG
  RIGA Doc    : 89 | RIGA AI: 91
───────────────────────────────────────────────────────
2026-07-23 11:55:26,110 [INFO]   [VZI_Base] già compilata — skip
2026-07-23 11:55:26,136 [INFO]   [VZI_New14] nessun link — skip
2026-07-23 11:55:26,142 [INFO]   [VZ_FR] già compilata — skip
2026-07-23 11:55:26,142 [INFO]   [VZ_ES] già compilata — skip
2026-07-23 11:55:26,148 [INFO]   [VZI-6_R1] già compilata — skip
2026-07-23 11:55:26,149 [INFO]   [VZI-4_R1] nessun link — skip
2026-07-23 11:55:26,151 [INFO]   Doc 'FRS_Line Voltage' [cartella: CONFIG] (riga 93): 4/6 configurazioni con link
2026-07-23 11:55:26,151 [INFO] 
───────────────────────────────────────────────────────
  FUNZIONE    : LV_Line_Circuit_Breaker_Closing — Chiusura dell’interruttore di linea (LCB) per coll
  DOCUMENTO   : FRS_Line Voltage
  DOC CARTELLA: CONFIG
  RIGA Doc    : 93 | RIGA AI: 95
───────────────────────────────────────────────────────
2026-07-23 11:55:26,151 [INFO]   [VZI_Base] già compilata — skip
2026-07-23 11:55:26,152 [INFO]   [VZI_New14] nessun link — skip
2026-07-23 11:55:26,152 [INFO]   [VZ_FR] già compilata — skip
2026-07-23 11:55:26,153 [INFO]   [VZ_ES] già compilata — skip
2026-07-23 11:55:26,153 [INFO]   [VZI-6_R1] già compilata — skip
2026-07-23 11:55:26,153 [INFO]   [VZI-4_R1] nessun link — skip
2026-07-23 11:55:26,153 [INFO]   Doc 'FRS_Line Voltage' [cartella: CONFIG] (riga 97): 4/6 configurazioni con link
2026-07-23 11:55:26,154 [INFO] 
───────────────────────────────────────────────────────
  FUNZIONE    : LV_Line_Circuit_Breaker_Opening — Apertura LCB su comando o per intervento protezion
  DOCUMENTO   : FRS_Line Voltage
  DOC CARTELLA: CONFIG
  RIGA Doc    : 97 | RIGA AI: 99
───────────────────────────────────────────────────────
2026-07-23 11:55:26,154 [INFO]   [VZI_Base] già compilata — skip
2026-07-23 11:55:26,161 [INFO]   [VZI_New14] nessun link — skip
2026-07-23 11:55:26,165 [INFO]   [VZ_FR] già compilata — skip
2026-07-23 11:55:26,166 [INFO]   [VZ_ES] già compilata — skip
2026-07-23 11:55:26,167 [INFO]   [VZI-6_R1] già compilata — skip
2026-07-23 11:55:26,167 [INFO]   [VZI-4_R1] nessun link — skip
2026-07-23 11:55:26,167 [INFO]   Doc 'FRS_Line Voltage' [cartella: CONFIG] (riga 101): 4/6 configurazioni con link
2026-07-23 11:55:26,168 [INFO] 
───────────────────────────────────────────────────────
  FUNZIONE    : LV_Isolate_High_Voltage — Isolamento di sezioni HV guaste per mantenere disp
  DOCUMENTO   : FRS_Line Voltage
  DOC CARTELLA: CONFIG
  RIGA Doc    : 101 | RIGA AI: 103
───────────────────────────────────────────────────────
2026-07-23 11:55:26,168 [INFO]   [VZI_Base] già compilata — skip
2026-07-23 11:55:26,169 [INFO]   [VZI_New14] nessun link — skip
2026-07-23 11:55:26,170 [INFO]   [VZ_FR] già compilata — skip
2026-07-23 11:55:26,170 [INFO]   [VZ_ES] già compilata — skip
2026-07-23 11:55:26,172 [INFO]   [VZI-6_R1] già compilata — skip
2026-07-23 11:55:26,172 [INFO]   [VZI-4_R1] nessun link — skip
2026-07-23 11:55:26,173 [INFO]   Doc 'FRS_Line Voltage' [cartella: CONFIG] (riga 105): 1/6 configurazioni con link
2026-07-23 11:55:26,173 [INFO] 
───────────────────────────────────────────────────────
  FUNZIONE    : LV_Main_Transformer_cooling_control — Controllo da parte della PCU della velocità delle 
  DOCUMENTO   : FRS_Line Voltage
  DOC CARTELLA: CONFIG
  RIGA Doc    : 105 | RIGA AI: 107
───────────────────────────────────────────────────────
2026-07-23 11:55:26,173 [INFO]   [VZI_Base] nessun link — skip
2026-07-23 11:55:26,174 [INFO]   [VZI_New14] nessun link — skip
2026-07-23 11:55:26,174 [INFO]   [VZ_FR] nessun link — skip
2026-07-23 11:55:26,175 [INFO]   [VZ_ES] nessun link — skip
2026-07-23 11:55:26,176 [INFO]   [VZI-6_R1] già compilata — skip
2026-07-23 11:55:26,176 [INFO]   [VZI-4_R1] nessun link — skip
2026-07-23 11:55:26,177 [INFO]   Doc 'FRS_Line Voltage' [cartella: CONFIG] (riga 109): 1/6 configurazioni con link
2026-07-23 11:55:26,178 [INFO] 
───────────────────────────────────────────────────────
  FUNZIONE    : LV_Main_Transformer_Supervision — Controllo da parte della PCU della temperatura del
  DOCUMENTO   : FRS_Line Voltage
  DOC CARTELLA: CONFIG
  RIGA Doc    : 109 | RIGA AI: 111
───────────────────────────────────────────────────────
2026-07-23 11:55:26,178 [INFO]   [VZI_Base] nessun link — skip
2026-07-23 11:55:26,179 [INFO]   [VZI_New14] nessun link — skip
2026-07-23 11:55:26,182 [INFO]   [VZ_FR] nessun link — skip
2026-07-23 11:55:26,183 [INFO]   [VZ_ES] nessun link — skip
2026-07-23 11:55:26,184 [INFO]   [VZI-6_R1] già compilata — skip
2026-07-23 11:55:26,185 [INFO]   [VZI-4_R1] nessun link — skip
2026-07-23 11:55:26,186 [INFO]   Doc 'FRS_Line Voltage' [cartella: CONFIG] (riga 113): 3/6 configurazioni con link
2026-07-23 11:55:26,186 [INFO] 
───────────────────────────────────────────────────────
  FUNZIONE    : LV_Energy_Meter — Sistema di lettura dell'evergia assorbita dal tren
  DOCUMENTO   : FRS_Line Voltage
  DOC CARTELLA: CONFIG
  RIGA Doc    : 113 | RIGA AI: 115
───────────────────────────────────────────────────────
2026-07-23 11:55:26,186 [INFO]   [VZI_Base] nessun link — skip
2026-07-23 11:55:26,187 [INFO]   [VZI_New14] nessun link — skip
2026-07-23 11:55:26,187 [INFO]   [VZ_FR] già compilata — skip
2026-07-23 11:55:26,187 [INFO]   [VZ_ES] già compilata — skip
2026-07-23 11:55:26,187 [INFO]   [VZI-6_R1] già compilata — skip
2026-07-23 11:55:26,188 [INFO]   [VZI-4_R1] nessun link — skip
2026-07-23 11:55:26,189 [INFO]   Doc 'FRS_Line Voltage' [cartella: CONFIG] (riga 117): 4/6 configurazioni con link
2026-07-23 11:55:26,189 [INFO] 
───────────────────────────────────────────────────────
  FUNZIONE    : LV_Key_interlocking — Interblocco tramite giro chiavi del sistema alta t
  DOCUMENTO   : FRS_Line Voltage
  DOC CARTELLA: CONFIG
  RIGA Doc    : 117 | RIGA AI: 119
───────────────────────────────────────────────────────
2026-07-23 11:55:26,190 [INFO]   [VZI_Base] già compilata — skip
2026-07-23 11:55:26,190 [INFO]   [VZI_New14] nessun link — skip
2026-07-23 11:55:26,191 [INFO]   [VZ_FR] già compilata — skip
2026-07-23 11:55:26,191 [INFO]   [VZ_ES] già compilata — skip
2026-07-23 11:55:26,192 [INFO]   [VZI-6_R1] già compilata — skip
2026-07-23 11:55:26,192 [INFO]   [VZI-4_R1] nessun link — skip
2026-07-23 11:55:26,193 [INFO]   Doc 'FRS_Line Voltage' [cartella: CONFIG] (riga 121): 4/6 configurazioni con link
2026-07-23 11:55:26,193 [INFO] 
───────────────────────────────────────────────────────
  FUNZIONE    : LV_Function_Earthing_of_High_Voltage_Supply — Messa a terra dell'alta tensione per consentire la
  DOCUMENTO   : FRS_Line Voltage
  DOC CARTELLA: CONFIG
  RIGA Doc    : 121 | RIGA AI: 123
───────────────────────────────────────────────────────
2026-07-23 11:55:26,194 [INFO]   [VZI_Base] già compilata — skip
2026-07-23 11:55:26,194 [INFO]   [VZI_New14] nessun link — skip
2026-07-23 11:55:26,195 [INFO]   [VZ_FR] già compilata — skip
2026-07-23 11:55:26,196 [INFO]   [VZ_ES] già compilata — skip
2026-07-23 11:55:26,197 [INFO]   [VZI-6_R1] già compilata — skip
2026-07-23 11:55:26,197 [INFO]   [VZI-4_R1] nessun link — skip
2026-07-23 11:55:26,198 [INFO]   Doc 'FRS_Line Voltage' [cartella: CONFIG] (riga 125): 4/6 configurazioni con link
2026-07-23 11:55:26,198 [INFO] 
───────────────────────────────────────────────────────
  FUNZIONE    : LV_Function_Earthing_of_Converter_boxes — Messa a terra dei box convertitori per consentire 
  DOCUMENTO   : FRS_Line Voltage
  DOC CARTELLA: CONFIG
  RIGA Doc    : 125 | RIGA AI: 127
───────────────────────────────────────────────────────
2026-07-23 11:55:26,205 [INFO]   [VZI_Base] già compilata — skip
2026-07-23 11:55:26,207 [INFO]   [VZI_New14] nessun link — skip
2026-07-23 11:55:26,207 [INFO]   [VZ_FR] già compilata — skip
2026-07-23 11:55:26,207 [INFO]   [VZ_ES] già compilata — skip
2026-07-23 11:55:26,208 [INFO]   [VZI-6_R1] già compilata — skip
2026-07-23 11:55:26,208 [INFO]   [VZI-4_R1] nessun link — skip
2026-07-23 11:55:26,208 [INFO]   Doc 'FRS_Line Voltage' [cartella: CONFIG] (riga 129): 4/6 configurazioni con link
2026-07-23 11:55:26,208 [INFO] 
───────────────────────────────────────────────────────
  FUNZIONE    : LV_HVAC_pre-conditioning_on_DC_line — Funzione per alimentare gli HVAC senza superare i 
  DOCUMENTO   : FRS_Line Voltage
  DOC CARTELLA: CONFIG
  RIGA Doc    : 129 | RIGA AI: 131
───────────────────────────────────────────────────────
2026-07-23 11:55:26,208 [INFO]   [VZI_Base] già compilata — skip
2026-07-23 11:55:26,209 [INFO]   [VZI_New14] nessun link — skip
2026-07-23 11:55:26,209 [INFO]   [VZ_FR] già compilata — skip
2026-07-23 11:55:26,209 [INFO]   [VZ_ES] già compilata — skip
2026-07-23 11:55:26,209 [INFO]   [VZI-6_R1] già compilata — skip
2026-07-23 11:55:26,212 [INFO]   [VZI-4_R1] nessun link — skip
2026-07-23 11:55:26,215 [INFO]   Doc 'FRS_Aux Electrical Supply' [cartella: CONFIG] (riga 133): 4/6 configurazioni con link
2026-07-23 11:55:26,221 [INFO] 
───────────────────────────────────────────────────────
  FUNZIONE    : AUX_Function_General — 
  DOCUMENTO   : FRS_Aux Electrical Supply
  DOC CARTELLA: CONFIG
  RIGA Doc    : 133 | RIGA AI: 135
───────────────────────────────────────────────────────
2026-07-23 11:55:26,228 [INFO]   [VZI_Base] già compilata — skip
2026-07-23 11:55:26,240 [INFO]   [VZI_New14] nessun link — skip
2026-07-23 11:55:26,291 [INFO]   [VZ_FR] già compilata — skip
2026-07-23 11:55:26,342 [INFO]   [VZ_ES] già compilata — skip
2026-07-23 11:55:26,359 [INFO]   [VZI-6_R1] già compilata — skip
2026-07-23 11:55:26,371 [INFO]   [VZI-4_R1] nessun link — skip
2026-07-23 11:55:26,378 [INFO]   Doc 'FRS_Aux Electrical Supply' [cartella: CONFIG] (riga 137): 4/6 configurazioni con link
2026-07-23 11:55:26,407 [INFO] 
───────────────────────────────────────────────────────
  FUNZIONE    : AUX_Activation_and_Synchronisation_of_ACM — 
  DOCUMENTO   : FRS_Aux Electrical Supply
  DOC CARTELLA: CONFIG
  RIGA Doc    : 137 | RIGA AI: 139
───────────────────────────────────────────────────────
2026-07-23 11:55:26,415 [INFO]   [VZI_Base] già compilata — skip
2026-07-23 11:55:26,420 [INFO]   [VZI_New14] nessun link — skip
2026-07-23 11:55:26,420 [INFO]   [VZ_FR]
    URL    : https://gruppofsitaliane.sharepoint.com/:f:/r/sites/IngegneriaETReMezziLeggeri-Trenitalia/Shared%20Documents/DB_ETR1000/DOC_FLOTTE/VZ_FR/CONFIG/FRS/3ECP413571-0601.pdf#page=7
    Pagina : '7' → 7
2026-07-23 11:55:26,421 [INFO]   [VZ_ES]
    URL    : https://gruppofsitaliane.sharepoint.com/:f:/r/sites/IngegneriaETReMezziLeggeri-Trenitalia/Shared%20Documents/DB_ETR1000/DOC_FLOTTE/VZ_ES/CONFIG/FRS/3EST000225-7914.pdf#page=7
    Pagina : '7' → 7
2026-07-23 11:55:26,423 [INFO]   [VZI-6_R1]
    URL    : https://gruppofsitaliane.sharepoint.com/:f:/r/sites/IngegneriaETReMezziLeggeri-Trenitalia/Shared%20Documents/DB_ETR1000/DOC_FLOTTE/VZI-6_R1/CONFIG/FRS/FA020024537.pdf#page=8
    Pagina : '8' → 8
2026-07-23 11:55:26,423 [INFO]   [VZI-4_R1] nessun link — skip
2026-07-23 11:55:26,426 [INFO]   Doc 'FRS_Aux Electrical Supply' [cartella: CONFIG] (riga 141): 4/6 configurazioni con link
2026-07-23 11:55:26,435 [INFO] 
───────────────────────────────────────────────────────
  FUNZIONE    : AUX_ACM_reset — 
  DOCUMENTO   : FRS_Aux Electrical Supply
  DOC CARTELLA: CONFIG
  RIGA Doc    : 141 | RIGA AI: 143
───────────────────────────────────────────────────────
2026-07-23 11:55:26,442 [INFO]   [VZI_Base]
    URL    : https://gruppofsitaliane.sharepoint.com/:f:/r/sites/IngegneriaETReMezziLeggeri-Trenitalia/Shared%20Documents/DB_ETR1000/DOC_FLOTTE/VZI_Base/CONFIG/FRS/3EST000225-7914.pdf#page=9
    Pagina : '9' → 9
2026-07-23 11:55:26,443 [INFO]   [VZI_New14] nessun link — skip
2026-07-23 11:55:26,444 [INFO]   [VZ_FR]
    URL    : https://gruppofsitaliane.sharepoint.com/:f:/r/sites/IngegneriaETReMezziLeggeri-Trenitalia/Shared%20Documents/DB_ETR1000/DOC_FLOTTE/VZ_FR/CONFIG/FRS/3ECP413571-0601.pdf#page=9
    Pagina : '9' → 9
2026-07-23 11:55:26,446 [INFO]   [VZ_ES]
    URL    : https://gruppofsitaliane.sharepoint.com/:f:/r/sites/IngegneriaETReMezziLeggeri-Trenitalia/Shared%20Documents/DB_ETR1000/DOC_FLOTTE/VZ_ES/CONFIG/FRS/3EST000225-7914.pdf#page=9
    Pagina : '9' → 9
2026-07-23 11:55:26,452 [INFO]   [VZI-6_R1]
    URL    : https://gruppofsitaliane.sharepoint.com/:f:/r/sites/IngegneriaETReMezziLeggeri-Trenitalia/Shared%20Documents/DB_ETR1000/DOC_FLOTTE/VZI-6_R1/CONFIG/FRS/FA020024537.pdf#page=9
    Pagina : '9' → 9
2026-07-23 11:55:26,455 [INFO]   [VZI-4_R1] nessun link — skip
2026-07-23 11:55:26,456 [INFO]   Doc 'FRS_Aux Electrical Supply' [cartella: CONFIG] (riga 145): 4/6 configurazioni con link
2026-07-23 11:55:26,458 [INFO] 
───────────────────────────────────────────────────────
  FUNZIONE    : AUX_AC_on_Board_Supply_System — 
  DOCUMENTO   : FRS_Aux Electrical Supply
  DOC CARTELLA: CONFIG
  RIGA Doc    : 145 | RIGA AI: 147
───────────────────────────────────────────────────────
2026-07-23 11:55:26,459 [INFO]   [VZI_Base]
    URL    : https://gruppofsitaliane.sharepoint.com/:f:/r/sites/IngegneriaETReMezziLeggeri-Trenitalia/Shared%20Documents/DB_ETR1000/DOC_FLOTTE/VZI_Base/CONFIG/FRS/3EST000225-7914.pdf#page=10
    Pagina : '10' → 10
2026-07-23 11:55:26,461 [INFO]   [VZI_New14] nessun link — skip
2026-07-23 11:55:26,462 [INFO]   [VZ_FR]
    URL    : https://gruppofsitaliane.sharepoint.com/:f:/r/sites/IngegneriaETReMezziLeggeri-Trenitalia/Shared%20Documents/DB_ETR1000/DOC_FLOTTE/VZ_FR/CONFIG/FRS/3ECP413571-0601.pdf#page=10
    Pagina : '10' → 10
2026-07-23 11:55:26,463 [INFO]   [VZ_ES]
    URL    : https://gruppofsitaliane.sharepoint.com/:f:/r/sites/IngegneriaETReMezziLeggeri-Trenitalia/Shared%20Documents/DB_ETR1000/DOC_FLOTTE/VZ_ES/CONFIG/FRS/3EST000225-7914.pdf#page=10
    Pagina : '10' → 10
2026-07-23 11:55:26,468 [INFO]   [VZI-6_R1]
    URL    : https://gruppofsitaliane.sharepoint.com/:f:/r/sites/IngegneriaETReMezziLeggeri-Trenitalia/Shared%20Documents/DB_ETR1000/DOC_FLOTTE/VZI-6_R1/CONFIG/FRS/FA020024537.pdf#page=10
    Pagina : '10' → 10
2026-07-23 11:55:26,469 [INFO]   [VZI-4_R1] nessun link — skip
2026-07-23 11:55:26,470 [INFO]   Doc 'FRS_Aux Electrical Supply' [cartella: CONFIG] (riga 149): 4/6 configurazioni con link
2026-07-23 11:55:26,475 [INFO] 
───────────────────────────────────────────────────────
  FUNZIONE    : AUX_External_Power_Supply — 
  DOCUMENTO   : FRS_Aux Electrical Supply
  DOC CARTELLA: CONFIG
  RIGA Doc    : 149 | RIGA AI: 151
───────────────────────────────────────────────────────
2026-07-23 11:55:26,477 [INFO]   [VZI_Base]
    URL    : https://gruppofsitaliane.sharepoint.com/:f:/r/sites/IngegneriaETReMezziLeggeri-Trenitalia/Shared%20Documents/DB_ETR1000/DOC_FLOTTE/VZI_Base/CONFIG/FRS/3EST000225-7914.pdf#page=18
    Pagina : '18' → 18
2026-07-23 11:55:26,478 [INFO]   [VZI_New14] nessun link — skip
2026-07-23 11:55:26,489 [INFO]   [VZ_FR]
    URL    : https://gruppofsitaliane.sharepoint.com/:f:/r/sites/IngegneriaETReMezziLeggeri-Trenitalia/Shared%20Documents/DB_ETR1000/DOC_FLOTTE/VZ_FR/CONFIG/FRS/3ECP413571-0601.pdf#page=19
    Pagina : '19' → 19
2026-07-23 11:55:26,495 [INFO]   [VZ_ES]
    URL    : https://gruppofsitaliane.sharepoint.com/:f:/r/sites/IngegneriaETReMezziLeggeri-Trenitalia/Shared%20Documents/DB_ETR1000/DOC_FLOTTE/VZ_ES/CONFIG/FRS/3EST000225-7914.pdf#page=18
    Pagina : '18' → 18
2026-07-23 11:55:26,510 [INFO]   [VZI-6_R1]
    URL    : https://gruppofsitaliane.sharepoint.com/:f:/r/sites/IngegneriaETReMezziLeggeri-Trenitalia/Shared%20Documents/DB_ETR1000/DOC_FLOTTE/VZI-6_R1/CONFIG/FRS/FA020024537.pdf#page=18
    Pagina : '18' → 18
2026-07-23 11:55:26,513 [INFO]   [VZI-4_R1] nessun link — skip
2026-07-23 11:55:26,514 [INFO]   Doc 'FRS_Aux Electrical Supply' [cartella: CONFIG] (riga 153): 4/6 configurazioni con link
2026-07-23 11:55:26,514 [INFO] 
───────────────────────────────────────────────────────
  FUNZIONE    : AUX_Earthing_switch — 
  DOCUMENTO   : FRS_Aux Electrical Supply
  DOC CARTELLA: CONFIG
  RIGA Doc    : 153 | RIGA AI: 155
───────────────────────────────────────────────────────
2026-07-23 11:55:26,523 [INFO]   [VZI_Base]
    URL    : https://gruppofsitaliane.sharepoint.com/:f:/r/sites/IngegneriaETReMezziLeggeri-Trenitalia/Shared%20Documents/DB_ETR1000/DOC_FLOTTE/VZI_Base/CONFIG/FRS/3EST000225-7914.pdf#page=22
    Pagina : '22' → 22
2026-07-23 11:55:26,525 [INFO]   [VZI_New14] nessun link — skip
2026-07-23 11:55:26,541 [INFO]   [VZ_FR]
    URL    : https://gruppofsitaliane.sharepoint.com/:f:/r/sites/IngegneriaETReMezziLeggeri-Trenitalia/Shared%20Documents/DB_ETR1000/DOC_FLOTTE/VZ_FR/CONFIG/FRS/3ECP413571-0601.pdf#page=23
    Pagina : '23' → 23
2026-07-23 11:55:26,541 [INFO]   [VZ_ES]
    URL    : https://gruppofsitaliane.sharepoint.com/:f:/r/sites/IngegneriaETReMezziLeggeri-Trenitalia/Shared%20Documents/DB_ETR1000/DOC_FLOTTE/VZ_ES/CONFIG/FRS/3EST000225-7914.pdf#page=22
    Pagina : '22' → 22
2026-07-23 11:55:26,542 [INFO]   [VZI-6_R1]
    URL    : https://gruppofsitaliane.sharepoint.com/:f:/r/sites/IngegneriaETReMezziLeggeri-Trenitalia/Shared%20Documents/DB_ETR1000/DOC_FLOTTE/VZI-6_R1/CONFIG/FRS/FA020024537.pdf#page=22
    Pagina : '22' → 22
2026-07-23 11:55:26,542 [INFO]   [VZI-4_R1] nessun link — skip
2026-07-23 11:55:26,543 [INFO]   Doc 'FRS_Aux Electrical Supply' [cartella: CONFIG] (riga 157): 4/6 configurazioni con link
2026-07-23 11:55:26,543 [INFO] 
───────────────────────────────────────────────────────
  FUNZIONE    : AUX_230V,_50Hz_Sockets — 
  DOCUMENTO   : FRS_Aux Electrical Supply
  DOC CARTELLA: CONFIG
  RIGA Doc    : 157 | RIGA AI: 159
───────────────────────────────────────────────────────
2026-07-23 11:55:26,544 [INFO]   [VZI_Base]
    URL    : https://gruppofsitaliane.sharepoint.com/:f:/r/sites/IngegneriaETReMezziLeggeri-Trenitalia/Shared%20Documents/DB_ETR1000/DOC_FLOTTE/VZI_Base/CONFIG/FRS/3EST000225-7914.pdf#page=23
    Pagina : '23' → 23
2026-07-23 11:55:26,545 [INFO]   [VZI_New14] nessun link — skip
2026-07-23 11:55:26,545 [INFO]   [VZ_FR]
    URL    : https://gruppofsitaliane.sharepoint.com/:f:/r/sites/IngegneriaETReMezziLeggeri-Trenitalia/Shared%20Documents/DB_ETR1000/DOC_FLOTTE/VZ_FR/CONFIG/FRS/3ECP413571-0601.pdf#page=24
    Pagina : '24' → 24
2026-07-23 11:55:26,546 [INFO]   [VZ_ES]
    URL    : https://gruppofsitaliane.sharepoint.com/:f:/r/sites/IngegneriaETReMezziLeggeri-Trenitalia/Shared%20Documents/DB_ETR1000/DOC_FLOTTE/VZ_ES/CONFIG/FRS/3EST000225-7914.pdf#page=23
    Pagina : '23' → 23
2026-07-23 11:55:26,556 [INFO]   [VZI-6_R1]
    URL    : https://gruppofsitaliane.sharepoint.com/:f:/r/sites/IngegneriaETReMezziLeggeri-Trenitalia/Shared%20Documents/DB_ETR1000/DOC_FLOTTE/VZI-6_R1/CONFIG/FRS/FA020024537.pdf#page=23
    Pagina : '23' → 23
2026-07-23 11:55:26,558 [INFO]   [VZI-4_R1] nessun link — skip
2026-07-23 11:55:26,558 [INFO]   Doc 'FRS_Aux Electrical Supply' [cartella: CONFIG] (riga 161): 4/6 configurazioni con link
2026-07-23 11:55:26,559 [INFO] 
───────────────────────────────────────────────────────
  FUNZIONE    : AUX_Mini_Circuit_Breaker_Supervision — 
  DOCUMENTO   : FRS_Aux Electrical Supply
  DOC CARTELLA: CONFIG
  RIGA Doc    : 161 | RIGA AI: 163
───────────────────────────────────────────────────────
2026-07-23 11:55:26,559 [INFO]   [VZI_Base]
    URL    : https://gruppofsitaliane.sharepoint.com/:f:/r/sites/IngegneriaETReMezziLeggeri-Trenitalia/Shared%20Documents/DB_ETR1000/DOC_FLOTTE/VZI_Base/CONFIG/FRS/3EST000225-7914.pdf#page=24
    Pagina : '24' → 24
2026-07-23 11:55:26,560 [INFO]   [VZI_New14] nessun link — skip
2026-07-23 11:55:26,568 [INFO]   [VZ_FR]
    URL    : https://gruppofsitaliane.sharepoint.com/:f:/r/sites/IngegneriaETReMezziLeggeri-Trenitalia/Shared%20Documents/DB_ETR1000/DOC_FLOTTE/VZ_FR/CONFIG/FRS/3ECP413571-0601.pdf#page=25
    Pagina : '25' → 25
2026-07-23 11:55:26,570 [INFO]   [VZ_ES]
    URL    : https://gruppofsitaliane.sharepoint.com/:f:/r/sites/IngegneriaETReMezziLeggeri-Trenitalia/Shared%20Documents/DB_ETR1000/DOC_FLOTTE/VZ_ES/CONFIG/FRS/3EST000225-7914.pdf#page=24
    Pagina : '24' → 24
2026-07-23 11:55:26,570 [INFO]   [VZI-6_R1]
    URL    : https://gruppofsitaliane.sharepoint.com/:f:/r/sites/IngegneriaETReMezziLeggeri-Trenitalia/Shared%20Documents/DB_ETR1000/DOC_FLOTTE/VZI-6_R1/CONFIG/FRS/FA020024537.pdf#page=24
    Pagina : '24' → 24
2026-07-23 11:55:26,573 [INFO]   [VZI-4_R1] nessun link — skip
2026-07-23 11:55:26,580 [INFO]   Doc 'FRS_Battery' [cartella: CONFIG] (riga 165): 2/6 configurazioni con link
2026-07-23 11:55:26,586 [INFO] 
───────────────────────────────────────────────────────
  FUNZIONE    : BAT_Failure_cases_battery_system — 
  DOCUMENTO   : FRS_Battery
  DOC CARTELLA: CONFIG
  RIGA Doc    : 165 | RIGA AI: 167
───────────────────────────────────────────────────────
2026-07-23 11:55:26,587 [INFO]   [VZI_Base]
    URL    : https://gruppofsitaliane.sharepoint.com/:f:/r/sites/IngegneriaETReMezziLeggeri-Trenitalia/Shared%20Documents/DB_ETR1000/DOC_FLOTTE/VZI_Base/CONFIG/FRS/3EST000225-7908.pdf#page=8
    Pagina : '8' → 8
2026-07-23 11:55:26,588 [INFO]   [VZI_New14] nessun link — skip
2026-07-23 11:55:26,618 [INFO]   [VZ_FR] nessun link — skip
2026-07-23 11:55:26,625 [INFO]   [VZ_ES] nessun link — skip
2026-07-23 11:55:26,625 [INFO]   [VZI-6_R1]
    URL    : https://gruppofsitaliane.sharepoint.com/:f:/r/sites/IngegneriaETReMezziLeggeri-Trenitalia/Shared%20Documents/DB_ETR1000/DOC_FLOTTE/VZI-6_R1/CONFIG/FRS/FA020024538.pdf#page=8
    Pagina : '8' → 8
2026-07-23 11:55:26,627 [INFO]   [VZI-4_R1] nessun link — skip
2026-07-23 11:55:26,627 [INFO]   Doc 'FRS_Battery' [cartella: CONFIG] (riga 169): 2/6 configurazioni con link
2026-07-23 11:55:26,628 [INFO] 
───────────────────────────────────────────────────────
  FUNZIONE    : BAT_Function_Battery_Isolation — 
  DOCUMENTO   : FRS_Battery
  DOC CARTELLA: CONFIG
  RIGA Doc    : 169 | RIGA AI: 171
───────────────────────────────────────────────────────
2026-07-23 11:55:26,632 [INFO]   [VZI_Base]
    URL    : https://gruppofsitaliane.sharepoint.com/:f:/r/sites/IngegneriaETReMezziLeggeri-Trenitalia/Shared%20Documents/DB_ETR1000/DOC_FLOTTE/VZI_Base/CONFIG/FRS/3EST000225-7908.pdf#page=9
    Pagina : '9' → 9
2026-07-23 11:55:26,633 [INFO]   [VZI_New14] nessun link — skip
2026-07-23 11:55:26,633 [INFO]   [VZ_FR] nessun link — skip
2026-07-23 11:55:26,634 [INFO]   [VZ_ES] nessun link — skip
2026-07-23 11:55:26,635 [INFO]   [VZI-6_R1]
    URL    : https://gruppofsitaliane.sharepoint.com/:f:/r/sites/IngegneriaETReMezziLeggeri-Trenitalia/Shared%20Documents/DB_ETR1000/DOC_FLOTTE/VZI-6_R1/CONFIG/FRS/FA020024538.pdf#page=9
    Pagina : '9' → 9
2026-07-23 11:55:26,635 [INFO]   [VZI-4_R1] nessun link — skip
2026-07-23 11:55:26,636 [INFO]   Doc 'FRS_Battery' [cartella: CONFIG] (riga 173): 2/6 configurazioni con link
2026-07-23 11:55:26,639 [INFO] 
───────────────────────────────────────────────────────
  FUNZIONE    : BAT_Battery_Contactors — 
  DOCUMENTO   : FRS_Battery
  DOC CARTELLA: CONFIG
  RIGA Doc    : 173 | RIGA AI: 175
───────────────────────────────────────────────────────
2026-07-23 11:55:26,640 [INFO]   [VZI_Base]
    URL    : https://gruppofsitaliane.sharepoint.com/:f:/r/sites/IngegneriaETReMezziLeggeri-Trenitalia/Shared%20Documents/DB_ETR1000/DOC_FLOTTE/VZI_Base/CONFIG/FRS/3EST000225-7908.pdf#page=11
    Pagina : '11' → 11
2026-07-23 11:55:26,641 [INFO]   [VZI_New14] nessun link — skip
2026-07-23 11:55:26,641 [INFO]   [VZ_FR] nessun link — skip
2026-07-23 11:55:26,642 [INFO]   [VZ_ES] nessun link — skip
2026-07-23 11:55:26,648 [INFO]   [VZI-6_R1]
    URL    : https://gruppofsitaliane.sharepoint.com/:f:/r/sites/IngegneriaETReMezziLeggeri-Trenitalia/Shared%20Documents/DB_ETR1000/DOC_FLOTTE/VZI-6_R1/CONFIG/FRS/FA020024538.pdf#page=11
    Pagina : '11' → 11
2026-07-23 11:55:26,666 [INFO]   [VZI-4_R1] nessun link — skip
2026-07-23 11:55:26,673 [INFO]   Doc 'FRS_Battery' [cartella: CONFIG] (riga 177): 2/6 configurazioni con link
2026-07-23 11:55:26,687 [INFO] 
───────────────────────────────────────────────────────
  FUNZIONE    : BAT_Load_Shed_Contactors — 
  DOCUMENTO   : FRS_Battery
  DOC CARTELLA: CONFIG
  RIGA Doc    : 177 | RIGA AI: 179
───────────────────────────────────────────────────────
2026-07-23 11:55:26,694 [INFO]   [VZI_Base]
    URL    : https://gruppofsitaliane.sharepoint.com/:f:/r/sites/IngegneriaETReMezziLeggeri-Trenitalia/Shared%20Documents/DB_ETR1000/DOC_FLOTTE/VZI_Base/CONFIG/FRS/3EST000225-7908.pdf#page=16
    Pagina : '16' → 16
2026-07-23 11:55:26,707 [INFO]   [VZI_New14] nessun link — skip
2026-07-23 11:55:26,760 [INFO]   [VZ_FR] nessun link — skip
2026-07-23 11:55:26,769 [INFO]   [VZ_ES] nessun link — skip
2026-07-23 11:55:26,806 [INFO]   [VZI-6_R1]
    URL    : https://gruppofsitaliane.sharepoint.com/:f:/r/sites/IngegneriaETReMezziLeggeri-Trenitalia/Shared%20Documents/DB_ETR1000/DOC_FLOTTE/VZI-6_R1/CONFIG/FRS/FA020024538.pdf#page=16
    Pagina : '16' → 16
2026-07-23 11:55:26,807 [INFO]   [VZI-4_R1] nessun link — skip
2026-07-23 11:55:26,809 [INFO]   Doc 'FRS_Battery' [cartella: CONFIG] (riga 181): 2/6 configurazioni con link
2026-07-23 11:55:26,809 [INFO] 
───────────────────────────────────────────────────────
  FUNZIONE    : BAT_DC_Busline_Distribution — 
  DOCUMENTO   : FRS_Battery
  DOC CARTELLA: CONFIG
  RIGA Doc    : 181 | RIGA AI: 183
───────────────────────────────────────────────────────
2026-07-23 11:55:26,811 [INFO]   [VZI_Base]
    URL    : https://gruppofsitaliane.sharepoint.com/:f:/r/sites/IngegneriaETReMezziLeggeri-Trenitalia/Shared%20Documents/DB_ETR1000/DOC_FLOTTE/VZI_Base/CONFIG/FRS/3EST000225-7908.pdf#page=19
    Pagina : '19' → 19
2026-07-23 11:55:26,816 [INFO]   [VZI_New14] nessun link — skip
2026-07-23 11:55:26,819 [INFO]   [VZ_FR] nessun link — skip
2026-07-23 11:55:26,821 [INFO]   [VZ_ES] nessun link — skip
2026-07-23 11:55:26,822 [INFO]   [VZI-6_R1]
    URL    : https://gruppofsitaliane.sharepoint.com/:f:/r/sites/IngegneriaETReMezziLeggeri-Trenitalia/Shared%20Documents/DB_ETR1000/DOC_FLOTTE/VZI-6_R1/CONFIG/FRS/FA020024538.pdf#page=19
    Pagina : '19' → 19
2026-07-23 11:55:26,826 [INFO]   [VZI-4_R1] nessun link — skip
2026-07-23 11:55:26,827 [INFO]   Doc 'FRS_Battery' [cartella: CONFIG] (riga 185): 2/6 configurazioni con link
2026-07-23 11:55:26,829 [INFO] 
───────────────────────────────────────────────────────
  FUNZIONE    : BAT_Battery_Charging — 
  DOCUMENTO   : FRS_Battery
  DOC CARTELLA: CONFIG
  RIGA Doc    : 185 | RIGA AI: 187
───────────────────────────────────────────────────────
2026-07-23 11:55:26,830 [INFO]   [VZI_Base]
    URL    : https://gruppofsitaliane.sharepoint.com/:f:/r/sites/IngegneriaETReMezziLeggeri-Trenitalia/Shared%20Documents/DB_ETR1000/DOC_FLOTTE/VZI_Base/CONFIG/FRS/3EST000225-7908.pdf#page=21
    Pagina : '21' → 21
2026-07-23 11:55:26,831 [INFO]   [VZI_New14] nessun link — skip
2026-07-23 11:55:26,831 [INFO]   [VZ_FR] nessun link — skip
2026-07-23 11:55:26,831 [INFO]   [VZ_ES] nessun link — skip
2026-07-23 11:55:26,832 [INFO]   [VZI-6_R1]
    URL    : https://gruppofsitaliane.sharepoint.com/:f:/r/sites/IngegneriaETReMezziLeggeri-Trenitalia/Shared%20Documents/DB_ETR1000/DOC_FLOTTE/VZI-6_R1/CONFIG/FRS/FA020024538.pdf#page=21
    Pagina : '21' → 21
2026-07-23 11:55:26,832 [INFO]   [VZI-4_R1] nessun link — skip
2026-07-23 11:55:26,833 [INFO]   Doc 'FRS_Air Supply' [cartella: CONFIG] (riga 189): 3/6 configurazioni con link
2026-07-23 11:55:26,833 [INFO] 
───────────────────────────────────────────────────────
  FUNZIONE    : AIR_Control_of_Main_Compressor — 
  DOCUMENTO   : FRS_Air Supply
  DOC CARTELLA: CONFIG
  RIGA Doc    : 189 | RIGA AI: 191
───────────────────────────────────────────────────────
2026-07-23 11:55:26,834 [INFO]   [VZI_Base]
    URL    : https://gruppofsitaliane.sharepoint.com/:f:/r/sites/IngegneriaETReMezziLeggeri-Trenitalia/Shared%20Documents/DB_ETR1000/DOC_FLOTTE/VZI_Base/CONFIG/FRS/3EST000225-7915.pdf#page=6
    Pagina : '6' → 6
2026-07-23 11:55:26,835 [INFO]   [VZI_New14]
    URL    : https://gruppofsitaliane.sharepoint.com/:f:/r/sites/IngegneriaETReMezziLeggeri-Trenitalia/Shared%20Documents/DB_ETR1000/DOC_FLOTTE/VZI_New14/CONFIG/FRS/3ECP413719-0603.pdf#page=6
    Pagina : '6' → 6
2026-07-23 11:55:26,836 [INFO]   [VZ_FR] nessun link — skip
2026-07-23 11:55:26,838 [INFO]   [VZ_ES] nessun link — skip
2026-07-23 11:55:26,839 [INFO]   [VZI-6_R1]
    URL    : https://gruppofsitaliane.sharepoint.com/:f:/r/sites/IngegneriaETReMezziLeggeri-Trenitalia/Shared%20Documents/DB_ETR1000/DOC_FLOTTE/VZI-6_R1/CONFIG/FRS/FA020024531.pdf#page=6
    Pagina : '6' → 6
2026-07-23 11:55:26,840 [INFO]   [VZI-4_R1] nessun link — skip
2026-07-23 11:55:26,840 [INFO]   Doc 'FRS_Air Supply' [cartella: CONFIG] (riga 193): 3/6 configurazioni con link
2026-07-23 11:55:26,840 [INFO] 
───────────────────────────────────────────────────────
  FUNZIONE    : AIR_Monitoring_of_Main_Compressor — 
  DOCUMENTO   : FRS_Air Supply
  DOC CARTELLA: CONFIG
  RIGA Doc    : 193 | RIGA AI: 195
───────────────────────────────────────────────────────
2026-07-23 11:55:26,841 [INFO]   [VZI_Base]
    URL    : https://gruppofsitaliane.sharepoint.com/:f:/r/sites/IngegneriaETReMezziLeggeri-Trenitalia/Shared%20Documents/DB_ETR1000/DOC_FLOTTE/VZI_Base/CONFIG/FRS/3EST000225-7915.pdf#page=11
    Pagina : '11' → 11
2026-07-23 11:55:26,842 [INFO]   [VZI_New14]
    URL    : https://gruppofsitaliane.sharepoint.com/:f:/r/sites/IngegneriaETReMezziLeggeri-Trenitalia/Shared%20Documents/DB_ETR1000/DOC_FLOTTE/VZI_New14/CONFIG/FRS/3ECP413719-0603.pdf#page=12
    Pagina : '12' → 12
2026-07-23 11:55:26,842 [INFO]   [VZ_FR] nessun link — skip
2026-07-23 11:55:26,842 [INFO]   [VZ_ES] nessun link — skip
2026-07-23 11:55:26,843 [INFO]   [VZI-6_R1]
    URL    : https://gruppofsitaliane.sharepoint.com/:f:/r/sites/IngegneriaETReMezziLeggeri-Trenitalia/Shared%20Documents/DB_ETR1000/DOC_FLOTTE/VZI-6_R1/CONFIG/FRS/FA020024531.pdf#page=11
    Pagina : '11' → 11
2026-07-23 11:55:26,844 [INFO]   [VZI-4_R1] nessun link — skip
2026-07-23 11:55:26,848 [INFO]   Doc 'FRS_Air Supply' [cartella: CONFIG] (riga 197): 3/6 configurazioni con link
2026-07-23 11:55:26,849 [INFO] 
───────────────────────────────────────────────────────
  FUNZIONE    : AIR_Forcing_of_Main_compressor — 
  DOCUMENTO   : FRS_Air Supply
  DOC CARTELLA: CONFIG
  RIGA Doc    : 197 | RIGA AI: 199
───────────────────────────────────────────────────────
2026-07-23 11:55:26,903 [INFO]   [VZI_Base]
    URL    : https://gruppofsitaliane.sharepoint.com/:f:/r/sites/IngegneriaETReMezziLeggeri-Trenitalia/Shared%20Documents/DB_ETR1000/DOC_FLOTTE/VZI_Base/CONFIG/FRS/3EST000225-7915.pdf#page=14
    Pagina : '14' → 14
2026-07-23 11:55:26,955 [INFO]   [VZI_New14]
    URL    : https://gruppofsitaliane.sharepoint.com/:f:/r/sites/IngegneriaETReMezziLeggeri-Trenitalia/Shared%20Documents/DB_ETR1000/DOC_FLOTTE/VZI_New14/CONFIG/FRS/3ECP413719-0603.pdf#page=14
    Pagina : '14' → 14
2026-07-23 11:55:26,956 [INFO]   [VZ_FR] nessun link — skip
2026-07-23 11:55:26,979 [INFO]   [VZ_ES] nessun link — skip
2026-07-23 11:55:26,980 [INFO]   [VZI-6_R1]
    URL    : https://gruppofsitaliane.sharepoint.com/:f:/r/sites/IngegneriaETReMezziLeggeri-Trenitalia/Shared%20Documents/DB_ETR1000/DOC_FLOTTE/VZI-6_R1/CONFIG/FRS/FA020024531.pdf#page=14
    Pagina : '14' → 14
2026-07-23 11:55:26,990 [INFO]   [VZI-4_R1] nessun link — skip
2026-07-23 11:55:26,991 [INFO]   Doc 'FRS_Air Supply' [cartella: CONFIG] (riga 201): 3/6 configurazioni con link
2026-07-23 11:55:26,993 [INFO] 
───────────────────────────────────────────────────────
  FUNZIONE    : AIR_Air_Dryer — 
  DOCUMENTO   : FRS_Air Supply
  DOC CARTELLA: CONFIG
  RIGA Doc    : 201 | RIGA AI: 203
───────────────────────────────────────────────────────
2026-07-23 11:55:26,994 [INFO]   [VZI_Base]
    URL    : https://gruppofsitaliane.sharepoint.com/:f:/r/sites/IngegneriaETReMezziLeggeri-Trenitalia/Shared%20Documents/DB_ETR1000/DOC_FLOTTE/VZI_Base/CONFIG/FRS/3EST000225-7915.pdf#page=18
    Pagina : '18' → 18
2026-07-23 11:55:26,995 [INFO]   [VZI_New14]
    URL    : https://gruppofsitaliane.sharepoint.com/:f:/r/sites/IngegneriaETReMezziLeggeri-Trenitalia/Shared%20Documents/DB_ETR1000/DOC_FLOTTE/VZI_New14/CONFIG/FRS/3ECP413719-0603.pdf#page=16
    Pagina : '16' → 16
2026-07-23 11:55:27,013 [INFO]   [VZ_FR] nessun link — skip
2026-07-23 11:55:27,015 [INFO]   [VZ_ES] nessun link — skip
2026-07-23 11:55:27,028 [INFO]   [VZI-6_R1]
    URL    : https://gruppofsitaliane.sharepoint.com/:f:/r/sites/IngegneriaETReMezziLeggeri-Trenitalia/Shared%20Documents/DB_ETR1000/DOC_FLOTTE/VZI-6_R1/CONFIG/FRS/FA020024531.pdf#page=16
    Pagina : '16' → 16
2026-07-23 11:55:27,029 [INFO]   [VZI-4_R1] nessun link — skip
2026-07-23 11:55:27,031 [INFO]   Doc 'FRS_Air Supply' [cartella: CONFIG] (riga 205): 3/6 configurazioni con link
2026-07-23 11:55:27,031 [INFO] 
───────────────────────────────────────────────────────
  FUNZIONE    : AIR_External_Air_Supply — 
  DOCUMENTO   : FRS_Air Supply
  DOC CARTELLA: CONFIG
  RIGA Doc    : 205 | RIGA AI: 207
───────────────────────────────────────────────────────
2026-07-23 11:55:27,032 [INFO]   [VZI_Base]
    URL    : https://gruppofsitaliane.sharepoint.com/:f:/r/sites/IngegneriaETReMezziLeggeri-Trenitalia/Shared%20Documents/DB_ETR1000/DOC_FLOTTE/VZI_Base/CONFIG/FRS/3EST000225-7915.pdf#page=20
    Pagina : '20' → 20
2026-07-23 11:55:27,034 [INFO]   [VZI_New14]
    URL    : https://gruppofsitaliane.sharepoint.com/:f:/r/sites/IngegneriaETReMezziLeggeri-Trenitalia/Shared%20Documents/DB_ETR1000/DOC_FLOTTE/VZI_New14/CONFIG/FRS/3ECP413719-0603.pdf#page=18
    Pagina : '18' → 18
2026-07-23 11:55:27,052 [INFO]   [VZ_FR] nessun link — skip
2026-07-23 11:55:27,053 [INFO]   [VZ_ES] nessun link — skip
2026-07-23 11:55:27,054 [INFO]   [VZI-6_R1]
    URL    : https://gruppofsitaliane.sharepoint.com/:f:/r/sites/IngegneriaETReMezziLeggeri-Trenitalia/Shared%20Documents/DB_ETR1000/DOC_FLOTTE/VZI-6_R1/CONFIG/FRS/FA020024531.pdf#page=17
    Pagina : '17' → 17
2026-07-23 11:55:27,054 [INFO]   [VZI-4_R1] nessun link — skip
2026-07-23 11:55:27,055 [INFO]   Doc 'FRS_Air Supply' [cartella: CONFIG] (riga 209): 3/6 configurazioni con link
2026-07-23 11:55:27,056 [INFO] 
───────────────────────────────────────────────────────
  FUNZIONE    : AIR_Control_of_Auxiliary_Compressor — 
  DOCUMENTO   : FRS_Air Supply
  DOC CARTELLA: CONFIG
  RIGA Doc    : 209 | RIGA AI: 211
───────────────────────────────────────────────────────
2026-07-23 11:55:27,056 [INFO]   [VZI_Base]
    URL    : https://gruppofsitaliane.sharepoint.com/:f:/r/sites/IngegneriaETReMezziLeggeri-Trenitalia/Shared%20Documents/DB_ETR1000/DOC_FLOTTE/VZI_Base/CONFIG/FRS/3EST000225-7915.pdf#page=22
    Pagina : '22' → 22
2026-07-23 11:55:27,057 [INFO]   [VZI_New14]
    URL    : https://gruppofsitaliane.sharepoint.com/:f:/r/sites/IngegneriaETReMezziLeggeri-Trenitalia/Shared%20Documents/DB_ETR1000/DOC_FLOTTE/VZI_New14/CONFIG/FRS/3ECP413719-0603.pdf#page=19
    Pagina : '19' → 19
2026-07-23 11:55:27,057 [INFO]   [VZ_FR] nessun link — skip
2026-07-23 11:55:27,058 [INFO]   [VZ_ES] nessun link — skip
2026-07-23 11:55:27,058 [INFO]   [VZI-6_R1]
    URL    : https://gruppofsitaliane.sharepoint.com/:f:/r/sites/IngegneriaETReMezziLeggeri-Trenitalia/Shared%20Documents/DB_ETR1000/DOC_FLOTTE/VZI-6_R1/CONFIG/FRS/FA020024531.pdf#page=18
    Pagina : '18' → 18
2026-07-23 11:55:27,058 [INFO]   [VZI-4_R1] nessun link — skip
2026-07-23 11:55:27,059 [INFO]   Doc 'FRS_Air Supply' [cartella: CONFIG] (riga 213): 3/6 configurazioni con link
2026-07-23 11:55:27,060 [INFO] 
───────────────────────────────────────────────────────
  FUNZIONE    : AIR_Suspension_Supervision — 
  DOCUMENTO   : FRS_Air Supply
  DOC CARTELLA: CONFIG
  RIGA Doc    : 213 | RIGA AI: 215
───────────────────────────────────────────────────────
2026-07-23 11:55:27,060 [INFO]   [VZI_Base]
    URL    : https://gruppofsitaliane.sharepoint.com/:f:/r/sites/IngegneriaETReMezziLeggeri-Trenitalia/Shared%20Documents/DB_ETR1000/DOC_FLOTTE/VZI_Base/CONFIG/FRS/3EST000225-7915.pdf#page=26
    Pagina : '26' → 26
2026-07-23 11:55:27,062 [INFO]   [VZI_New14]
    URL    : https://gruppofsitaliane.sharepoint.com/:f:/r/sites/IngegneriaETReMezziLeggeri-Trenitalia/Shared%20Documents/DB_ETR1000/DOC_FLOTTE/VZI_New14/CONFIG/FRS/3ECP413719-0603.pdf#page=22
    Pagina : '22' → 22
2026-07-23 11:55:27,062 [INFO]   [VZ_FR] nessun link — skip
2026-07-23 11:55:27,062 [INFO]   [VZ_ES] nessun link — skip
2026-07-23 11:55:27,063 [INFO]   [VZI-6_R1]
    URL    : https://gruppofsitaliane.sharepoint.com/:f:/r/sites/IngegneriaETReMezziLeggeri-Trenitalia/Shared%20Documents/DB_ETR1000/DOC_FLOTTE/VZI-6_R1/CONFIG/FRS/FA020024531.pdf#page=21
    Pagina : '21' → 21
2026-07-23 11:55:27,070 [INFO]   [VZI-4_R1] nessun link — skip
2026-07-23 11:55:27,072 [INFO]   Doc 'FRS_Air Supply' [cartella: CONFIG] (riga 217): 3/6 configurazioni con link
2026-07-23 11:55:27,075 [INFO] 
───────────────────────────────────────────────────────
  FUNZIONE    : AIR_Provision_for_Tilt_system — 
  DOCUMENTO   : FRS_Air Supply
  DOC CARTELLA: CONFIG
  RIGA Doc    : 217 | RIGA AI: 219
───────────────────────────────────────────────────────
2026-07-23 11:55:27,077 [INFO]   [VZI_Base]
    URL    : https://gruppofsitaliane.sharepoint.com/:f:/r/sites/IngegneriaETReMezziLeggeri-Trenitalia/Shared%20Documents/DB_ETR1000/DOC_FLOTTE/VZI_Base/CONFIG/FRS/3EST000225-7915.pdf#page=28
    Pagina : '28' → 28
2026-07-23 11:55:27,078 [INFO]   [VZI_New14]
    URL    : https://gruppofsitaliane.sharepoint.com/:f:/r/sites/IngegneriaETReMezziLeggeri-Trenitalia/Shared%20Documents/DB_ETR1000/DOC_FLOTTE/VZI_New14/CONFIG/FRS/3ECP413719-0603.pdf#page=23
    Pagina : '23' → 23
2026-07-23 11:55:27,078 [INFO]   [VZ_FR] nessun link — skip
2026-07-23 11:55:27,078 [INFO]   [VZ_ES] nessun link — skip
2026-07-23 11:55:27,079 [INFO]   [VZI-6_R1]
    URL    : https://gruppofsitaliane.sharepoint.com/:f:/r/sites/IngegneriaETReMezziLeggeri-Trenitalia/Shared%20Documents/DB_ETR1000/DOC_FLOTTE/VZI-6_R1/CONFIG/FRS/FA020024531.pdf#page=22
    Pagina : '22' → 22
2026-07-23 11:55:27,080 [INFO]   [VZI-4_R1] nessun link — skip
2026-07-23 11:55:27,081 [INFO]   Doc 'FRS_Brake Control' [cartella: CONFIG] (riga 221): 4/6 configurazioni con link
2026-07-23 11:55:27,081 [INFO] 
───────────────────────────────────────────────────────
  FUNZIONE    : BRK_Service_Brake_Direct_Electro-Pneumatic_Brake — 
  DOCUMENTO   : FRS_Brake Control
  DOC CARTELLA: CONFIG
  RIGA Doc    : 221 | RIGA AI: 223
───────────────────────────────────────────────────────
2026-07-23 11:55:27,082 [INFO]   [VZI_Base]
    URL    : https://gruppofsitaliane.sharepoint.com/:f:/r/sites/IngegneriaETReMezziLeggeri-Trenitalia/Shared%20Documents/DB_ETR1000/DOC_FLOTTE/VZI_Base/CONFIG/FRS/3EST000225-7910.pdf#page=14
    Pagina : '14' → 14
2026-07-23 11:55:27,082 [INFO]   [VZI_New14] nessun link — skip
2026-07-23 11:55:27,085 [INFO]   [VZ_FR]
    URL    : https://gruppofsitaliane.sharepoint.com/:f:/r/sites/IngegneriaETReMezziLeggeri-Trenitalia/Shared%20Documents/DB_ETR1000/DOC_FLOTTE/VZ_FR/CONFIG/FRS/3ECP413571-0502.pdf#page=14
    Pagina : '14' → 14
2026-07-23 11:55:27,085 [INFO]   [VZ_ES]
    URL    : https://gruppofsitaliane.sharepoint.com/:f:/r/sites/IngegneriaETReMezziLeggeri-Trenitalia/Shared%20Documents/DB_ETR1000/DOC_FLOTTE/VZ_ES/CONFIG/FRS/3ECP413922-0502.pdf#page=14
    Pagina : '14' → 14
2026-07-23 11:55:27,086 [INFO]   [VZI-6_R1]
    URL    : https://gruppofsitaliane.sharepoint.com/:f:/r/sites/IngegneriaETReMezziLeggeri-Trenitalia/Shared%20Documents/DB_ETR1000/DOC_FLOTTE/VZI-6_R1/CONFIG/FRS/FA020023100.pdf#page=19
    Pagina : '19' → 19
2026-07-23 11:55:27,086 [INFO]   [VZI-4_R1] nessun link — skip
2026-07-23 11:55:27,087 [INFO]   Doc 'FRS_Brake Control' [cartella: CONFIG] (riga 225): 4/6 configurazioni con link
2026-07-23 11:55:27,087 [INFO] 
───────────────────────────────────────────────────────
  FUNZIONE    : BRK_Service_Brake_Indirect_Brake — 
  DOCUMENTO   : FRS_Brake Control
  DOC CARTELLA: CONFIG
  RIGA Doc    : 225 | RIGA AI: 227
───────────────────────────────────────────────────────
2026-07-23 11:55:27,088 [INFO]   [VZI_Base]
    URL    : https://gruppofsitaliane.sharepoint.com/:f:/r/sites/IngegneriaETReMezziLeggeri-Trenitalia/Shared%20Documents/DB_ETR1000/DOC_FLOTTE/VZI_Base/CONFIG/FRS/3EST000225-7910.pdf#page=50
    Pagina : '50' → 50
2026-07-23 11:55:27,096 [INFO]   [VZI_New14] nessun link — skip
2026-07-23 11:55:27,100 [INFO]   [VZ_FR]
    URL    : https://gruppofsitaliane.sharepoint.com/:f:/r/sites/IngegneriaETReMezziLeggeri-Trenitalia/Shared%20Documents/DB_ETR1000/DOC_FLOTTE/VZ_FR/CONFIG/FRS/3ECP413571-0502.pdf#page=54
    Pagina : '54' → 54
2026-07-23 11:55:27,117 [INFO]   [VZ_ES]
    URL    : https://gruppofsitaliane.sharepoint.com/:f:/r/sites/IngegneriaETReMezziLeggeri-Trenitalia/Shared%20Documents/DB_ETR1000/DOC_FLOTTE/VZ_ES/CONFIG/FRS/3ECP413922-0502.pdf#page=50
    Pagina : '50' → 50
2026-07-23 11:55:27,123 [INFO]   [VZI-6_R1]
    URL    : https://gruppofsitaliane.sharepoint.com/:f:/r/sites/IngegneriaETReMezziLeggeri-Trenitalia/Shared%20Documents/DB_ETR1000/DOC_FLOTTE/VZI-6_R1/CONFIG/FRS/FA020023100.pdf#page=95
    Pagina : '95' → 95
2026-07-23 11:55:27,125 [INFO]   [VZI-4_R1] nessun link — skip
2026-07-23 11:55:27,126 [INFO]   Doc 'FRS_Brake Control' [cartella: CONFIG] (riga 229): 4/6 configurazioni con link
2026-07-23 11:55:27,126 [INFO] 
───────────────────────────────────────────────────────
  FUNZIONE    : BRK_Holding_Brake — 
  DOCUMENTO   : FRS_Brake Control
  DOC CARTELLA: CONFIG
  RIGA Doc    : 229 | RIGA AI: 231
───────────────────────────────────────────────────────
2026-07-23 11:55:27,126 [INFO]   [VZI_Base]
    URL    : https://gruppofsitaliane.sharepoint.com/:f:/r/sites/IngegneriaETReMezziLeggeri-Trenitalia/Shared%20Documents/DB_ETR1000/DOC_FLOTTE/VZI_Base/CONFIG/FRS/3EST000225-7910.pdf#page=87
    Pagina : '87' → 87
2026-07-23 11:55:27,127 [INFO]   [VZI_New14] nessun link — skip
2026-07-23 11:55:27,128 [INFO]   [VZ_FR]
    URL    : https://gruppofsitaliane.sharepoint.com/:f:/r/sites/IngegneriaETReMezziLeggeri-Trenitalia/Shared%20Documents/DB_ETR1000/DOC_FLOTTE/VZ_FR/CONFIG/FRS/3ECP413571-0502.pdf#page=94
    Pagina : '94' → 94
2026-07-23 11:55:27,128 [INFO]   [VZ_ES]
    URL    : https://gruppofsitaliane.sharepoint.com/:f:/r/sites/IngegneriaETReMezziLeggeri-Trenitalia/Shared%20Documents/DB_ETR1000/DOC_FLOTTE/VZ_ES/CONFIG/FRS/3ECP413922-0502.pdf#page=86
    Pagina : '86' → 86
2026-07-23 11:55:27,129 [INFO]   [VZI-6_R1]
    URL    : https://gruppofsitaliane.sharepoint.com/:f:/r/sites/IngegneriaETReMezziLeggeri-Trenitalia/Shared%20Documents/DB_ETR1000/DOC_FLOTTE/VZI-6_R1/CONFIG/FRS/FA020023100.pdf#page=129
    Pagina : '129' → 129
2026-07-23 11:55:27,132 [INFO]   [VZI-4_R1] nessun link — skip
2026-07-23 11:55:27,132 [INFO]   Doc 'FRS_Brake Control' [cartella: CONFIG] (riga 233): 4/6 configurazioni con link
2026-07-23 11:55:27,133 [INFO] 
───────────────────────────────────────────────────────
  FUNZIONE    : BRK_Urgency_Brake_(Optional) — 
  DOCUMENTO   : FRS_Brake Control
  DOC CARTELLA: CONFIG
  RIGA Doc    : 233 | RIGA AI: 235
───────────────────────────────────────────────────────
2026-07-23 11:55:27,133 [INFO]   [VZI_Base]
    URL    : https://gruppofsitaliane.sharepoint.com/:f:/r/sites/IngegneriaETReMezziLeggeri-Trenitalia/Shared%20Documents/DB_ETR1000/DOC_FLOTTE/VZI_Base/CONFIG/FRS/3EST000225-7910.pdf#page=91
    Pagina : '91' → 91
2026-07-23 11:55:27,136 [INFO]   [VZI_New14] nessun link — skip
2026-07-23 11:55:27,140 [INFO]   [VZ_FR]
    URL    : https://gruppofsitaliane.sharepoint.com/:f:/r/sites/IngegneriaETReMezziLeggeri-Trenitalia/Shared%20Documents/DB_ETR1000/DOC_FLOTTE/VZ_FR/CONFIG/FRS/3ECP413571-0502.pdf#page=99
    Pagina : '99' → 99
2026-07-23 11:55:27,141 [INFO]   [VZ_ES]
    URL    : https://gruppofsitaliane.sharepoint.com/:f:/r/sites/IngegneriaETReMezziLeggeri-Trenitalia/Shared%20Documents/DB_ETR1000/DOC_FLOTTE/VZ_ES/CONFIG/FRS/3ECP413922-0502.pdf#page=90
    Pagina : '90' → 90
2026-07-23 11:55:27,141 [INFO]   [VZI-6_R1]
    URL    : https://gruppofsitaliane.sharepoint.com/:f:/r/sites/IngegneriaETReMezziLeggeri-Trenitalia/Shared%20Documents/DB_ETR1000/DOC_FLOTTE/VZI-6_R1/CONFIG/FRS/FA020023100.pdf#page=133
    Pagina : '133' → 133
2026-07-23 11:55:27,158 [INFO]   [VZI-4_R1] nessun link — skip
2026-07-23 11:55:27,159 [INFO]   Doc 'FRS_Brake Control' [cartella: CONFIG] (riga 237): 4/6 configurazioni con link
2026-07-23 11:55:27,160 [INFO] 
───────────────────────────────────────────────────────
  FUNZIONE    : BRK_Emergency_Brake — 
  DOCUMENTO   : FRS_Brake Control
  DOC CARTELLA: CONFIG
  RIGA Doc    : 237 | RIGA AI: 239
───────────────────────────────────────────────────────
2026-07-23 11:55:27,161 [INFO]   [VZI_Base]
    URL    : https://gruppofsitaliane.sharepoint.com/:f:/r/sites/IngegneriaETReMezziLeggeri-Trenitalia/Shared%20Documents/DB_ETR1000/DOC_FLOTTE/VZI_Base/CONFIG/FRS/3EST000225-7910.pdf#page=97
    Pagina : '97' → 97
2026-07-23 11:55:27,162 [INFO]   [VZI_New14] nessun link — skip
2026-07-23 11:55:27,162 [INFO]   [VZ_FR]
    URL    : https://gruppofsitaliane.sharepoint.com/:f:/r/sites/IngegneriaETReMezziLeggeri-Trenitalia/Shared%20Documents/DB_ETR1000/DOC_FLOTTE/VZ_FR/CONFIG/FRS/3ECP413571-0502.pdf#page=102
    Pagina : '102' → 102
2026-07-23 11:55:27,170 [INFO]   [VZ_ES]
    URL    : https://gruppofsitaliane.sharepoint.com/:f:/r/sites/IngegneriaETReMezziLeggeri-Trenitalia/Shared%20Documents/DB_ETR1000/DOC_FLOTTE/VZ_ES/CONFIG/FRS/3ECP413922-0502.pdf#page=93
    Pagina : '93' → 93
2026-07-23 11:55:27,171 [INFO]   [VZI-6_R1]
    URL    : https://gruppofsitaliane.sharepoint.com/:f:/r/sites/IngegneriaETReMezziLeggeri-Trenitalia/Shared%20Documents/DB_ETR1000/DOC_FLOTTE/VZI-6_R1/CONFIG/FRS/FA020023100.pdf#page=136
    Pagina : '136' → 136
2026-07-23 11:55:27,171 [INFO]   [VZI-4_R1] nessun link — skip
2026-07-23 11:55:27,172 [INFO]   Doc 'FRS_Brake Control' [cartella: CONFIG] (riga 241): 4/6 configurazioni con link
2026-07-23 11:55:27,172 [INFO] 
───────────────────────────────────────────────────────
  FUNZIONE    : BRK_Parking_Brake — 
  DOCUMENTO   : FRS_Brake Control
  DOC CARTELLA: CONFIG
  RIGA Doc    : 241 | RIGA AI: 243
───────────────────────────────────────────────────────
2026-07-23 11:55:27,174 [INFO]   [VZI_Base]
    URL    : https://gruppofsitaliane.sharepoint.com/:f:/r/sites/IngegneriaETReMezziLeggeri-Trenitalia/Shared%20Documents/DB_ETR1000/DOC_FLOTTE/VZI_Base/CONFIG/FRS/3EST000225-7910.pdf#page=117
    Pagina : '117' → 117
2026-07-23 11:55:27,191 [INFO]   [VZI_New14] nessun link — skip
2026-07-23 11:55:27,192 [INFO]   [VZ_FR]
    URL    : https://gruppofsitaliane.sharepoint.com/:f:/r/sites/IngegneriaETReMezziLeggeri-Trenitalia/Shared%20Documents/DB_ETR1000/DOC_FLOTTE/VZ_FR/CONFIG/FRS/3ECP413571-0502.pdf#page=127
    Pagina : '127' → 127
2026-07-23 11:55:27,194 [INFO]   [VZ_ES]
    URL    : https://gruppofsitaliane.sharepoint.com/:f:/r/sites/IngegneriaETReMezziLeggeri-Trenitalia/Shared%20Documents/DB_ETR1000/DOC_FLOTTE/VZ_ES/CONFIG/FRS/3ECP413922-0502.pdf#page=113
    Pagina : '113' → 113
2026-07-23 11:55:27,195 [INFO]   [VZI-6_R1]
    URL    : https://gruppofsitaliane.sharepoint.com/:f:/r/sites/IngegneriaETReMezziLeggeri-Trenitalia/Shared%20Documents/DB_ETR1000/DOC_FLOTTE/VZI-6_R1/CONFIG/FRS/FA020023100.pdf#page=154
    Pagina : '154' → 154
2026-07-23 11:55:27,202 [INFO]   [VZI-4_R1] nessun link — skip
2026-07-23 11:55:27,204 [INFO]   Doc 'FRS_Brake Control' [cartella: CONFIG] (riga 245): 4/6 configurazioni con link
2026-07-23 11:55:27,205 [INFO] 
───────────────────────────────────────────────────────
  FUNZIONE    : BRK_Wheel_Slide_Protection — 
  DOCUMENTO   : FRS_Brake Control
  DOC CARTELLA: CONFIG
  RIGA Doc    : 245 | RIGA AI: 247
───────────────────────────────────────────────────────
2026-07-23 11:55:27,224 [INFO]   [VZI_Base]
    URL    : https://gruppofsitaliane.sharepoint.com/:f:/r/sites/IngegneriaETReMezziLeggeri-Trenitalia/Shared%20Documents/DB_ETR1000/DOC_FLOTTE/VZI_Base/CONFIG/FRS/3EST000225-7910.pdf#page=131
    Pagina : '131' → 131
2026-07-23 11:55:27,225 [INFO]   [VZI_New14] nessun link — skip
2026-07-23 11:55:27,225 [INFO]   [VZ_FR]
    URL    : https://gruppofsitaliane.sharepoint.com/:f:/r/sites/IngegneriaETReMezziLeggeri-Trenitalia/Shared%20Documents/DB_ETR1000/DOC_FLOTTE/VZ_FR/CONFIG/FRS/3ECP413571-0502.pdf#page=142
    Pagina : '142' → 142
2026-07-23 11:55:27,226 [INFO]   [VZ_ES]
    URL    : https://gruppofsitaliane.sharepoint.com/:f:/r/sites/IngegneriaETReMezziLeggeri-Trenitalia/Shared%20Documents/DB_ETR1000/DOC_FLOTTE/VZ_ES/CONFIG/FRS/3ECP413922-0502.pdf#page=131
    Pagina : '131' → 131
2026-07-23 11:55:27,227 [INFO]   [VZI-6_R1]
    URL    : https://gruppofsitaliane.sharepoint.com/:f:/r/sites/IngegneriaETReMezziLeggeri-Trenitalia/Shared%20Documents/DB_ETR1000/DOC_FLOTTE/VZI-6_R1/CONFIG/FRS/FA020023100.pdf#page=171
    Pagina : '171' → 171
2026-07-23 11:55:27,228 [INFO]   [VZI-4_R1] nessun link — skip
2026-07-23 11:55:27,229 [INFO]   Doc 'FRS_Brake Control' [cartella: CONFIG] (riga 249): 4/6 configurazioni con link
2026-07-23 11:55:27,237 [INFO] 
───────────────────────────────────────────────────────
  FUNZIONE    : BRK_Detection_of_Non-Rotating_Axle_(DNRA) — 
  DOCUMENTO   : FRS_Brake Control
  DOC CARTELLA: CONFIG
  RIGA Doc    : 249 | RIGA AI: 251
───────────────────────────────────────────────────────
2026-07-23 11:55:27,238 [INFO]   [VZI_Base]
    URL    : https://gruppofsitaliane.sharepoint.com/:f:/r/sites/IngegneriaETReMezziLeggeri-Trenitalia/Shared%20Documents/DB_ETR1000/DOC_FLOTTE/VZI_Base/CONFIG/FRS/3EST000225-7910.pdf#page=145
    Pagina : '145' → 145
2026-07-23 11:55:27,239 [INFO]   [VZI_New14] nessun link — skip
2026-07-23 11:55:27,239 [INFO]   [VZ_FR]
    URL    : https://gruppofsitaliane.sharepoint.com/:f:/r/sites/IngegneriaETReMezziLeggeri-Trenitalia/Shared%20Documents/DB_ETR1000/DOC_FLOTTE/VZ_FR/CONFIG/FRS/3ECP413571-0502.pdf#page=157
    Pagina : '157' → 157
2026-07-23 11:55:27,240 [INFO]   [VZ_ES]
    URL    : https://gruppofsitaliane.sharepoint.com/:f:/r/sites/IngegneriaETReMezziLeggeri-Trenitalia/Shared%20Documents/DB_ETR1000/DOC_FLOTTE/VZ_ES/CONFIG/FRS/3ECP413922-0502.pdf#page=144
    Pagina : '144' → 144
2026-07-23 11:55:27,240 [INFO]   [VZI-6_R1]
    URL    : https://gruppofsitaliane.sharepoint.com/:f:/r/sites/IngegneriaETReMezziLeggeri-Trenitalia/Shared%20Documents/DB_ETR1000/DOC_FLOTTE/VZI-6_R1/CONFIG/FRS/FA020023100.pdf#page=189
    Pagina : '189' → 189
2026-07-23 11:55:27,241 [INFO]   [VZI-4_R1] nessun link — skip
2026-07-23 11:55:27,241 [INFO]   Doc 'FRS_Brake Control' [cartella: CONFIG] (riga 253): 4/6 configurazioni con link
2026-07-23 11:55:27,242 [INFO] 
───────────────────────────────────────────────────────
  FUNZIONE    : BRK_Passenger_Emergency_Brake — 
  DOCUMENTO   : FRS_Brake Control
  DOC CARTELLA: CONFIG
  RIGA Doc    : 253 | RIGA AI: 255
───────────────────────────────────────────────────────
2026-07-23 11:55:27,243 [INFO]   [VZI_Base]
    URL    : https://gruppofsitaliane.sharepoint.com/:f:/r/sites/IngegneriaETReMezziLeggeri-Trenitalia/Shared%20Documents/DB_ETR1000/DOC_FLOTTE/VZI_Base/CONFIG/FRS/3EST000225-7910.pdf#page=153
    Pagina : '153' → 153
2026-07-23 11:55:27,243 [INFO]   [VZI_New14] nessun link — skip
2026-07-23 11:55:27,244 [INFO]   [VZ_FR]
    URL    : https://gruppofsitaliane.sharepoint.com/:f:/r/sites/IngegneriaETReMezziLeggeri-Trenitalia/Shared%20Documents/DB_ETR1000/DOC_FLOTTE/VZ_FR/CONFIG/FRS/3ECP413571-0502.pdf#page=165
    Pagina : '165' → 165
2026-07-23 11:55:27,244 [INFO]   [VZ_ES]
    URL    : https://gruppofsitaliane.sharepoint.com/:f:/r/sites/IngegneriaETReMezziLeggeri-Trenitalia/Shared%20Documents/DB_ETR1000/DOC_FLOTTE/VZ_ES/CONFIG/FRS/3ECP413922-0502.pdf#page=166
    Pagina : '166' → 166
2026-07-23 11:55:27,244 [INFO]   [VZI-6_R1]
    URL    : https://gruppofsitaliane.sharepoint.com/:f:/r/sites/IngegneriaETReMezziLeggeri-Trenitalia/Shared%20Documents/DB_ETR1000/DOC_FLOTTE/VZI-6_R1/CONFIG/FRS/FA020023100.pdf#page=192
    Pagina : '192' → 192
2026-07-23 11:55:27,245 [INFO]   [VZI-4_R1] nessun link — skip
2026-07-23 11:55:27,247 [INFO]   Doc 'FRS_Brake Control' [cartella: CONFIG] (riga 257): 4/6 configurazioni con link
2026-07-23 11:55:27,247 [INFO] 
───────────────────────────────────────────────────────
  FUNZIONE    : BRK_Sanding — 
  DOCUMENTO   : FRS_Brake Control
  DOC CARTELLA: CONFIG
  RIGA Doc    : 257 | RIGA AI: 259
───────────────────────────────────────────────────────
2026-07-23 11:55:27,253 [INFO]   [VZI_Base]
    URL    : https://gruppofsitaliane.sharepoint.com/:f:/r/sites/IngegneriaETReMezziLeggeri-Trenitalia/Shared%20Documents/DB_ETR1000/DOC_FLOTTE/VZI_Base/CONFIG/FRS/3EST000225-7910.pdf#page=163
    Pagina : '163' → 163
2026-07-23 11:55:27,253 [INFO]   [VZI_New14] nessun link — skip
2026-07-23 11:55:27,254 [INFO]   [VZ_FR]
    URL    : https://gruppofsitaliane.sharepoint.com/:f:/r/sites/IngegneriaETReMezziLeggeri-Trenitalia/Shared%20Documents/DB_ETR1000/DOC_FLOTTE/VZ_FR/CONFIG/FRS/3ECP413571-0502.pdf#page=173
    Pagina : '173' → 173
2026-07-23 11:55:27,255 [INFO]   [VZ_ES]
    URL    : https://gruppofsitaliane.sharepoint.com/:f:/r/sites/IngegneriaETReMezziLeggeri-Trenitalia/Shared%20Documents/DB_ETR1000/DOC_FLOTTE/VZ_ES/CONFIG/FRS/3ECP413922-0502.pdf#page=177
    Pagina : '177' → 177
2026-07-23 11:55:27,257 [INFO]   [VZI-6_R1]
    URL    : https://gruppofsitaliane.sharepoint.com/:f:/r/sites/IngegneriaETReMezziLeggeri-Trenitalia/Shared%20Documents/DB_ETR1000/DOC_FLOTTE/VZI-6_R1/CONFIG/FRS/FA020023100.pdf#page=204
    Pagina : '204' → 204
2026-07-23 11:55:27,258 [INFO]   [VZI-4_R1] nessun link — skip
2026-07-23 11:55:27,258 [INFO]   Doc 'FRS_Brake Control' [cartella: CONFIG] (riga 261): 4/6 configurazioni con link
2026-07-23 11:55:27,259 [INFO] 
───────────────────────────────────────────────────────
  FUNZIONE    : BRK_Brake_Test — 
  DOCUMENTO   : FRS_Brake Control
  DOC CARTELLA: CONFIG
  RIGA Doc    : 261 | RIGA AI: 263
───────────────────────────────────────────────────────
2026-07-23 11:55:27,260 [INFO]   [VZI_Base]
    URL    : https://gruppofsitaliane.sharepoint.com/:f:/r/sites/IngegneriaETReMezziLeggeri-Trenitalia/Shared%20Documents/DB_ETR1000/DOC_FLOTTE/VZI_Base/CONFIG/FRS/3EST000225-7910.pdf#page=172
    Pagina : '172' → 172
2026-07-23 11:55:27,261 [INFO]   [VZI_New14] nessun link — skip
2026-07-23 11:55:27,261 [INFO]   [VZ_FR]
    URL    : https://gruppofsitaliane.sharepoint.com/:f:/r/sites/IngegneriaETReMezziLeggeri-Trenitalia/Shared%20Documents/DB_ETR1000/DOC_FLOTTE/VZ_FR/CONFIG/FRS/3ECP413571-0502.pdf#page=184
    Pagina : '184' → 184
2026-07-23 11:55:27,261 [INFO]   [VZ_ES]
    URL    : https://gruppofsitaliane.sharepoint.com/:f:/r/sites/IngegneriaETReMezziLeggeri-Trenitalia/Shared%20Documents/DB_ETR1000/DOC_FLOTTE/VZ_ES/CONFIG/FRS/3ECP413922-0502.pdf#page=186
    Pagina : '186' → 186
2026-07-23 11:55:27,264 [INFO]   [VZI-6_R1]
    URL    : https://gruppofsitaliane.sharepoint.com/:f:/r/sites/IngegneriaETReMezziLeggeri-Trenitalia/Shared%20Documents/DB_ETR1000/DOC_FLOTTE/VZI-6_R1/CONFIG/FRS/FA020023100.pdf#page=213
    Pagina : '213' → 213
2026-07-23 11:55:27,266 [INFO]   [VZI-4_R1] nessun link — skip
2026-07-23 11:55:27,268 [INFO]   Doc 'FRS_Brake Control' [cartella: CONFIG] (riga 265): 4/6 configurazioni con link
2026-07-23 11:55:27,271 [INFO] 
───────────────────────────────────────────────────────
  FUNZIONE    : BRK_Towing — 
  DOCUMENTO   : FRS_Brake Control
  DOC CARTELLA: CONFIG
  RIGA Doc    : 265 | RIGA AI: 267
───────────────────────────────────────────────────────
2026-07-23 11:55:27,272 [INFO]   [VZI_Base]
    URL    : https://gruppofsitaliane.sharepoint.com/:f:/r/sites/IngegneriaETReMezziLeggeri-Trenitalia/Shared%20Documents/DB_ETR1000/DOC_FLOTTE/VZI_Base/CONFIG/FRS/3EST000225-7910.pdf#page=224
    Pagina : '224' → 224
2026-07-23 11:55:27,273 [INFO]   [VZI_New14] nessun link — skip
2026-07-23 11:55:27,274 [INFO]   [VZ_FR]
    URL    : https://gruppofsitaliane.sharepoint.com/:f:/r/sites/IngegneriaETReMezziLeggeri-Trenitalia/Shared%20Documents/DB_ETR1000/DOC_FLOTTE/VZ_FR/CONFIG/FRS/3ECP413571-0502.pdf#page=238
    Pagina : '238' → 238
2026-07-23 11:55:27,274 [INFO]   [VZ_ES]
    URL    : https://gruppofsitaliane.sharepoint.com/:f:/r/sites/IngegneriaETReMezziLeggeri-Trenitalia/Shared%20Documents/DB_ETR1000/DOC_FLOTTE/VZ_ES/CONFIG/FRS/3ECP413922-0502.pdf#page=234
    Pagina : '234' → 234
2026-07-23 11:55:27,285 [INFO]   [VZI-6_R1]
    URL    : https://gruppofsitaliane.sharepoint.com/:f:/r/sites/IngegneriaETReMezziLeggeri-Trenitalia/Shared%20Documents/DB_ETR1000/DOC_FLOTTE/VZI-6_R1/CONFIG/FRS/FA020023100.pdf#page=262
    Pagina : '262' → 262
2026-07-23 11:55:27,287 [INFO]   [VZI-4_R1] nessun link — skip
2026-07-23 11:55:27,288 [INFO]   Doc 'FRS_Brake Control' [cartella: CONFIG] (riga 269): 4/6 configurazioni con link
2026-07-23 11:55:27,289 [INFO] 
───────────────────────────────────────────────────────
  FUNZIONE    : BRK_Fire_Safety_&_Running_Capability — 
  DOCUMENTO   : FRS_Brake Control
  DOC CARTELLA: CONFIG
  RIGA Doc    : 269 | RIGA AI: 271
───────────────────────────────────────────────────────
2026-07-23 11:55:27,289 [INFO]   [VZI_Base]
    URL    : https://gruppofsitaliane.sharepoint.com/:f:/r/sites/IngegneriaETReMezziLeggeri-Trenitalia/Shared%20Documents/DB_ETR1000/DOC_FLOTTE/VZI_Base/CONFIG/FRS/3EST000225-7910.pdf#page=233
    Pagina : '233' → 233
2026-07-23 11:55:27,290 [INFO]   [VZI_New14] nessun link — skip
2026-07-23 11:55:27,290 [INFO]   [VZ_FR]
    URL    : https://gruppofsitaliane.sharepoint.com/:f:/r/sites/IngegneriaETReMezziLeggeri-Trenitalia/Shared%20Documents/DB_ETR1000/DOC_FLOTTE/VZ_FR/CONFIG/FRS/3ECP413571-0502.pdf#page=246
    Pagina : '246' → 246
2026-07-23 11:55:27,291 [INFO]   [VZ_ES]
    URL    : https://gruppofsitaliane.sharepoint.com/:f:/r/sites/IngegneriaETReMezziLeggeri-Trenitalia/Shared%20Documents/DB_ETR1000/DOC_FLOTTE/VZ_ES/CONFIG/FRS/3ECP413922-0502.pdf#page=242
    Pagina : '242' → 242
2026-07-23 11:55:27,291 [INFO]   [VZI-6_R1]
    URL    : https://gruppofsitaliane.sharepoint.com/:f:/r/sites/IngegneriaETReMezziLeggeri-Trenitalia/Shared%20Documents/DB_ETR1000/DOC_FLOTTE/VZI-6_R1/CONFIG/FRS/FA020023100.pdf#page=270
    Pagina : '270' → 270
2026-07-23 11:55:27,292 [INFO]   [VZI-4_R1] nessun link — skip
2026-07-23 11:55:27,296 [INFO]   Doc 'FRS_Brake Control' [cartella: CONFIG] (riga 273): 4/6 configurazioni con link
2026-07-23 11:55:27,307 [INFO] 
───────────────────────────────────────────────────────
  FUNZIONE    : BRK_Magnetic_Track_Brake_Optional — 
  DOCUMENTO   : FRS_Brake Control
  DOC CARTELLA: CONFIG
  RIGA Doc    : 273 | RIGA AI: 275
───────────────────────────────────────────────────────
2026-07-23 11:55:27,309 [INFO]   [VZI_Base]
    URL    : https://gruppofsitaliane.sharepoint.com/:f:/r/sites/IngegneriaETReMezziLeggeri-Trenitalia/Shared%20Documents/DB_ETR1000/DOC_FLOTTE/VZI_Base/CONFIG/FRS/3EST000225-7910.pdf#page=234
    Pagina : '234' → 234
2026-07-23 11:55:27,310 [INFO]   [VZI_New14] nessun link — skip
2026-07-23 11:55:27,310 [INFO]   [VZ_FR]
    URL    : https://gruppofsitaliane.sharepoint.com/:f:/r/sites/IngegneriaETReMezziLeggeri-Trenitalia/Shared%20Documents/DB_ETR1000/DOC_FLOTTE/VZ_FR/CONFIG/FRS/3ECP413571-0502.pdf#page=247
    Pagina : '247' → 247
2026-07-23 11:55:27,311 [INFO]   [VZ_ES]
    URL    : https://gruppofsitaliane.sharepoint.com/:f:/r/sites/IngegneriaETReMezziLeggeri-Trenitalia/Shared%20Documents/DB_ETR1000/DOC_FLOTTE/VZ_ES/CONFIG/FRS/3ECP413922-0502.pdf
    Pagina : '' → 0
2026-07-23 11:55:27,311 [INFO]   [VZI-6_R1]
    URL    : https://gruppofsitaliane.sharepoint.com/:f:/r/sites/IngegneriaETReMezziLeggeri-Trenitalia/Shared%20Documents/DB_ETR1000/DOC_FLOTTE/VZI-6_R1/CONFIG/FRS/FA020023100.pdf
    Pagina : '' → 0
2026-07-23 11:55:27,321 [INFO]   [VZI-4_R1] nessun link — skip
2026-07-23 11:55:27,321 [INFO]   Doc 'FRS_Bogies' [cartella: CONFIG] (riga 277): 3/6 configurazioni con link
2026-07-23 11:55:27,322 [INFO] 
───────────────────────────────────────────────────────
  FUNZIONE    : BOG_Flange_Lubrication — 
  DOCUMENTO   : FRS_Bogies
  DOC CARTELLA: CONFIG
  RIGA Doc    : 277 | RIGA AI: 279
───────────────────────────────────────────────────────
2026-07-23 11:55:27,324 [INFO]   [VZI_Base]
    URL    : https://gruppofsitaliane.sharepoint.com/:f:/r/sites/IngegneriaETReMezziLeggeri-Trenitalia/Shared%20Documents/DB_ETR1000/DOC_FLOTTE/VZI_Base/CONFIG/FRS/3EST000225-7906.pdf#page=11
    Pagina : '11' → 11
2026-07-23 11:55:27,325 [INFO]   [VZI_New14]
    URL    : https://gruppofsitaliane.sharepoint.com/:f:/r/sites/IngegneriaETReMezziLeggeri-Trenitalia/Shared%20Documents/DB_ETR1000/DOC_FLOTTE/VZI_New14/CONFIG/FRS/3ECP413719-0300.pdf#page=10
    Pagina : '10' → 10
2026-07-23 11:55:27,328 [INFO]   [VZ_FR] nessun link — skip
2026-07-23 11:55:27,329 [INFO]   [VZ_ES] nessun link — skip
2026-07-23 11:55:27,331 [INFO]   [VZI-6_R1]
    URL    : https://gruppofsitaliane.sharepoint.com/:f:/r/sites/IngegneriaETReMezziLeggeri-Trenitalia/Shared%20Documents/DB_ETR1000/DOC_FLOTTE/VZI-6_R1/CONFIG/FRS/FA020030729.pdf#page=11
    Pagina : '11' → 11
2026-07-23 11:55:27,333 [INFO]   [VZI-4_R1] nessun link — skip
2026-07-23 11:55:27,334 [INFO]   Doc 'FRS_Bogies' [cartella: CONFIG] (riga 281): 3/6 configurazioni con link
2026-07-23 11:55:27,335 [INFO] 
───────────────────────────────────────────────────────
  FUNZIONE    : BOG_Hotbox_Detection — 
  DOCUMENTO   : FRS_Bogies
  DOC CARTELLA: CONFIG
  RIGA Doc    : 281 | RIGA AI: 283
───────────────────────────────────────────────────────
2026-07-23 11:55:27,336 [INFO]   [VZI_Base]
    URL    : https://gruppofsitaliane.sharepoint.com/:f:/r/sites/IngegneriaETReMezziLeggeri-Trenitalia/Shared%20Documents/DB_ETR1000/DOC_FLOTTE/VZI_Base/CONFIG/FRS/3EST000225-7906.pdf#page=14
    Pagina : '14' → 14
2026-07-23 11:55:27,338 [INFO]   [VZI_New14]
    URL    : https://gruppofsitaliane.sharepoint.com/:f:/r/sites/IngegneriaETReMezziLeggeri-Trenitalia/Shared%20Documents/DB_ETR1000/DOC_FLOTTE/VZI_New14/CONFIG/FRS/3ECP413719-0300.pdf#page=12
    Pagina : '12' → 12
2026-07-23 11:55:27,338 [INFO]   [VZ_FR] nessun link — skip
2026-07-23 11:55:27,339 [INFO]   [VZ_ES] nessun link — skip
2026-07-23 11:55:27,339 [INFO]   [VZI-6_R1]
    URL    : https://gruppofsitaliane.sharepoint.com/:f:/r/sites/IngegneriaETReMezziLeggeri-Trenitalia/Shared%20Documents/DB_ETR1000/DOC_FLOTTE/VZI-6_R1/CONFIG/FRS/FA020030729.pdf#page=14
    Pagina : '14' → 14
2026-07-23 11:55:27,340 [INFO]   [VZI-4_R1] nessun link — skip
2026-07-23 11:55:27,341 [INFO]   Doc 'FRS_Bogies' [cartella: CONFIG] (riga 285): 3/6 configurazioni con link
2026-07-23 11:55:27,341 [INFO] 
───────────────────────────────────────────────────────
  FUNZIONE    : BOG_Instability_Monitoring — 
  DOCUMENTO   : FRS_Bogies
  DOC CARTELLA: CONFIG
  RIGA Doc    : 285 | RIGA AI: 287
───────────────────────────────────────────────────────
2026-07-23 11:55:27,344 [INFO]   [VZI_Base]
    URL    : https://gruppofsitaliane.sharepoint.com/:f:/r/sites/IngegneriaETReMezziLeggeri-Trenitalia/Shared%20Documents/DB_ETR1000/DOC_FLOTTE/VZI_Base/CONFIG/FRS/3EST000225-7906.pdf#page=20
    Pagina : '20' → 20
2026-07-23 11:55:27,355 [INFO]   [VZI_New14]
    URL    : https://gruppofsitaliane.sharepoint.com/:f:/r/sites/IngegneriaETReMezziLeggeri-Trenitalia/Shared%20Documents/DB_ETR1000/DOC_FLOTTE/VZI_New14/CONFIG/FRS/3ECP413719-0300.pdf#page=20
    Pagina : '20' → 20
2026-07-23 11:55:27,356 [INFO]   [VZ_FR] nessun link — skip
2026-07-23 11:55:27,356 [INFO]   [VZ_ES] nessun link — skip
2026-07-23 11:55:27,357 [INFO]   [VZI-6_R1]
    URL    : https://gruppofsitaliane.sharepoint.com/:f:/r/sites/IngegneriaETReMezziLeggeri-Trenitalia/Shared%20Documents/DB_ETR1000/DOC_FLOTTE/VZI-6_R1/CONFIG/FRS/FA020030729.pdf#page=36
    Pagina : '36' → 36
2026-07-23 11:55:27,377 [INFO]   [VZI-4_R1] nessun link — skip
2026-07-23 11:55:27,378 [INFO]   Doc 'FRS_Bogies' [cartella: CONFIG] (riga 289): 3/6 configurazioni con link
2026-07-23 11:55:27,379 [INFO] 
───────────────────────────────────────────────────────
  FUNZIONE    : BOG_Active_Lateral_Suspension_(ALS) — 
  DOCUMENTO   : FRS_Bogies
  DOC CARTELLA: CONFIG
  RIGA Doc    : 289 | RIGA AI: 291
───────────────────────────────────────────────────────
2026-07-23 11:55:27,379 [INFO]   [VZI_Base]
    URL    : https://gruppofsitaliane.sharepoint.com/:f:/r/sites/IngegneriaETReMezziLeggeri-Trenitalia/Shared%20Documents/DB_ETR1000/DOC_FLOTTE/VZI_Base/CONFIG/FRS/3EST000225-7906.pdf#page=29
    Pagina : '29' → 29
2026-07-23 11:55:27,407 [INFO]   [VZI_New14]
    URL    : https://gruppofsitaliane.sharepoint.com/:f:/r/sites/IngegneriaETReMezziLeggeri-Trenitalia/Shared%20Documents/DB_ETR1000/DOC_FLOTTE/VZI_New14/CONFIG/FRS/3ECP413719-0300.pdf#page=28
    Pagina : '28' → 28
2026-07-23 11:55:27,409 [INFO]   [VZ_FR] nessun link — skip
2026-07-23 11:55:27,409 [INFO]   [VZ_ES] nessun link — skip
2026-07-23 11:55:27,410 [INFO]   [VZI-6_R1]
    URL    : https://gruppofsitaliane.sharepoint.com/:f:/r/sites/IngegneriaETReMezziLeggeri-Trenitalia/Shared%20Documents/DB_ETR1000/DOC_FLOTTE/VZI-6_R1/CONFIG/FRS/FA020030729.pdf#page=43
    Pagina : '43' → 43
2026-07-23 11:55:27,412 [INFO]   [VZI-4_R1] nessun link — skip
2026-07-23 11:55:27,424 [INFO]   Doc 'FRS_Bogies' [cartella: CONFIG] (riga 293): 3/6 configurazioni con link
2026-07-23 11:55:27,424 [INFO] 
───────────────────────────────────────────────────────
  FUNZIONE    : BOG_Diagnostics_&_CBM — 
  DOCUMENTO   : FRS_Bogies
  DOC CARTELLA: CONFIG
  RIGA Doc    : 293 | RIGA AI: 295
───────────────────────────────────────────────────────
2026-07-23 11:55:27,425 [INFO]   [VZI_Base]
    URL    : https://gruppofsitaliane.sharepoint.com/:f:/r/sites/IngegneriaETReMezziLeggeri-Trenitalia/Shared%20Documents/DB_ETR1000/DOC_FLOTTE/VZI_Base/CONFIG/FRS/3EST000225-7906.pdf#page=31
    Pagina : '31' → 31
2026-07-23 11:55:27,426 [INFO]   [VZI_New14]
    URL    : https://gruppofsitaliane.sharepoint.com/:f:/r/sites/IngegneriaETReMezziLeggeri-Trenitalia/Shared%20Documents/DB_ETR1000/DOC_FLOTTE/VZI_New14/CONFIG/FRS/3ECP413719-0300.pdf#page=29
    Pagina : '29' → 29
2026-07-23 11:55:27,427 [INFO]   [VZ_FR] nessun link — skip
2026-07-23 11:55:27,427 [INFO]   [VZ_ES] nessun link — skip
2026-07-23 11:55:27,430 [INFO]   [VZI-6_R1]
    URL    : https://gruppofsitaliane.sharepoint.com/:f:/r/sites/IngegneriaETReMezziLeggeri-Trenitalia/Shared%20Documents/DB_ETR1000/DOC_FLOTTE/VZI-6_R1/CONFIG/FRS/FA020030729.pdf#page=44
    Pagina : '44' → 44
2026-07-23 11:55:27,436 [INFO]   [VZI-4_R1] nessun link — skip
2026-07-23 11:55:27,443 [INFO] 
FillTarget: 146 celle in 43 gruppi
2026-07-23 11:55:27,444 [INFO] 
═══════════════════════════════════════════════════════
  LV_Country_code_selection / FRS_Line Voltage (4 config)
═══════════════════════════════════════════════════════
2026-07-23 11:55:27,549 [INFO]   [VZI_Base] Estrazione pag.7...
2026-07-23 11:55:27,613 [INFO]   🔍 Ricerca locale per: https://gruppofsitaliane.sharepoint.com/:f:/r/sites/IngegneriaETReMezziLeggeri-T...
2026-07-23 11:55:27,649 [INFO]   📁 File trovato (percorso esatto): C:\Users\2954534.UTENTI\OneDrive - Gruppo Ferrovie Dello Stato\Documenti - Ingegneria ETR - Trenitalia\DB_ETR1000\DOC_FLOTTE\VZI_Base\CONFIG\FRS\3EST000225-7907.pdf
2026-07-23 11:55:28,618 [INFO]   🎯 Indice funzione: '3.1' (score=3, func_id='LV_Country_code_selection')
2026-07-23 11:55:28,620 [INFO]   📑 Strategia A — indice funzione: '3.1' su pag.7
2026-07-23 11:55:28,622 [INFO]   ✂ Pagina iniziale parziale: testo prima di '3.1' escluso (offset=533)
2026-07-23 11:55:28,677 [INFO]   ✂ Testo troncato: indice estraneo '3.2 Pantograph Control' trovato a offset 507 — pagina parziale
2026-07-23 11:55:28,717 [INFO]   ✅✂ Pag.8: testo precedente a '3.2' incluso — poi STOP
2026-07-23 11:55:28,721 [INFO]   📖 Estratte pagine 7–8 (parziale inizio, parziale fine) da '3EST000225-7907.pdf'
2026-07-23 11:55:28,723 [INFO]   [VZ_FR] Estrazione pag.7...
2026-07-23 11:55:28,724 [INFO]   🔍 Ricerca locale per: https://gruppofsitaliane.sharepoint.com/:f:/r/sites/IngegneriaETReMezziLeggeri-T...
2026-07-23 11:55:28,727 [INFO]   📁 File trovato (percorso esatto): C:\Users\2954534.UTENTI\OneDrive - Gruppo Ferrovie Dello Stato\Documenti - Ingegneria ETR - Trenitalia\DB_ETR1000\DOC_FLOTTE\VZ_FR\CONFIG\FRS\3ECP413571-0401.pdf
2026-07-23 11:55:28,811 [INFO]   🎯 Indice funzione: '3.1' (score=3, func_id='LV_Country_code_selection')
2026-07-23 11:55:28,812 [INFO]   📑 Strategia A — indice funzione: '3.1' su pag.7
2026-07-23 11:55:28,813 [INFO]   ✂ Pagina iniziale parziale: testo prima di '3.1' escluso (offset=533)
2026-07-23 11:55:28,826 [INFO]   ✂ Testo troncato: indice estraneo '3.2 Pantograph Control' trovato a offset 507 — pagina parziale
2026-07-23 11:55:28,826 [INFO]   ✅✂ Pag.8: testo precedente a '3.2' incluso — poi STOP
2026-07-23 11:55:28,829 [INFO]   📖 Estratte pagine 7–8 (parziale inizio, parziale fine) da '3ECP413571-0401.pdf'
2026-07-23 11:55:28,829 [INFO]   [VZ_ES] Estrazione pag.7...
2026-07-23 11:55:28,830 [INFO]   🔍 Ricerca locale per: https://gruppofsitaliane.sharepoint.com/:f:/r/sites/IngegneriaETReMezziLeggeri-T...
2026-07-23 11:55:28,832 [INFO]   📁 File trovato (percorso esatto): C:\Users\2954534.UTENTI\OneDrive - Gruppo Ferrovie Dello Stato\Documenti - Ingegneria ETR - Trenitalia\DB_ETR1000\DOC_FLOTTE\VZ_ES\CONFIG\FRS\3EGH489028-2358.pdf
2026-07-23 11:55:29,037 [INFO]   🎯 Indice funzione: '3.1' (score=3, func_id='LV_Country_code_selection')
2026-07-23 11:55:29,037 [INFO]   📑 Strategia A — indice funzione: '3.1' su pag.7
2026-07-23 11:55:29,038 [INFO]   ✂ Pagina iniziale parziale: testo prima di '3.1' escluso (offset=556)
2026-07-23 11:55:29,046 [INFO]   ✂ Testo troncato: indice estraneo '3.2 Pantograph Control' trovato a offset 528 — pagina parziale
2026-07-23 11:55:29,047 [INFO]   ✅✂ Pag.8: testo precedente a '3.2' incluso — poi STOP
2026-07-23 11:55:29,048 [INFO]   📖 Estratte pagine 7–8 (parziale inizio, parziale fine) da '3EGH489028-2358.pdf'
2026-07-23 11:55:29,049 [INFO]   [VZI-6_R1] Estrazione pag.12...
2026-07-23 11:55:29,049 [INFO]   🔍 Ricerca locale per: https://gruppofsitaliane.sharepoint.com/:f:/r/sites/IngegneriaETReMezziLeggeri-T...
2026-07-23 11:55:29,051 [INFO]   📁 File trovato (percorso esatto): C:\Users\2954534.UTENTI\OneDrive - Gruppo Ferrovie Dello Stato\Documenti - Ingegneria ETR - Trenitalia\DB_ETR1000\DOC_FLOTTE\VZI-6_R1\CONFIG\FRS\FA020022045.pdf
2026-07-23 11:55:29,214 [INFO]   🎯 Indice funzione: '3.1' (score=3, func_id='LV_Country_code_selection')
2026-07-23 11:55:29,215 [INFO]   📑 Strategia A — indice funzione: '3.1' su pag.12
2026-07-23 11:55:29,216 [INFO]   ✂ Pagina iniziale parziale: testo prima di '3.1' escluso (offset=186)
2026-07-23 11:55:29,232 [INFO]   ✂ Testo troncato: indice estraneo '3.2 Pantograph Control' trovato a offset 1599 — pagina parziale
2026-07-23 11:55:29,239 [INFO]   ✅✂ Pag.13: testo precedente a '3.2' incluso — poi STOP
2026-07-23 11:55:29,248 [INFO]   📖 Estratte pagine 12–13 (parziale inizio, parziale fine) da 'FA020022045.pdf'
2026-07-23 11:55:29,251 [INFO]   Testi: 4/4
2026-07-23 11:55:29,254 [INFO]   [parse] [VZI_Base] ✅ Parsing regex OK — campi valorizzati: 3/16
2026-07-23 11:55:29,256 [INFO]   [parse] [VZ_FR] ✅ Parsing regex OK — campi valorizzati: 3/16
2026-07-23 11:55:29,259 [INFO]   [parse] [VZ_ES] ✅ Parsing regex OK — campi valorizzati: 3/16
2026-07-23 11:55:29,263 [INFO]   [parse] [VZI-6_R1] ✅ Parsing regex OK — campi valorizzati: 3/16
2026-07-23 11:55:29,264 [INFO]   [det] VZI_Base vs VZ_FR: nessun valore numerico diverso
2026-07-23 11:55:29,264 [INFO]   [det] VZI_Base vs VZ_ES: nessun valore numerico diverso
2026-07-23 11:55:29,264 [INFO]   [det] VZI_Base vs VZI-6_R1: nessun valore numerico diverso
2026-07-23 11:55:29,266 [INFO]   [det] VZ_FR vs VZ_ES: nessun valore numerico diverso
2026-07-23 11:55:29,266 [INFO]   [det] VZ_FR vs VZI-6_R1: nessun valore numerico diverso
2026-07-23 11:55:29,267 [INFO]   [det] VZ_ES vs VZI-6_R1: nessun valore numerico diverso
2026-07-23 11:55:29,268 [INFO]   ✅ Nessun hint parametrico
2026-07-23 11:55:29,268 [INFO]   ✅ Nessuna diff. oggettiva
2026-07-23 11:55:29,269 [INFO]   Chiamata Ollama (unica per questo gruppo, 4 config in parallelo nel prompt)...
2026-07-23 11:55:29,269 [INFO]   Ollama: analisi 'LV_Country_code_selection' (4 config)...
2026-07-23 12:00:49,768 [INFO] HTTP Request: POST http://127.0.0.1:11434/api/chat "HTTP/1.1 200 OK"
2026-07-23 12:00:49,771 [INFO]   ✅ Cache — score=85 diff=3
2026-07-23 12:00:49,771 [INFO]   [VZI_Base] 🟢 VERDE | score=85 | diff=3
2026-07-23 12:00:49,772 [INFO]   [VZI_Base] 🟢 VERDE | Score: 85
2026-07-23 12:00:50,773 [INFO]   [VZ_FR] Da cache (score=85)
2026-07-23 12:00:50,773 [INFO]   [VZ_FR] 🟢 VERDE | score=85 | diff=3
2026-07-23 12:00:50,774 [INFO]   [VZ_FR] 🟢 VERDE | Score: 85
2026-07-23 12:00:50,774 [INFO]   [VZ_ES] Da cache (score=85)
2026-07-23 12:00:50,775 [INFO]   [VZ_ES] 🟢 VERDE | score=85 | diff=3
2026-07-23 12:00:50,776 [INFO]   [VZ_ES] 🟢 VERDE | Score: 85
2026-07-23 12:00:50,776 [INFO]   [VZI-6_R1] Da cache (score=85)
2026-07-23 12:00:50,777 [INFO]   [VZI-6_R1] 🟢 VERDE | score=85 | diff=3
2026-07-23 12:00:50,777 [INFO]   [VZI-6_R1] 🟢 VERDE | Score: 85
2026-07-23 12:00:50,778 [INFO] 
═══════════════════════════════════════════════════════
  LV_Pantograph_Lifting / FRS_Line Voltage (4 config)
═══════════════════════════════════════════════════════
2026-07-23 12:00:50,778 [INFO]   [VZI_Base] Estrazione pag.8...
2026-07-23 12:00:50,779 [INFO]   🔍 Ricerca locale per: https://gruppofsitaliane.sharepoint.com/:f:/r/sites/IngegneriaETReMezziLeggeri-T...
2026-07-23 12:00:50,780 [INFO]   📁 File trovato (percorso esatto): C:\Users\2954534.UTENTI\OneDrive - Gruppo Ferrovie Dello Stato\Documenti - Ingegneria ETR - Trenitalia\DB_ETR1000\DOC_FLOTTE\VZI_Base\CONFIG\FRS\3EST000225-7907.pdf
2026-07-23 12:00:50,809 [INFO]   🎯 Indice funzione: '3.2.1' (score=2, func_id='LV_Pantograph_Lifting')
2026-07-23 12:00:50,810 [INFO]   📑 Strategia A — indice funzione: '3.2.1' su pag.8
2026-07-23 12:00:50,811 [INFO]   ✂ Pagina iniziale parziale: testo prima di '3.2.1' escluso (offset=530)
2026-07-23 12:00:50,840 [INFO]   ✂ Testo troncato: indice estraneo '3.2.2 Pantograph - Lowering' trovato a offset 778 — pagina parziale
2026-07-23 12:00:50,840 [INFO]   ✅✂ Pag.14: testo precedente a '3.2.2' incluso — poi STOP
2026-07-23 12:00:50,841 [INFO]   📖 Estratte pagine 8–14 (parziale inizio, parziale fine) da '3EST000225-7907.pdf'
2026-07-23 12:00:50,841 [INFO]   [VZ_FR] Estrazione pag.8...
2026-07-23 12:00:50,841 [INFO]   🔍 Ricerca locale per: https://gruppofsitaliane.sharepoint.com/:f:/r/sites/IngegneriaETReMezziLeggeri-T...
2026-07-23 12:00:50,842 [INFO]   📁 File trovato (percorso esatto): C:\Users\2954534.UTENTI\OneDrive - Gruppo Ferrovie Dello Stato\Documenti - Ingegneria ETR - Trenitalia\DB_ETR1000\DOC_FLOTTE\VZ_FR\CONFIG\FRS\3ECP413571-0401.pdf
2026-07-23 12:00:50,859 [INFO]   🎯 Indice funzione: '3.2.1' (score=2, func_id='LV_Pantograph_Lifting')
2026-07-23 12:00:50,860 [INFO]   📑 Strategia A — indice funzione: '3.2.1' su pag.8
2026-07-23 12:00:50,860 [INFO]   ✂ Pagina iniziale parziale: testo prima di '3.2.1' escluso (offset=530)
2026-07-23 12:00:50,890 [INFO]   ✂ Testo troncato: indice estraneo '3.2.2 Pantograph - Lowering' trovato a offset 508 — pagina parziale
2026-07-23 12:00:50,890 [INFO]   ✅✂ Pag.16: testo precedente a '3.2.2' incluso — poi STOP
2026-07-23 12:00:50,891 [INFO]   📖 Estratte pagine 8–16 (parziale inizio, parziale fine) da '3ECP413571-0401.pdf'
2026-07-23 12:00:50,891 [INFO]   [VZ_ES] Estrazione pag.8...
2026-07-23 12:00:50,891 [INFO]   🔍 Ricerca locale per: https://gruppofsitaliane.sharepoint.com/:f:/r/sites/IngegneriaETReMezziLeggeri-T...
2026-07-23 12:00:50,892 [INFO]   📁 File trovato (percorso esatto): C:\Users\2954534.UTENTI\OneDrive - Gruppo Ferrovie Dello Stato\Documenti - Ingegneria ETR - Trenitalia\DB_ETR1000\DOC_FLOTTE\VZ_ES\CONFIG\FRS\3EGH489028-2358.pdf
2026-07-23 12:00:50,918 [INFO]   🎯 Indice funzione: '3.2.1' (score=2, func_id='LV_Pantograph_Lifting')
2026-07-23 12:00:50,918 [INFO]   📑 Strategia A — indice funzione: '3.2.1' su pag.8
2026-07-23 12:00:50,918 [INFO]   ✂ Pagina iniziale parziale: testo prima di '3.2.1' escluso (offset=553)
2026-07-23 12:00:50,942 [INFO]   ✂ Testo troncato: indice estraneo '3.2.2 Pantograph - Lowering' trovato a offset 1112 — pagina parziale
2026-07-23 12:00:50,943 [INFO]   ✅✂ Pag.14: testo precedente a '3.2.2' incluso — poi STOP
2026-07-23 12:00:50,943 [INFO]   📖 Estratte pagine 8–14 (parziale inizio, parziale fine) da '3EGH489028-2358.pdf'
2026-07-23 12:00:50,943 [INFO]   [VZI-6_R1] Estrazione pag.13...
2026-07-23 12:00:50,944 [INFO]   🔍 Ricerca locale per: https://gruppofsitaliane.sharepoint.com/:f:/r/sites/IngegneriaETReMezziLeggeri-T...
2026-07-23 12:00:50,944 [INFO]   📁 File trovato (percorso esatto): C:\Users\2954534.UTENTI\OneDrive - Gruppo Ferrovie Dello Stato\Documenti - Ingegneria ETR - Trenitalia\DB_ETR1000\DOC_FLOTTE\VZI-6_R1\CONFIG\FRS\FA020022045.pdf
2026-07-23 12:00:50,988 [INFO]   🎯 Indice funzione: '3.2.1' (score=2, func_id='LV_Pantograph_Lifting')
2026-07-23 12:00:50,988 [INFO]   📑 Strategia A — indice funzione: '3.2.1' su pag.13
2026-07-23 12:00:50,989 [INFO]   ✂ Pagina iniziale parziale: testo prima di '3.2.1' escluso (offset=1624)
2026-07-23 12:00:50,999 [INFO]   ✅ Pag.14: '3.2.1.2' ⊆ '3.2.1' — inclusa
2026-07-23 12:00:51,047 [INFO]   ✂ Testo troncato: indice estraneo '3.2.2 Pantograph - Lowering' trovato a offset 2891 — pagina parziale
2026-07-23 12:00:51,047 [INFO]   ✅✂ Pag.19: testo precedente a '3.2.2' incluso — poi STOP
2026-07-23 12:00:51,052 [INFO]   📖 Estratte pagine 13–19 (parziale inizio, parziale fine) da 'FA020022045.pdf'
2026-07-23 12:00:51,052 [INFO]   Testi: 4/4
2026-07-23 12:00:51,060 [INFO]   [parse] [VZI_Base] ✅ Parsing regex OK — campi valorizzati: 4/16
2026-07-23 12:00:51,068 [INFO]   [parse] [VZ_FR] ✅ Parsing regex OK — campi valorizzati: 4/16
2026-07-23 12:00:51,077 [INFO]   [parse] [VZ_ES] ✅ Parsing regex OK — campi valorizzati: 4/16
2026-07-23 12:00:51,084 [INFO]   [parse] [VZI-6_R1] ✅ Parsing regex OK — campi valorizzati: 4/16
2026-07-23 12:00:51,084 [INFO]   [det] VZI_Base vs VZ_FR: valori diversi trovati (1 hint)
2026-07-23 12:00:51,084 [INFO]   [det] VZI_Base vs VZ_ES: valori diversi trovati (1 hint)
2026-07-23 12:00:51,085 [INFO]   [det] VZI_Base vs VZI-6_R1: valori diversi trovati (1 hint)
2026-07-23 12:00:51,085 [INFO]   [det] VZ_FR vs VZ_ES: nessun valore numerico diverso
2026-07-23 12:00:51,085 [INFO]   [det] VZ_FR vs VZI-6_R1: valori diversi trovati (1 hint)
2026-07-23 12:00:51,085 [INFO]   [det] VZ_ES vs VZI-6_R1: valori diversi trovati (1 hint)
2026-07-23 12:00:51,086 [INFO]   ⚡ Hint parametrici: 4 voci uniche
2026-07-23 12:00:51,086 [INFO]   ⚡ Diff. oggettive: 4 voci
2026-07-23 12:00:51,086 [INFO]   Chiamata Ollama (unica per questo gruppo, 4 config in parallelo nel prompt)...
2026-07-23 12:00:51,086 [INFO]   Ollama: analisi 'LV_Pantograph_Lifting' (4 config)...
2026-07-23 12:05:23,396 [INFO] HTTP Request: POST http://127.0.0.1:11434/api/chat "HTTP/1.1 200 OK"
2026-07-23 12:05:23,397 [INFO]   ✅ Cache — score=85 diff=2
2026-07-23 12:05:23,397 [INFO]   [VZI_Base] 🟢 VERDE | score=85 | diff=2
2026-07-23 12:05:23,398 [INFO]   [VZI_Base] 🟢 VERDE | Score: 85
2026-07-23 12:05:24,399 [INFO]   [VZ_FR] Da cache (score=85)
2026-07-23 12:05:24,400 [INFO]   [VZ_FR] 🟢 VERDE | score=85 | diff=2
2026-07-23 12:05:24,401 [INFO]   [VZ_FR] 🟢 VERDE | Score: 85
2026-07-23 12:05:24,401 [INFO]   [VZ_ES] Da cache (score=85)
2026-07-23 12:05:24,402 [INFO]   [VZ_ES] 🟢 VERDE | score=85 | diff=2
2026-07-23 12:05:24,403 [INFO]   [VZ_ES] 🟢 VERDE | Score: 85
2026-07-23 12:05:24,403 [INFO]   [VZI-6_R1] Da cache (score=85)
2026-07-23 12:05:24,404 [INFO]   [VZI-6_R1] 🟢 VERDE | score=85 | diff=2
2026-07-23 12:05:24,404 [INFO]   [VZI-6_R1] 🟢 VERDE | Score: 85
2026-07-23 12:05:24,405 [INFO] 
═══════════════════════════════════════════════════════
  LV_Pantograph_Lowering / FRS_Line Voltage (4 config)
═══════════════════════════════════════════════════════
2026-07-23 12:05:24,405 [INFO]   [VZI_Base] Estrazione pag.14...
2026-07-23 12:05:24,406 [INFO]   🔍 Ricerca locale per: https://gruppofsitaliane.sharepoint.com/:f:/r/sites/IngegneriaETReMezziLeggeri-T...
2026-07-23 12:05:24,406 [INFO]   📁 File trovato (percorso esatto): C:\Users\2954534.UTENTI\OneDrive - Gruppo Ferrovie Dello Stato\Documenti - Ingegneria ETR - Trenitalia\DB_ETR1000\DOC_FLOTTE\VZI_Base\CONFIG\FRS\3EST000225-7907.pdf
2026-07-23 12:05:24,428 [INFO]   🎯 Indice funzione: '3.2.2' (score=2, func_id='LV_Pantograph_Lowering')
2026-07-23 12:05:24,428 [INFO]   📑 Strategia A — indice funzione: '3.2.2' su pag.14
2026-07-23 12:05:24,429 [INFO]   ✂ Pagina iniziale parziale: testo prima di '3.2.2' escluso (offset=778)
2026-07-23 12:05:24,445 [INFO]   ✂ Testo troncato: indice estraneo '3.2.3 Automatic Dropping Device (ADD)' trovato a offset 1668 — pagina parziale
2026-07-23 12:05:24,446 [INFO]   ✅✂ Pag.16: testo precedente a '3.2.3' incluso — poi STOP
2026-07-23 12:05:24,447 [INFO]   📖 Estratte pagine 14–16 (parziale inizio, parziale fine) da '3EST000225-7907.pdf'
2026-07-23 12:05:24,447 [INFO]   [VZ_FR] Estrazione pag.16...
2026-07-23 12:05:24,447 [INFO]   🔍 Ricerca locale per: https://gruppofsitaliane.sharepoint.com/:f:/r/sites/IngegneriaETReMezziLeggeri-T...
2026-07-23 12:05:24,448 [INFO]   📁 File trovato (percorso esatto): C:\Users\2954534.UTENTI\OneDrive - Gruppo Ferrovie Dello Stato\Documenti - Ingegneria ETR - Trenitalia\DB_ETR1000\DOC_FLOTTE\VZ_FR\CONFIG\FRS\3ECP413571-0401.pdf
2026-07-23 12:05:24,457 [INFO]   🎯 Indice funzione: '3.2.2' (score=2, func_id='LV_Pantograph_Lowering')
2026-07-23 12:05:24,457 [INFO]   📑 Strategia A — indice funzione: '3.2.2' su pag.16
2026-07-23 12:05:24,458 [INFO]   ✂ Pagina iniziale parziale: testo prima di '3.2.2' escluso (offset=508)
2026-07-23 12:05:24,466 [INFO]   ✂ Testo troncato: indice estraneo '3.2.3 Automatic Dropping Device (ADD)' trovato a offset 1665 — pagina parziale
2026-07-23 12:05:24,466 [INFO]   ✅✂ Pag.18: testo precedente a '3.2.3' incluso — poi STOP
2026-07-23 12:05:24,467 [INFO]   📖 Estratte pagine 16–18 (parziale inizio, parziale fine) da '3ECP413571-0401.pdf'
2026-07-23 12:05:24,467 [INFO]   [VZ_ES] Estrazione pag.14...
2026-07-23 12:05:24,467 [INFO]   🔍 Ricerca locale per: https://gruppofsitaliane.sharepoint.com/:f:/r/sites/IngegneriaETReMezziLeggeri-T...
2026-07-23 12:05:24,468 [INFO]   📁 File trovato (percorso esatto): C:\Users\2954534.UTENTI\OneDrive - Gruppo Ferrovie Dello Stato\Documenti - Ingegneria ETR - Trenitalia\DB_ETR1000\DOC_FLOTTE\VZ_ES\CONFIG\FRS\3EGH489028-2358.pdf
2026-07-23 12:05:24,484 [INFO]   🎯 Indice funzione: '3.2.2' (score=2, func_id='LV_Pantograph_Lowering')
2026-07-23 12:05:24,484 [INFO]   📑 Strategia A — indice funzione: '3.2.2' su pag.14
2026-07-23 12:05:24,485 [INFO]   ✂ Pagina iniziale parziale: testo prima di '3.2.2' escluso (offset=1112)
2026-07-23 12:05:24,491 [INFO]   ✂ Testo troncato: indice estraneo '3.2.3 Automatic Dropping Device (ADD)' trovato a offset 1751 — pagina parziale
2026-07-23 12:05:24,492 [INFO]   ✅✂ Pag.16: testo precedente a '3.2.3' incluso — poi STOP
2026-07-23 12:05:24,492 [INFO]   📖 Estratte pagine 14–16 (parziale inizio, parziale fine) da '3EGH489028-2358.pdf'
2026-07-23 12:05:24,492 [INFO]   [VZI-6_R1] Estrazione pag.19...
2026-07-23 12:05:24,493 [INFO]   🔍 Ricerca locale per: https://gruppofsitaliane.sharepoint.com/:f:/r/sites/IngegneriaETReMezziLeggeri-T...
2026-07-23 12:05:24,493 [INFO]   📁 File trovato (percorso esatto): C:\Users\2954534.UTENTI\OneDrive - Gruppo Ferrovie Dello Stato\Documenti - Ingegneria ETR - Trenitalia\DB_ETR1000\DOC_FLOTTE\VZI-6_R1\CONFIG\FRS\FA020022045.pdf
2026-07-23 12:05:24,525 [INFO]   🎯 Indice funzione: '3.2.2' (score=2, func_id='LV_Pantograph_Lowering')
2026-07-23 12:05:24,525 [INFO]   📑 Strategia A — indice funzione: '3.2.2' su pag.19
2026-07-23 12:05:24,526 [INFO]   ✂ Pagina iniziale parziale: testo prima di '3.2.2' escluso (offset=2891)
2026-07-23 12:05:24,537 [INFO]   ✅ Pag.20: '3.2.2.1.2' ⊆ '3.2.2' — inclusa
2026-07-23 12:05:24,553 [INFO]   ✂ Testo troncato: indice estraneo '3.2.3 Automatic Dropping Device (ADD)' trovato a offset 269 — pagina parziale
2026-07-23 12:05:24,554 [INFO]   ✅✂ Pag.22: testo precedente a '3.2.3' incluso — poi STOP
2026-07-23 12:05:24,557 [INFO]   📖 Estratte pagine 19–22 (parziale inizio, parziale fine) da 'FA020022045.pdf'
2026-07-23 12:05:24,557 [INFO]   Testi: 4/4
2026-07-23 12:05:24,559 [INFO]   [parse] [VZI_Base] ✅ Parsing regex OK — campi valorizzati: 4/16
2026-07-23 12:05:24,562 [INFO]   [parse] [VZ_FR] ✅ Parsing regex OK — campi valorizzati: 4/16
2026-07-23 12:05:24,565 [INFO]   [parse] [VZ_ES] ✅ Parsing regex OK — campi valorizzati: 4/16
2026-07-23 12:05:24,567 [INFO]   [parse] [VZI-6_R1] ✅ Parsing regex OK — campi valorizzati: 4/16
2026-07-23 12:05:24,567 [INFO]   [det] VZI_Base vs VZ_FR: nessun valore numerico diverso
2026-07-23 12:05:24,568 [INFO]   [det] VZI_Base vs VZ_ES: nessun valore numerico diverso
2026-07-23 12:05:24,568 [INFO]   [det] VZI_Base vs VZI-6_R1: nessun valore numerico diverso
2026-07-23 12:05:24,568 [INFO]   [det] VZ_FR vs VZ_ES: nessun valore numerico diverso
2026-07-23 12:05:24,568 [INFO]   [det] VZ_FR vs VZI-6_R1: nessun valore numerico diverso
2026-07-23 12:05:24,569 [INFO]   [det] VZ_ES vs VZI-6_R1: nessun valore numerico diverso
2026-07-23 12:05:24,569 [INFO]   ✅ Nessun hint parametrico
2026-07-23 12:05:24,569 [INFO]   ✅ Nessuna diff. oggettiva
2026-07-23 12:05:24,569 [INFO]   Chiamata Ollama (unica per questo gruppo, 4 config in parallelo nel prompt)...
2026-07-23 12:05:24,569 [INFO]   Ollama: analisi 'LV_Pantograph_Lowering' (4 config)...
2026-07-23 12:10:40,482 [INFO] HTTP Request: POST http://127.0.0.1:11434/api/chat "HTTP/1.1 200 OK"
2026-07-23 12:10:40,483 [INFO]   ✅ Cache — score=85 diff=4
2026-07-23 12:10:40,483 [INFO]   [VZI_Base] 🟢 VERDE | score=85 | diff=4
2026-07-23 12:10:40,484 [INFO]   [VZI_Base] 🟢 VERDE | Score: 85
2026-07-23 12:10:41,485 [INFO]   [VZ_FR] Da cache (score=85)
2026-07-23 12:10:41,485 [INFO]   [VZ_FR] 🟢 VERDE | score=85 | diff=4
2026-07-23 12:10:41,485 [INFO]   [VZ_FR] 🟢 VERDE | Score: 85
2026-07-23 12:10:41,485 [INFO]   [VZ_ES] Da cache (score=85)
2026-07-23 12:10:41,486 [INFO]   [VZ_ES] 🟢 VERDE | score=85 | diff=4
2026-07-23 12:10:41,486 [INFO]   [VZ_ES] 🟢 VERDE | Score: 85
2026-07-23 12:10:41,486 [INFO]   [VZI-6_R1] Da cache (score=85)
2026-07-23 12:10:41,486 [INFO]   [VZI-6_R1] 🟢 VERDE | score=85 | diff=4
2026-07-23 12:10:41,487 [INFO]   [VZI-6_R1] 🟢 VERDE | Score: 85
2026-07-23 12:10:41,487 [INFO] Limite MAX_CELLS_PER_RUN raggiunto (12).
2026-07-23 12:10:42,101 [INFO] ✅ File Excel salvato: C:\__SCRIPTS\AskTrainMind\DB Flotte ETR1000 Ver_1.7_00.xlsx
2026-07-23 12:10:42,102 [INFO] Fine.
2026-10-05 11:36:01,545 [INFO] 
============================================================
2026-10-05 11:36:01,548 [INFO]   funzioni_ai_filter — avvio (versione ottimizzata)
2026-10-05 11:36:01,550 [INFO] ============================================================
2026-10-05 11:36:01,551 [INFO]   Excel     : C:\__SCRIPTS\AskTrainMind\DB Flotte ETR1000 Ver_1.8_PROVA.xlsx
2026-10-05 11:36:01,552 [INFO]   AI model  : Ollama / llama3.2
2026-10-05 11:36:01,553 [INFO]   Partenza  : inizio foglio
2026-10-05 11:36:09,999 [ERROR] Ollama non raggiungibile: Failed to connect to Ollama. Please check that Ollama is downloaded, running and accessible. https://ollama.com/download
2026-10-05 11:37:41,947 [INFO] 
============================================================
2026-10-05 11:37:41,948 [INFO]   funzioni_ai_filter — avvio (versione ottimizzata)
2026-10-05 11:37:41,949 [INFO] ============================================================
2026-10-05 11:37:41,949 [INFO]   Excel     : C:\__SCRIPTS\AskTrainMind\DB Flotte ETR1000 Ver_1.8_PROVA.xlsx
2026-10-05 11:37:41,950 [INFO]   AI model  : Ollama / llama3.2
2026-10-05 11:37:41,950 [INFO]   Partenza  : inizio foglio
2026-10-05 11:37:46,841 [INFO] HTTP Request: GET http://127.0.0.1:11434/api/tags "HTTP/1.1 200 OK"
2026-10-05 11:37:46,850 [INFO] ✅ Ollama OK — modello 'llama3.2' disponibile.
2026-10-05 11:37:52,618 [INFO]   [Storico] Nessuno stato precedente — prima esecuzione
2026-10-05 11:37:52,619 [INFO]   [Cartelle] Base URL (da D5 data_only): https://gruppofsitaliane.sharepoint.com/:f:/r/sites/IngegneriaETReMezziLeggeri-Trenitalia/Shared%20Documents/DB_ETR1000/DOC_FLOTTE/
2026-10-05 11:37:52,622 [INFO]   [CONFIG] Configurazioni trovate in riga 1: ['VZI_Base', 'VZI_New14', 'VZ_FR', 'VZ_ES', 'VZI-6_R1', 'VZI-4_R1', 'VZ_DAI', 'VZ_Esxx']
2026-10-05 11:37:52,633 [INFO]   [CONFIG] 106 documenti caricati. Esempi: ['SW_Config', 'FPD_Drive Control', 'FPD_Conventional Train Control', 'FPD_Train Protection - ATP', 'FPD_TCMS Architecture', 'FPD_Propulsion and Auxiliary', 'FPD_Line Voltage', 'FPD_Auxiliary Electrical Supply']
2026-10-05 11:37:52,638 [INFO]   [MAN_CPR] Configurazioni trovate in riga 1: ['VZI_Base', 'VZI_New14', 'VZ_FR', 'VZ-ES', 'VZI-6_R1', 'VZI-4_R1']
2026-10-05 11:37:52,650 [INFO]   [MAN_CPR] 77 documenti caricati. Esempi: ['PBC_01A', 'PBC_01B', 'PBS_01A', 'MR1_01A', 'MR1_02A', 'MR1_03A', 'MR1_04A', 'MR1_05A']
2026-10-05 11:37:52,663 [INFO]   [Colori] Mappa configurazioni: {'VZI_Base': '1F4E79', 'VZI_New14': 'C00000', 'VZ_FR': '00703C', 'VZ_ES': '7030A0', 'VZI-6_R1': 'BF8F00', 'VZI-4_R1': '0070C0'}
2026-10-05 11:37:52,664 [INFO] Struttura foglio rilevata:
  FUNC ID=1, DESCRIZIONE=2, DOC CARTELLA=3, DOC ID=4, Info=5
  Configurazioni (6): ['VZI_Base', 'VZI_New14', 'VZ_FR', 'VZ_ES', 'VZI-6_R1', 'VZI-4_R1']
2026-10-05 11:37:52,666 [INFO] ▶ Elaborazione dall'inizio del foglio.
2026-10-05 11:37:52,668 [INFO]   Doc 'FS_DM1' [cartella: CONFIG] (riga 3): 2/6 configurazioni con link
2026-10-05 11:37:52,670 [INFO]   Doc 'FRS_xx' [cartella: CONFIG] (riga 5): 0/6 configurazioni con link
2026-10-05 11:37:52,671 [INFO]   Doc 'FPD_xx' [cartella: CONFIG] (riga 7): 0/6 configurazioni con link
2026-10-05 11:37:52,672 [INFO]   Doc 'PBC_01A' [cartella: MAN_CPR] (riga 9): 2/6 configurazioni con link
2026-10-05 11:37:52,673 [INFO]   Doc 'DIA_Regole' [cartella: DIAGNOSTIC] (riga 12): 1/6 configurazioni con link
2026-10-05 11:37:52,674 [INFO]   Doc 'FD_TCMS' [cartella: GENERAL] (riga 14): 1/6 configurazioni con link
2026-10-05 11:37:52,675 [INFO]   Doc 'FRS_Line Voltage' [cartella: CONFIG] (riga 17): 4/6 configurazioni con link
2026-10-05 11:37:52,677 [INFO] 
───────────────────────────────────────────────────────
  FUNZIONE    : LV_Country_code_selection — Selezione su IDU del paese corrente, per informare
  DOCUMENTO   : FRS_Line Voltage
  DOC CARTELLA: CONFIG
  RIGA Doc    : 17 | RIGA AI: 19
───────────────────────────────────────────────────────
2026-10-05 11:37:52,679 [INFO]   [VZI_Base]
    URL    : https://gruppofsitaliane.sharepoint.com/:f:/r/sites/IngegneriaETReMezziLeggeri-Trenitalia/Shared%20Documents/DB_ETR1000/DOC_FLOTTE/VZI_Base/CONFIG/FRS/3EST000225-7907.pdf#page=7
    Pagina : '7' → 7
2026-10-05 11:37:52,680 [INFO]   [VZI_New14] nessun link — skip
2026-10-05 11:37:52,681 [INFO]   [VZ_FR]
    URL    : https://gruppofsitaliane.sharepoint.com/:f:/r/sites/IngegneriaETReMezziLeggeri-Trenitalia/Shared%20Documents/DB_ETR1000/DOC_FLOTTE/VZ_FR/CONFIG/FRS/3ECP413571-0401.pdf#page=7
    Pagina : '7' → 7
2026-10-05 11:37:52,681 [INFO]   [VZ_ES]
    URL    : https://gruppofsitaliane.sharepoint.com/:f:/r/sites/IngegneriaETReMezziLeggeri-Trenitalia/Shared%20Documents/DB_ETR1000/DOC_FLOTTE/VZ_ES/CONFIG/FRS/3EGH489028-2358.pdf#page=7
    Pagina : '7' → 7
2026-10-05 11:37:52,682 [INFO]   [VZI-6_R1]
    URL    : https://gruppofsitaliane.sharepoint.com/:f:/r/sites/IngegneriaETReMezziLeggeri-Trenitalia/Shared%20Documents/DB_ETR1000/DOC_FLOTTE/VZI-6_R1/CONFIG/FRS/FA020022045.pdf#page=12
    Pagina : '12' → 12
2026-10-05 11:37:52,682 [INFO]   [VZI-4_R1] nessun link — skip
2026-10-05 11:37:52,683 [INFO]   Doc 'FRS_Line Voltage' [cartella: CONFIG] (riga 21): 4/6 configurazioni con link
2026-10-05 11:37:52,684 [INFO] 
───────────────────────────────────────────────────────
  FUNZIONE    : LV_Pantograph_Lifting — Comando di alzamento pantografo 1 o 2 sulla base d
  DOCUMENTO   : FRS_Line Voltage
  DOC CARTELLA: CONFIG
  RIGA Doc    : 21 | RIGA AI: 23
───────────────────────────────────────────────────────
2026-10-05 11:37:52,685 [INFO]   [VZI_Base]
    URL    : https://gruppofsitaliane.sharepoint.com/:f:/r/sites/IngegneriaETReMezziLeggeri-Trenitalia/Shared%20Documents/DB_ETR1000/DOC_FLOTTE/VZI_Base/CONFIG/FRS/3EST000225-7907.pdf#page=8
    Pagina : '8' → 8
2026-10-05 11:37:52,685 [INFO]   [VZI_New14] nessun link — skip
2026-10-05 11:37:52,686 [INFO]   [VZ_FR]
    URL    : https://gruppofsitaliane.sharepoint.com/:f:/r/sites/IngegneriaETReMezziLeggeri-Trenitalia/Shared%20Documents/DB_ETR1000/DOC_FLOTTE/VZ_FR/CONFIG/FRS/3ECP413571-0401.pdf#page=8
    Pagina : '8' → 8
2026-10-05 11:37:52,688 [INFO]   [VZ_ES]
    URL    : https://gruppofsitaliane.sharepoint.com/:f:/r/sites/IngegneriaETReMezziLeggeri-Trenitalia/Shared%20Documents/DB_ETR1000/DOC_FLOTTE/VZ_ES/CONFIG/FRS/3EGH489028-2358.pdf#page=8
    Pagina : '8' → 8
2026-10-05 11:37:52,689 [INFO]   [VZI-6_R1]
    URL    : https://gruppofsitaliane.sharepoint.com/:f:/r/sites/IngegneriaETReMezziLeggeri-Trenitalia/Shared%20Documents/DB_ETR1000/DOC_FLOTTE/VZI-6_R1/CONFIG/FRS/FA020022045.pdf#page=13
    Pagina : '13' → 13
2026-10-05 11:37:52,692 [INFO]   [VZI-4_R1] nessun link — skip
2026-10-05 11:37:52,694 [INFO]   Doc 'FRS_Line Voltage' [cartella: CONFIG] (riga 25): 4/6 configurazioni con link
2026-10-05 11:37:52,695 [INFO] 
───────────────────────────────────────────────────────
  FUNZIONE    : LV_Pantograph_Lowering — Comando di abbassamento pantografo manuale/automat
  DOCUMENTO   : FRS_Line Voltage
  DOC CARTELLA: CONFIG
  RIGA Doc    : 25 | RIGA AI: 27
───────────────────────────────────────────────────────
2026-10-05 11:37:52,696 [INFO]   [VZI_Base]
    URL    : https://gruppofsitaliane.sharepoint.com/:f:/r/sites/IngegneriaETReMezziLeggeri-Trenitalia/Shared%20Documents/DB_ETR1000/DOC_FLOTTE/VZI_Base/CONFIG/FRS/3EST000225-7907.pdf#page=14
    Pagina : '14' → 14
2026-10-05 11:37:52,696 [INFO]   [VZI_New14] nessun link — skip
2026-10-05 11:37:52,697 [INFO]   [VZ_FR]
    URL    : https://gruppofsitaliane.sharepoint.com/:f:/r/sites/IngegneriaETReMezziLeggeri-Trenitalia/Shared%20Documents/DB_ETR1000/DOC_FLOTTE/VZ_FR/CONFIG/FRS/3ECP413571-0401.pdf#page=16
    Pagina : '16' → 16
2026-10-05 11:37:52,698 [INFO]   [VZ_ES]
    URL    : https://gruppofsitaliane.sharepoint.com/:f:/r/sites/IngegneriaETReMezziLeggeri-Trenitalia/Shared%20Documents/DB_ETR1000/DOC_FLOTTE/VZ_ES/CONFIG/FRS/3EGH489028-2358.pdf#page=14
    Pagina : '14' → 14
2026-10-05 11:37:52,699 [INFO]   [VZI-6_R1]
    URL    : https://gruppofsitaliane.sharepoint.com/:f:/r/sites/IngegneriaETReMezziLeggeri-Trenitalia/Shared%20Documents/DB_ETR1000/DOC_FLOTTE/VZI-6_R1/CONFIG/FRS/FA020022045.pdf#page=19
    Pagina : '19' → 19
2026-10-05 11:37:52,700 [INFO]   [VZI-4_R1] nessun link — skip
2026-10-05 11:37:52,701 [INFO]   Doc 'FRS_Line Voltage' [cartella: CONFIG] (riga 29): 4/6 configurazioni con link
2026-10-05 11:37:52,702 [INFO] 
───────────────────────────────────────────────────────
  FUNZIONE    : LV_Automatic_Dropping_Device_(ADD) — Dispositivo di abbassamento automatico del pantogr
  DOCUMENTO   : FRS_Line Voltage
  DOC CARTELLA: CONFIG
  RIGA Doc    : 29 | RIGA AI: 31
───────────────────────────────────────────────────────
2026-10-05 11:37:52,703 [INFO]   [VZI_Base]
    URL    : https://gruppofsitaliane.sharepoint.com/:f:/r/sites/IngegneriaETReMezziLeggeri-Trenitalia/Shared%20Documents/DB_ETR1000/DOC_FLOTTE/VZI_Base/CONFIG/FRS/3EST000225-7907.pdf#page=16
    Pagina : '16' → 16
2026-10-05 11:37:52,703 [INFO]   [VZI_New14] nessun link — skip
2026-10-05 11:37:52,704 [INFO]   [VZ_FR]
    URL    : https://gruppofsitaliane.sharepoint.com/:f:/r/sites/IngegneriaETReMezziLeggeri-Trenitalia/Shared%20Documents/DB_ETR1000/DOC_FLOTTE/VZ_FR/CONFIG/FRS/3ECP413571-0401.pdf#page=18
    Pagina : '18' → 18
2026-10-05 11:37:52,705 [INFO]   [VZ_ES]
    URL    : https://gruppofsitaliane.sharepoint.com/:f:/r/sites/IngegneriaETReMezziLeggeri-Trenitalia/Shared%20Documents/DB_ETR1000/DOC_FLOTTE/VZ_ES/CONFIG/FRS/3EGH489028-2358.pdf#page=16
    Pagina : '16' → 16
2026-10-05 11:37:52,706 [INFO]   [VZI-6_R1]
    URL    : https://gruppofsitaliane.sharepoint.com/:f:/r/sites/IngegneriaETReMezziLeggeri-Trenitalia/Shared%20Documents/DB_ETR1000/DOC_FLOTTE/VZI-6_R1/CONFIG/FRS/FA020022045.pdf#page=22
    Pagina : '22' → 22
2026-10-05 11:37:52,707 [INFO]   [VZI-4_R1] nessun link — skip
2026-10-05 11:37:52,711 [INFO]   Doc 'FRS_Line Voltage' [cartella: CONFIG] (riga 33): 4/6 configurazioni con link
2026-10-05 11:37:52,713 [INFO] 
───────────────────────────────────────────────────────
  FUNZIONE    : LV_Pantograph_Interlock — Interblocco automatico dei pantografi in caso di g
  DOCUMENTO   : FRS_Line Voltage
  DOC CARTELLA: CONFIG
  RIGA Doc    : 33 | RIGA AI: 35
───────────────────────────────────────────────────────
2026-10-05 11:37:52,713 [INFO]   [VZI_Base]
    URL    : https://gruppofsitaliane.sharepoint.com/:f:/r/sites/IngegneriaETReMezziLeggeri-Trenitalia/Shared%20Documents/DB_ETR1000/DOC_FLOTTE/VZI_Base/CONFIG/FRS/3EST000225-7907.pdf#page=18
    Pagina : '18' → 18
2026-10-05 11:37:52,714 [INFO]   [VZI_New14] nessun link — skip
2026-10-05 11:37:52,715 [INFO]   [VZ_FR]
    URL    : https://gruppofsitaliane.sharepoint.com/:f:/r/sites/IngegneriaETReMezziLeggeri-Trenitalia/Shared%20Documents/DB_ETR1000/DOC_FLOTTE/VZ_FR/CONFIG/FRS/3ECP413571-0401.pdf#page=21
    Pagina : '21' → 21
2026-10-05 11:37:52,716 [INFO]   [VZ_ES]
    URL    : https://gruppofsitaliane.sharepoint.com/:f:/r/sites/IngegneriaETReMezziLeggeri-Trenitalia/Shared%20Documents/DB_ETR1000/DOC_FLOTTE/VZ_ES/CONFIG/FRS/3EGH489028-2358.pdf#page=21
    Pagina : '21' → 21
2026-10-05 11:37:52,717 [INFO]   [VZI-6_R1]
    URL    : https://gruppofsitaliane.sharepoint.com/:f:/r/sites/IngegneriaETReMezziLeggeri-Trenitalia/Shared%20Documents/DB_ETR1000/DOC_FLOTTE/VZI-6_R1/CONFIG/FRS/FA020022045.pdf#page=26
    Pagina : '26' → 26
2026-10-05 11:37:52,718 [INFO]   [VZI-4_R1] nessun link — skip
2026-10-05 11:37:52,718 [INFO]   Doc 'FRS_Line Voltage' [cartella: CONFIG] (riga 37): 4/6 configurazioni con link
2026-10-05 11:37:52,719 [INFO] 
───────────────────────────────────────────────────────
  FUNZIONE    : LV_Pantograph_Selection — Selezione del pantografo in base al paese (tipolog
  DOCUMENTO   : FRS_Line Voltage
  DOC CARTELLA: CONFIG
  RIGA Doc    : 37 | RIGA AI: 39
───────────────────────────────────────────────────────
2026-10-05 11:37:52,720 [INFO]   [VZI_Base]
    URL    : https://gruppofsitaliane.sharepoint.com/:f:/r/sites/IngegneriaETReMezziLeggeri-Trenitalia/Shared%20Documents/DB_ETR1000/DOC_FLOTTE/VZI_Base/CONFIG/FRS/3EST000225-7907.pdf#page=20
    Pagina : '20' → 20
2026-10-05 11:37:52,721 [INFO]   [VZI_New14] nessun link — skip
2026-10-05 11:37:52,721 [INFO]   [VZ_FR]
    URL    : https://gruppofsitaliane.sharepoint.com/:f:/r/sites/IngegneriaETReMezziLeggeri-Trenitalia/Shared%20Documents/DB_ETR1000/DOC_FLOTTE/VZ_FR/CONFIG/FRS/3ECP413571-0401.pdf#page=22
    Pagina : '22' → 22
2026-10-05 11:37:52,722 [INFO]   [VZ_ES]
    URL    : https://gruppofsitaliane.sharepoint.com/:f:/r/sites/IngegneriaETReMezziLeggeri-Trenitalia/Shared%20Documents/DB_ETR1000/DOC_FLOTTE/VZ_ES/CONFIG/FRS/3EGH489028-2358.pdf#page=22
    Pagina : '22' → 22
2026-10-05 11:37:52,722 [INFO]   [VZI-6_R1]
    URL    : https://gruppofsitaliane.sharepoint.com/:f:/r/sites/IngegneriaETReMezziLeggeri-Trenitalia/Shared%20Documents/DB_ETR1000/DOC_FLOTTE/VZI-6_R1/CONFIG/FRS/FA020022045.pdf#page=28
    Pagina : '28' → 28
2026-10-05 11:37:52,723 [INFO]   [VZI-4_R1] nessun link — skip
2026-10-05 11:37:52,723 [INFO]   Doc 'FRS_Line Voltage' [cartella: CONFIG] (riga 41): 4/6 configurazioni con link
2026-10-05 11:37:52,724 [INFO] 
───────────────────────────────────────────────────────
  FUNZIONE    : LV_Pantograph_Control_of_Static_Contact_Force — Controllo della forza statica/pressione del pantog
  DOCUMENTO   : FRS_Line Voltage
  DOC CARTELLA: CONFIG
  RIGA Doc    : 41 | RIGA AI: 43
───────────────────────────────────────────────────────
2026-10-05 11:37:52,724 [INFO]   [VZI_Base]
    URL    : https://gruppofsitaliane.sharepoint.com/:f:/r/sites/IngegneriaETReMezziLeggeri-Trenitalia/Shared%20Documents/DB_ETR1000/DOC_FLOTTE/VZI_Base/CONFIG/FRS/3EST000225-7907.pdf#page=21
    Pagina : '21' → 21
2026-10-05 11:37:52,725 [INFO]   [VZI_New14] nessun link — skip
2026-10-05 11:37:52,726 [INFO]   [VZ_FR]
    URL    : https://gruppofsitaliane.sharepoint.com/:f:/r/sites/IngegneriaETReMezziLeggeri-Trenitalia/Shared%20Documents/DB_ETR1000/DOC_FLOTTE/VZ_FR/CONFIG/FRS/3ECP413571-0401.pdf#page=24
    Pagina : '24' → 24
2026-10-05 11:37:52,729 [INFO]   [VZ_ES]
    URL    : https://gruppofsitaliane.sharepoint.com/:f:/r/sites/IngegneriaETReMezziLeggeri-Trenitalia/Shared%20Documents/DB_ETR1000/DOC_FLOTTE/VZ_ES/CONFIG/FRS/3EGH489028-2358.pdf#page=23
    Pagina : '23' → 23
2026-10-05 11:37:52,730 [INFO]   [VZI-6_R1]
    URL    : https://gruppofsitaliane.sharepoint.com/:f:/r/sites/IngegneriaETReMezziLeggeri-Trenitalia/Shared%20Documents/DB_ETR1000/DOC_FLOTTE/VZI-6_R1/CONFIG/FRS/FA020022045.pdf#page=29
    Pagina : '29' → 29
2026-10-05 11:37:52,730 [INFO]   [VZI-4_R1] nessun link — skip
2026-10-05 11:37:52,732 [INFO]   Doc 'FRS_Line Voltage' [cartella: CONFIG] (riga 45): 4/6 configurazioni con link
2026-10-05 11:37:52,733 [INFO] 
───────────────────────────────────────────────────────
  FUNZIONE    : LV_Line_Voltage_Supervision — Controllo della tensione di linea tramite sensori 
  DOCUMENTO   : FRS_Line Voltage
  DOC CARTELLA: CONFIG
  RIGA Doc    : 45 | RIGA AI: 47
───────────────────────────────────────────────────────
2026-10-05 11:37:52,734 [INFO]   [VZI_Base]
    URL    : https://gruppofsitaliane.sharepoint.com/:f:/r/sites/IngegneriaETReMezziLeggeri-Trenitalia/Shared%20Documents/DB_ETR1000/DOC_FLOTTE/VZI_Base/CONFIG/FRS/3EST000225-7907.pdf#page=23
    Pagina : '23' → 23
2026-10-05 11:37:52,735 [INFO]   [VZI_New14] nessun link — skip
2026-10-05 11:37:52,736 [INFO]   [VZ_FR]
    URL    : https://gruppofsitaliane.sharepoint.com/:f:/r/sites/IngegneriaETReMezziLeggeri-Trenitalia/Shared%20Documents/DB_ETR1000/DOC_FLOTTE/VZ_FR/CONFIG/FRS/3ECP413571-0401.pdf#page=25
    Pagina : '25' → 25
2026-10-05 11:37:52,736 [INFO]   [VZ_ES]
    URL    : https://gruppofsitaliane.sharepoint.com/:f:/r/sites/IngegneriaETReMezziLeggeri-Trenitalia/Shared%20Documents/DB_ETR1000/DOC_FLOTTE/VZ_ES/CONFIG/FRS/3EGH489028-2358.pdf#page=24
    Pagina : '24' → 24
2026-10-05 11:37:52,737 [INFO]   [VZI-6_R1]
    URL    : https://gruppofsitaliane.sharepoint.com/:f:/r/sites/IngegneriaETReMezziLeggeri-Trenitalia/Shared%20Documents/DB_ETR1000/DOC_FLOTTE/VZI-6_R1/CONFIG/FRS/FA020022045.pdf#page=30
    Pagina : '30' → 30
2026-10-05 11:37:52,737 [INFO]   [VZI-4_R1] nessun link — skip
2026-10-05 11:37:52,738 [INFO]   Doc 'FRS_Line Voltage' [cartella: CONFIG] (riga 49): 4/6 configurazioni con link
2026-10-05 11:37:52,739 [INFO] 
───────────────────────────────────────────────────────
  FUNZIONE    : LV_Line_Current_Supervision — Controllo della corrente di linea
  DOCUMENTO   : FRS_Line Voltage
  DOC CARTELLA: CONFIG
  RIGA Doc    : 49 | RIGA AI: 51
───────────────────────────────────────────────────────
2026-10-05 11:37:52,740 [INFO]   [VZI_Base]
    URL    : https://gruppofsitaliane.sharepoint.com/:f:/r/sites/IngegneriaETReMezziLeggeri-Trenitalia/Shared%20Documents/DB_ETR1000/DOC_FLOTTE/VZI_Base/CONFIG/FRS/3EST000225-7907.pdf#page=25
    Pagina : '25' → 25
2026-10-05 11:37:52,740 [INFO]   [VZI_New14] nessun link — skip
2026-10-05 11:37:52,741 [INFO]   [VZ_FR]
    URL    : https://gruppofsitaliane.sharepoint.com/:f:/r/sites/IngegneriaETReMezziLeggeri-Trenitalia/Shared%20Documents/DB_ETR1000/DOC_FLOTTE/VZ_FR/CONFIG/FRS/3ECP413571-0401.pdf#page=29
    Pagina : '29' → 29
2026-10-05 11:37:52,742 [INFO]   [VZ_ES]
    URL    : https://gruppofsitaliane.sharepoint.com/:f:/r/sites/IngegneriaETReMezziLeggeri-Trenitalia/Shared%20Documents/DB_ETR1000/DOC_FLOTTE/VZ_ES/CONFIG/FRS/3EGH489028-2358.pdf#page=27
    Pagina : '27' → 27
2026-10-05 11:37:52,743 [INFO]   [VZI-6_R1]
    URL    : https://gruppofsitaliane.sharepoint.com/:f:/r/sites/IngegneriaETReMezziLeggeri-Trenitalia/Shared%20Documents/DB_ETR1000/DOC_FLOTTE/VZI-6_R1/CONFIG/FRS/FA020022045.pdf#page=36
    Pagina : '36' → 36
2026-10-05 11:37:52,743 [INFO]   [VZI-4_R1] nessun link — skip
2026-10-05 11:37:52,744 [INFO]   Doc 'FRS_Line Voltage' [cartella: CONFIG] (riga 53): 4/6 configurazioni con link
2026-10-05 11:37:52,745 [INFO] 
───────────────────────────────────────────────────────
  FUNZIONE    : LV_Line_Interference_Monitor — Controllo correnti/interferenze indesiderate di li
  DOCUMENTO   : FRS_Line Voltage
  DOC CARTELLA: CONFIG
  RIGA Doc    : 53 | RIGA AI: 55
───────────────────────────────────────────────────────
2026-10-05 11:37:52,746 [INFO]   [VZI_Base]
    URL    : https://gruppofsitaliane.sharepoint.com/:f:/r/sites/IngegneriaETReMezziLeggeri-Trenitalia/Shared%20Documents/DB_ETR1000/DOC_FLOTTE/VZI_Base/CONFIG/FRS/3EST000225-7907.pdf#page=27
    Pagina : '27' → 27
2026-10-05 11:37:52,746 [INFO]   [VZI_New14] nessun link — skip
2026-10-05 11:37:52,747 [INFO]   [VZ_FR]
    URL    : https://gruppofsitaliane.sharepoint.com/:f:/r/sites/IngegneriaETReMezziLeggeri-Trenitalia/Shared%20Documents/DB_ETR1000/DOC_FLOTTE/VZ_FR/CONFIG/FRS/3ECP413571-0401.pdf#page=31
    Pagina : '31' → 31
2026-10-05 11:37:52,749 [INFO]   [VZ_ES]
    URL    : https://gruppofsitaliane.sharepoint.com/:f:/r/sites/IngegneriaETReMezziLeggeri-Trenitalia/Shared%20Documents/DB_ETR1000/DOC_FLOTTE/VZ_ES/CONFIG/FRS/3EGH489028-2358.pdf#page=29
    Pagina : '29' → 29
2026-10-05 11:37:52,750 [INFO]   [VZI-6_R1]
    URL    : https://gruppofsitaliane.sharepoint.com/:f:/r/sites/IngegneriaETReMezziLeggeri-Trenitalia/Shared%20Documents/DB_ETR1000/DOC_FLOTTE/VZI-6_R1/CONFIG/FRS/FA020022045.pdf#page=39
    Pagina : '39' → 39
2026-10-05 11:37:52,750 [INFO]   [VZI-4_R1] nessun link — skip
2026-10-05 11:37:52,751 [INFO]   Doc 'FRS_Line Voltage' [cartella: CONFIG] (riga 57): 4/6 configurazioni con link
2026-10-05 11:37:52,751 [INFO] 
───────────────────────────────────────────────────────
  FUNZIONE    : LV_LIM_50Hz_protection_bypass — Bypass della protezione LIM 50 Hz
  DOCUMENTO   : FRS_Line Voltage
  DOC CARTELLA: CONFIG
  RIGA Doc    : 57 | RIGA AI: 59
───────────────────────────────────────────────────────
2026-10-05 11:37:52,752 [INFO]   [VZI_Base]
    URL    : https://gruppofsitaliane.sharepoint.com/:f:/r/sites/IngegneriaETReMezziLeggeri-Trenitalia/Shared%20Documents/DB_ETR1000/DOC_FLOTTE/VZI_Base/CONFIG/FRS/3EST000225-7907.pdf#page=29
    Pagina : '29' → 29
2026-10-05 11:37:52,753 [INFO]   [VZI_New14] nessun link — skip
2026-10-05 11:37:52,753 [INFO]   [VZ_FR]
    URL    : https://gruppofsitaliane.sharepoint.com/:f:/r/sites/IngegneriaETReMezziLeggeri-Trenitalia/Shared%20Documents/DB_ETR1000/DOC_FLOTTE/VZ_FR/CONFIG/FRS/3ECP413571-0401.pdf#page=34
    Pagina : '34' → 34
2026-10-05 11:37:52,754 [INFO]   [VZ_ES]
    URL    : https://gruppofsitaliane.sharepoint.com/:f:/r/sites/IngegneriaETReMezziLeggeri-Trenitalia/Shared%20Documents/DB_ETR1000/DOC_FLOTTE/VZ_ES/CONFIG/FRS/3EGH489028-2358.pdf#page=31
    Pagina : '31' → 31
2026-10-05 11:37:52,754 [INFO]   [VZI-6_R1]
    URL    : https://gruppofsitaliane.sharepoint.com/:f:/r/sites/IngegneriaETReMezziLeggeri-Trenitalia/Shared%20Documents/DB_ETR1000/DOC_FLOTTE/VZI-6_R1/CONFIG/FRS/FA020022045.pdf#page=42
    Pagina : '42' → 42
2026-10-05 11:37:52,755 [INFO]   [VZI-4_R1] nessun link — skip
2026-10-05 11:37:52,756 [INFO]   Doc 'FRS_Line Voltage' [cartella: CONFIG] (riga 61): 4/6 configurazioni con link
2026-10-05 11:37:52,756 [INFO] 
───────────────────────────────────────────────────────
  FUNZIONE    : LV_Neutral_Section_Passing — Gestione del passaggio in sezione neutra:
- automa
  DOCUMENTO   : FRS_Line Voltage
  DOC CARTELLA: CONFIG
  RIGA Doc    : 61 | RIGA AI: 63
───────────────────────────────────────────────────────
2026-10-05 11:37:52,757 [INFO]   [VZI_Base]
    URL    : https://gruppofsitaliane.sharepoint.com/:f:/r/sites/IngegneriaETReMezziLeggeri-Trenitalia/Shared%20Documents/DB_ETR1000/DOC_FLOTTE/VZI_Base/CONFIG/FRS/3EST000225-7907.pdf#page=30
    Pagina : '30' → 30
2026-10-05 11:37:52,758 [INFO]   [VZI_New14] nessun link — skip
2026-10-05 11:37:52,759 [INFO]   [VZ_FR]
    URL    : https://gruppofsitaliane.sharepoint.com/:f:/r/sites/IngegneriaETReMezziLeggeri-Trenitalia/Shared%20Documents/DB_ETR1000/DOC_FLOTTE/VZ_FR/CONFIG/FRS/3ECP413571-0401.pdf#page=35
    Pagina : '35' → 35
2026-10-05 11:37:52,761 [INFO]   [VZ_ES]
    URL    : https://gruppofsitaliane.sharepoint.com/:f:/r/sites/IngegneriaETReMezziLeggeri-Trenitalia/Shared%20Documents/DB_ETR1000/DOC_FLOTTE/VZ_ES/CONFIG/FRS/3EGH489028-2358.pdf#page=32
    Pagina : '32' → 32
2026-10-05 11:37:52,764 [INFO]   [VZI-6_R1]
    URL    : https://gruppofsitaliane.sharepoint.com/:f:/r/sites/IngegneriaETReMezziLeggeri-Trenitalia/Shared%20Documents/DB_ETR1000/DOC_FLOTTE/VZI-6_R1/CONFIG/FRS/FA020022045.pdf#page=43
    Pagina : '43' → 43
2026-10-05 11:37:52,765 [INFO]   [VZI-4_R1] nessun link — skip
2026-10-05 11:37:52,767 [INFO]   Doc 'FRS_Line Voltage' [cartella: CONFIG] (riga 65): 4/6 configurazioni con link
2026-10-05 11:37:52,769 [INFO] 
───────────────────────────────────────────────────────
  FUNZIONE    : LV_System_Selection — Selezione tramite commutatore a 4 posizioni della 
  DOCUMENTO   : FRS_Line Voltage
  DOC CARTELLA: CONFIG
  RIGA Doc    : 65 | RIGA AI: 67
───────────────────────────────────────────────────────
2026-10-05 11:37:52,769 [INFO]   [VZI_Base]
    URL    : https://gruppofsitaliane.sharepoint.com/:f:/r/sites/IngegneriaETReMezziLeggeri-Trenitalia/Shared%20Documents/DB_ETR1000/DOC_FLOTTE/VZI_Base/CONFIG/FRS/3EST000225-7907.pdf#page=34
    Pagina : '34' → 34
2026-10-05 11:37:52,770 [INFO]   [VZI_New14] nessun link — skip
2026-10-05 11:37:52,771 [INFO]   [VZ_FR]
    URL    : https://gruppofsitaliane.sharepoint.com/:f:/r/sites/IngegneriaETReMezziLeggeri-Trenitalia/Shared%20Documents/DB_ETR1000/DOC_FLOTTE/VZ_FR/CONFIG/FRS/3ECP413571-0401.pdf#page=39
    Pagina : '39' → 39
2026-10-05 11:37:52,772 [INFO]   [VZ_ES]
    URL    : https://gruppofsitaliane.sharepoint.com/:f:/r/sites/IngegneriaETReMezziLeggeri-Trenitalia/Shared%20Documents/DB_ETR1000/DOC_FLOTTE/VZ_ES/CONFIG/FRS/3EGH489028-2358.pdf#page=35
    Pagina : '35' → 35
2026-10-05 11:37:52,774 [INFO]   [VZI-6_R1]
    URL    : https://gruppofsitaliane.sharepoint.com/:f:/r/sites/IngegneriaETReMezziLeggeri-Trenitalia/Shared%20Documents/DB_ETR1000/DOC_FLOTTE/VZI-6_R1/CONFIG/FRS/FA020022045.pdf#page=47
    Pagina : '47' → 47
2026-10-05 11:37:52,774 [INFO]   [VZI-4_R1] nessun link — skip
2026-10-05 11:37:52,775 [INFO]   Doc 'FRS_Line Voltage' [cartella: CONFIG] (riga 69): 4/6 configurazioni con link
2026-10-05 11:37:52,777 [INFO] 
───────────────────────────────────────────────────────
  FUNZIONE    : LV_Line_Circuit_Breaker_Closing — Chiusura dell’interruttore di linea (LCB) per coll
  DOCUMENTO   : FRS_Line Voltage
  DOC CARTELLA: CONFIG
  RIGA Doc    : 69 | RIGA AI: 71
───────────────────────────────────────────────────────
2026-10-05 11:37:52,778 [INFO]   [VZI_Base]
    URL    : https://gruppofsitaliane.sharepoint.com/:f:/r/sites/IngegneriaETReMezziLeggeri-Trenitalia/Shared%20Documents/DB_ETR1000/DOC_FLOTTE/VZI_Base/CONFIG/FRS/3EST000225-7907.pdf#page=37
    Pagina : '37' → 37
2026-10-05 11:37:52,778 [INFO]   [VZI_New14] nessun link — skip
2026-10-05 11:37:52,780 [INFO]   [VZ_FR]
    URL    : https://gruppofsitaliane.sharepoint.com/:f:/r/sites/IngegneriaETReMezziLeggeri-Trenitalia/Shared%20Documents/DB_ETR1000/DOC_FLOTTE/VZ_FR/CONFIG/FRS/3ECP413571-0401.pdf#page=42
    Pagina : '42' → 42
2026-10-05 11:37:52,780 [INFO]   [VZ_ES]
    URL    : https://gruppofsitaliane.sharepoint.com/:f:/r/sites/IngegneriaETReMezziLeggeri-Trenitalia/Shared%20Documents/DB_ETR1000/DOC_FLOTTE/VZ_ES/CONFIG/FRS/3EGH489028-2358.pdf#page=38
    Pagina : '38' → 38
2026-10-05 11:37:52,784 [INFO]   [VZI-6_R1]
    URL    : https://gruppofsitaliane.sharepoint.com/:f:/r/sites/IngegneriaETReMezziLeggeri-Trenitalia/Shared%20Documents/DB_ETR1000/DOC_FLOTTE/VZI-6_R1/CONFIG/FRS/FA020022045.pdf#page=50
    Pagina : '50' → 50
2026-10-05 11:37:52,786 [INFO]   [VZI-4_R1] nessun link — skip
2026-10-05 11:37:52,787 [INFO]   Doc 'FRS_Line Voltage' [cartella: CONFIG] (riga 73): 4/6 configurazioni con link
2026-10-05 11:37:52,788 [INFO] 
───────────────────────────────────────────────────────
  FUNZIONE    : LV_Line_Circuit_Breaker_Opening — Apertura LCB su comando o per intervento protezion
  DOCUMENTO   : FRS_Line Voltage
  DOC CARTELLA: CONFIG
  RIGA Doc    : 73 | RIGA AI: 75
───────────────────────────────────────────────────────
2026-10-05 11:37:52,790 [INFO]   [VZI_Base]
    URL    : https://gruppofsitaliane.sharepoint.com/:f:/r/sites/IngegneriaETReMezziLeggeri-Trenitalia/Shared%20Documents/DB_ETR1000/DOC_FLOTTE/VZI_Base/CONFIG/FRS/3EST000225-7907.pdf#page=40
    Pagina : '40' → 40
2026-10-05 11:37:52,790 [INFO]   [VZI_New14] nessun link — skip
2026-10-05 11:37:52,791 [INFO]   [VZ_FR]
    URL    : https://gruppofsitaliane.sharepoint.com/:f:/r/sites/IngegneriaETReMezziLeggeri-Trenitalia/Shared%20Documents/DB_ETR1000/DOC_FLOTTE/VZ_FR/CONFIG/FRS/3ECP413571-0401.pdf#page=46
    Pagina : '46' → 46
2026-10-05 11:37:52,792 [INFO]   [VZ_ES]
    URL    : https://gruppofsitaliane.sharepoint.com/:f:/r/sites/IngegneriaETReMezziLeggeri-Trenitalia/Shared%20Documents/DB_ETR1000/DOC_FLOTTE/VZ_ES/CONFIG/FRS/3EGH489028-2358.pdf#page=42
    Pagina : '42' → 42
2026-10-05 11:37:52,793 [INFO]   [VZI-6_R1]
    URL    : https://gruppofsitaliane.sharepoint.com/:f:/r/sites/IngegneriaETReMezziLeggeri-Trenitalia/Shared%20Documents/DB_ETR1000/DOC_FLOTTE/VZI-6_R1/CONFIG/FRS/FA020022045.pdf#page=56
    Pagina : '56' → 56
2026-10-05 11:37:52,794 [INFO]   [VZI-4_R1] nessun link — skip
2026-10-05 11:37:52,795 [INFO]   Doc 'FRS_Line Voltage' [cartella: CONFIG] (riga 77): 4/6 configurazioni con link
2026-10-05 11:37:52,796 [INFO] 
───────────────────────────────────────────────────────
  FUNZIONE    : LV_Isolate_High_Voltage — Isolamento di sezioni HV guaste per mantenere disp
  DOCUMENTO   : FRS_Line Voltage
  DOC CARTELLA: CONFIG
  RIGA Doc    : 77 | RIGA AI: 79
───────────────────────────────────────────────────────
2026-10-05 11:37:52,797 [INFO]   [VZI_Base]
    URL    : https://gruppofsitaliane.sharepoint.com/:f:/r/sites/IngegneriaETReMezziLeggeri-Trenitalia/Shared%20Documents/DB_ETR1000/DOC_FLOTTE/VZI_Base/CONFIG/FRS/3EST000225-7907.pdf#page=45
    Pagina : '45' → 45
2026-10-05 11:37:52,798 [INFO]   [VZI_New14] nessun link — skip
2026-10-05 11:37:52,798 [INFO]   [VZ_FR]
    URL    : https://gruppofsitaliane.sharepoint.com/:f:/r/sites/IngegneriaETReMezziLeggeri-Trenitalia/Shared%20Documents/DB_ETR1000/DOC_FLOTTE/VZ_FR/CONFIG/FRS/3ECP413571-0401.pdf#page=52
    Pagina : '52' → 52
2026-10-05 11:37:52,799 [INFO]   [VZ_ES]
    URL    : https://gruppofsitaliane.sharepoint.com/:f:/r/sites/IngegneriaETReMezziLeggeri-Trenitalia/Shared%20Documents/DB_ETR1000/DOC_FLOTTE/VZ_ES/CONFIG/FRS/3EGH489028-2358.pdf#page=47
    Pagina : '47' → 47
2026-10-05 11:37:52,800 [INFO]   [VZI-6_R1]
    URL    : https://gruppofsitaliane.sharepoint.com/:f:/r/sites/IngegneriaETReMezziLeggeri-Trenitalia/Shared%20Documents/DB_ETR1000/DOC_FLOTTE/VZI-6_R1/CONFIG/FRS/FA020022045.pdf#page=61
    Pagina : '61' → 61
2026-10-05 11:37:52,800 [INFO]   [VZI-4_R1] nessun link — skip
2026-10-05 11:37:52,807 [INFO]   Doc 'FRS_Line Voltage' [cartella: CONFIG] (riga 81): 1/6 configurazioni con link
2026-10-05 11:37:52,809 [INFO] 
───────────────────────────────────────────────────────
  FUNZIONE    : LV_Main_Transformer_cooling_control — Controllo da parte della PCU della velocità delle 
  DOCUMENTO   : FRS_Line Voltage
  DOC CARTELLA: CONFIG
  RIGA Doc    : 81 | RIGA AI: 83
───────────────────────────────────────────────────────
2026-10-05 11:37:52,811 [INFO]   [VZI_Base] nessun link — skip
2026-10-05 11:37:52,812 [INFO]   [VZI_New14] nessun link — skip
2026-10-05 11:37:52,812 [INFO]   [VZ_FR] nessun link — skip
2026-10-05 11:37:52,813 [INFO]   [VZ_ES] nessun link — skip
2026-10-05 11:37:52,816 [INFO]   [VZI-6_R1]
    URL    : https://gruppofsitaliane.sharepoint.com/:f:/r/sites/IngegneriaETReMezziLeggeri-Trenitalia/Shared%20Documents/DB_ETR1000/DOC_FLOTTE/VZI-6_R1/CONFIG/FRS/FA020022045.pdf#page=65
    Pagina : '65' → 65
2026-10-05 11:37:52,817 [INFO]   [VZI-4_R1] nessun link — skip
2026-10-05 11:37:52,819 [INFO]   Doc 'FRS_Line Voltage' [cartella: CONFIG] (riga 85): 1/6 configurazioni con link
2026-10-05 11:37:52,820 [INFO] 
───────────────────────────────────────────────────────
  FUNZIONE    : LV_Main_Transformer_Supervision — Controllo da parte della PCU della temperatura del
  DOCUMENTO   : FRS_Line Voltage
  DOC CARTELLA: CONFIG
  RIGA Doc    : 85 | RIGA AI: 87
───────────────────────────────────────────────────────
2026-10-05 11:37:52,821 [INFO]   [VZI_Base] nessun link — skip
2026-10-05 11:37:52,822 [INFO]   [VZI_New14] nessun link — skip
2026-10-05 11:37:52,823 [INFO]   [VZ_FR] nessun link — skip
2026-10-05 11:37:52,825 [INFO]   [VZ_ES] nessun link — skip
2026-10-05 11:37:52,826 [INFO]   [VZI-6_R1]
    URL    : https://gruppofsitaliane.sharepoint.com/:f:/r/sites/IngegneriaETReMezziLeggeri-Trenitalia/Shared%20Documents/DB_ETR1000/DOC_FLOTTE/VZI-6_R1/CONFIG/FRS/FA020022045.pdf#page=68
    Pagina : '68' → 68
2026-10-05 11:37:52,826 [INFO]   [VZI-4_R1] nessun link — skip
2026-10-05 11:37:52,831 [INFO]   Doc 'FRS_Line Voltage' [cartella: CONFIG] (riga 89): 3/6 configurazioni con link
2026-10-05 11:37:52,832 [INFO] 
───────────────────────────────────────────────────────
  FUNZIONE    : LV_Energy_Meter — Sistema di lettura dell'evergia assorbita dal tren
  DOCUMENTO   : FRS_Line Voltage
  DOC CARTELLA: CONFIG
  RIGA Doc    : 89 | RIGA AI: 91
───────────────────────────────────────────────────────
2026-10-05 11:37:52,832 [INFO]   [VZI_Base] nessun link — skip
2026-10-05 11:37:52,833 [INFO]   [VZI_New14] nessun link — skip
2026-10-05 11:37:52,833 [INFO]   [VZ_FR]
    URL    : https://gruppofsitaliane.sharepoint.com/:f:/r/sites/IngegneriaETReMezziLeggeri-Trenitalia/Shared%20Documents/DB_ETR1000/DOC_FLOTTE/VZ_FR/CONFIG/FRS/3ECP413571-0401.pdf#page=54
    Pagina : '54' → 54
2026-10-05 11:37:52,834 [INFO]   [VZ_ES]
    URL    : https://gruppofsitaliane.sharepoint.com/:f:/r/sites/IngegneriaETReMezziLeggeri-Trenitalia/Shared%20Documents/DB_ETR1000/DOC_FLOTTE/VZ_ES/CONFIG/FRS/3EGH489028-2358.pdf#page=49
    Pagina : '49' → 49
2026-10-05 11:37:52,835 [INFO]   [VZI-6_R1]
    URL    : https://gruppofsitaliane.sharepoint.com/:f:/r/sites/IngegneriaETReMezziLeggeri-Trenitalia/Shared%20Documents/DB_ETR1000/DOC_FLOTTE/VZI-6_R1/CONFIG/FRS/FA020022045.pdf#page=71
    Pagina : '71' → 71
2026-10-05 11:37:52,835 [INFO]   [VZI-4_R1] nessun link — skip
2026-10-05 11:37:52,837 [INFO]   Doc 'FRS_Line Voltage' [cartella: CONFIG] (riga 93): 4/6 configurazioni con link
2026-10-05 11:37:52,838 [INFO] 
───────────────────────────────────────────────────────
  FUNZIONE    : LV_Key_interlocking — Interblocco tramite giro chiavi del sistema alta t
  DOCUMENTO   : FRS_Line Voltage
  DOC CARTELLA: CONFIG
  RIGA Doc    : 93 | RIGA AI: 95
───────────────────────────────────────────────────────
2026-10-05 11:37:52,840 [INFO]   [VZI_Base]
    URL    : https://gruppofsitaliane.sharepoint.com/:f:/r/sites/IngegneriaETReMezziLeggeri-Trenitalia/Shared%20Documents/DB_ETR1000/DOC_FLOTTE/VZI_Base/CONFIG/FRS/3EST000225-7907.pdf#page=48
    Pagina : '48' → 48
2026-10-05 11:37:52,840 [INFO]   [VZI_New14] nessun link — skip
2026-10-05 11:37:52,849 [INFO]   [VZ_FR]
    URL    : https://gruppofsitaliane.sharepoint.com/:f:/r/sites/IngegneriaETReMezziLeggeri-Trenitalia/Shared%20Documents/DB_ETR1000/DOC_FLOTTE/VZ_FR/CONFIG/FRS/3ECP413571-0401.pdf#page=55
    Pagina : '55' → 55
2026-10-05 11:37:52,852 [INFO]   [VZ_ES]
    URL    : https://gruppofsitaliane.sharepoint.com/:f:/r/sites/IngegneriaETReMezziLeggeri-Trenitalia/Shared%20Documents/DB_ETR1000/DOC_FLOTTE/VZ_ES/CONFIG/FRS/3EGH489028-2358.pdf#page=51
    Pagina : '51' → 51
2026-10-05 11:37:52,853 [INFO]   [VZI-6_R1]
    URL    : https://gruppofsitaliane.sharepoint.com/:f:/r/sites/IngegneriaETReMezziLeggeri-Trenitalia/Shared%20Documents/DB_ETR1000/DOC_FLOTTE/VZI-6_R1/CONFIG/FRS/FA020022045.pdf#page=73
    Pagina : '73' → 73
2026-10-05 11:37:52,855 [INFO]   [VZI-4_R1] nessun link — skip
2026-10-05 11:37:52,855 [INFO]   Doc 'FRS_Line Voltage' [cartella: CONFIG] (riga 97): 4/6 configurazioni con link
2026-10-05 11:37:52,856 [INFO] 
───────────────────────────────────────────────────────
  FUNZIONE    : LV_Function_Earthing_of_High_Voltage_Supply — Messa a terra dell'alta tensione per consentire la
  DOCUMENTO   : FRS_Line Voltage
  DOC CARTELLA: CONFIG
  RIGA Doc    : 97 | RIGA AI: 99
───────────────────────────────────────────────────────
2026-10-05 11:37:52,860 [INFO]   [VZI_Base]
    URL    : https://gruppofsitaliane.sharepoint.com/:f:/r/sites/IngegneriaETReMezziLeggeri-Trenitalia/Shared%20Documents/DB_ETR1000/DOC_FLOTTE/VZI_Base/CONFIG/FRS/3EST000225-7907.pdf#page=49
    Pagina : '49' → 49
2026-10-05 11:37:52,861 [INFO]   [VZI_New14] nessun link — skip
2026-10-05 11:37:52,862 [INFO]   [VZ_FR]
    URL    : https://gruppofsitaliane.sharepoint.com/:f:/r/sites/IngegneriaETReMezziLeggeri-Trenitalia/Shared%20Documents/DB_ETR1000/DOC_FLOTTE/VZ_FR/CONFIG/FRS/3ECP413571-0401.pdf#page=56
    Pagina : '56' → 56
2026-10-05 11:37:52,864 [INFO]   [VZ_ES]
    URL    : https://gruppofsitaliane.sharepoint.com/:f:/r/sites/IngegneriaETReMezziLeggeri-Trenitalia/Shared%20Documents/DB_ETR1000/DOC_FLOTTE/VZ_ES/CONFIG/FRS/3EGH489028-2358.pdf#page=52
    Pagina : '52' → 52
2026-10-05 11:37:52,864 [INFO]   [VZI-6_R1]
    URL    : https://gruppofsitaliane.sharepoint.com/:f:/r/sites/IngegneriaETReMezziLeggeri-Trenitalia/Shared%20Documents/DB_ETR1000/DOC_FLOTTE/VZI-6_R1/CONFIG/FRS/FA020022045.pdf#page=74
    Pagina : '74' → 74
2026-10-05 11:37:52,864 [INFO]   [VZI-4_R1] nessun link — skip
2026-10-05 11:37:52,865 [INFO]   Doc 'FRS_Line Voltage' [cartella: CONFIG] (riga 101): 4/6 configurazioni con link
2026-10-05 11:37:52,865 [INFO] 
───────────────────────────────────────────────────────
  FUNZIONE    : LV_Function_Earthing_of_Converter_boxes — Messa a terra dei box convertitori per consentire 
  DOCUMENTO   : FRS_Line Voltage
  DOC CARTELLA: CONFIG
  RIGA Doc    : 101 | RIGA AI: 103
───────────────────────────────────────────────────────
2026-10-05 11:37:52,866 [INFO]   [VZI_Base]
    URL    : https://gruppofsitaliane.sharepoint.com/:f:/r/sites/IngegneriaETReMezziLeggeri-Trenitalia/Shared%20Documents/DB_ETR1000/DOC_FLOTTE/VZI_Base/CONFIG/FRS/3EST000225-7907.pdf#page=52
    Pagina : '52' → 52
2026-10-05 11:37:52,867 [INFO]   [VZI_New14] nessun link — skip
2026-10-05 11:37:52,868 [INFO]   [VZ_FR]
    URL    : https://gruppofsitaliane.sharepoint.com/:f:/r/sites/IngegneriaETReMezziLeggeri-Trenitalia/Shared%20Documents/DB_ETR1000/DOC_FLOTTE/VZ_FR/CONFIG/FRS/3ECP413571-0401.pdf#page=59
    Pagina : '59' → 59
2026-10-05 11:37:52,869 [INFO]   [VZ_ES]
    URL    : https://gruppofsitaliane.sharepoint.com/:f:/r/sites/IngegneriaETReMezziLeggeri-Trenitalia/Shared%20Documents/DB_ETR1000/DOC_FLOTTE/VZ_ES/CONFIG/FRS/3EGH489028-2358.pdf#page=55
    Pagina : '55' → 55
2026-10-05 11:37:52,869 [INFO]   [VZI-6_R1]
    URL    : https://gruppofsitaliane.sharepoint.com/:f:/r/sites/IngegneriaETReMezziLeggeri-Trenitalia/Shared%20Documents/DB_ETR1000/DOC_FLOTTE/VZI-6_R1/CONFIG/FRS/FA020022045.pdf#page=77
    Pagina : '77' → 77
2026-10-05 11:37:52,870 [INFO]   [VZI-4_R1] nessun link — skip
2026-10-05 11:37:52,871 [INFO]   Doc 'FRS_Line Voltage' [cartella: CONFIG] (riga 105): 4/6 configurazioni con link
2026-10-05 11:37:52,871 [INFO] 
───────────────────────────────────────────────────────
  FUNZIONE    : LV_HVAC_pre-conditioning_on_DC_line — Funzione per alimentare gli HVAC senza superare i 
  DOCUMENTO   : FRS_Line Voltage
  DOC CARTELLA: CONFIG
  RIGA Doc    : 105 | RIGA AI: 107
───────────────────────────────────────────────────────
2026-10-05 11:37:52,872 [INFO]   [VZI_Base]
    URL    : https://gruppofsitaliane.sharepoint.com/:f:/r/sites/IngegneriaETReMezziLeggeri-Trenitalia/Shared%20Documents/DB_ETR1000/DOC_FLOTTE/VZI_Base/CONFIG/FRS/3EST000225-7907.pdf#page=55
    Pagina : '55' → 55
2026-10-05 11:37:52,873 [INFO]   [VZI_New14] nessun link — skip
2026-10-05 11:37:52,874 [INFO]   [VZ_FR]
    URL    : https://gruppofsitaliane.sharepoint.com/:f:/r/sites/IngegneriaETReMezziLeggeri-Trenitalia/Shared%20Documents/DB_ETR1000/DOC_FLOTTE/VZ_FR/CONFIG/FRS/3ECP413571-0401.pdf#page=62
    Pagina : '62' → 62
2026-10-05 11:37:52,875 [INFO]   [VZ_ES]
    URL    : https://gruppofsitaliane.sharepoint.com/:f:/r/sites/IngegneriaETReMezziLeggeri-Trenitalia/Shared%20Documents/DB_ETR1000/DOC_FLOTTE/VZ_ES/CONFIG/FRS/3EGH489028-2358.pdf#page=58
    Pagina : '58' → 58
2026-10-05 11:37:52,877 [INFO]   [VZI-6_R1]
    URL    : https://gruppofsitaliane.sharepoint.com/:f:/r/sites/IngegneriaETReMezziLeggeri-Trenitalia/Shared%20Documents/DB_ETR1000/DOC_FLOTTE/VZI-6_R1/CONFIG/FRS/FA020022045.pdf#page=80
    Pagina : '80' → 80
2026-10-05 11:37:52,880 [INFO]   [VZI-4_R1] nessun link — skip
2026-10-05 11:37:52,882 [INFO]   Doc 'FRS_Aux Electrical Supply' [cartella: CONFIG] (riga 109): 4/6 configurazioni con link
2026-10-05 11:37:52,884 [INFO] 
───────────────────────────────────────────────────────
  FUNZIONE    : AUX_Function_General — 
  DOCUMENTO   : FRS_Aux Electrical Supply
  DOC CARTELLA: CONFIG
  RIGA Doc    : 109 | RIGA AI: 111
───────────────────────────────────────────────────────
2026-10-05 11:37:52,884 [INFO]   [VZI_Base]
    URL    : https://gruppofsitaliane.sharepoint.com/:f:/r/sites/IngegneriaETReMezziLeggeri-Trenitalia/Shared%20Documents/DB_ETR1000/DOC_FLOTTE/VZI_Base/CONFIG/FRS/3EST000225-7914.pdf#page=5
    Pagina : '5' → 5
2026-10-05 11:37:52,886 [INFO]   [VZI_New14] nessun link — skip
2026-10-05 11:37:52,887 [INFO]   [VZ_FR]
    URL    : https://gruppofsitaliane.sharepoint.com/:f:/r/sites/IngegneriaETReMezziLeggeri-Trenitalia/Shared%20Documents/DB_ETR1000/DOC_FLOTTE/VZ_FR/CONFIG/FRS/3ECP413571-0601.pdf#page=5
    Pagina : '5' → 5
2026-10-05 11:37:52,888 [INFO]   [VZ_ES]
    URL    : https://gruppofsitaliane.sharepoint.com/:f:/r/sites/IngegneriaETReMezziLeggeri-Trenitalia/Shared%20Documents/DB_ETR1000/DOC_FLOTTE/VZ_ES/CONFIG/FRS/3EST000225-7914.pdf#page=5
    Pagina : '5' → 5
2026-10-05 11:37:52,889 [INFO]   [VZI-6_R1]
    URL    : https://gruppofsitaliane.sharepoint.com/:f:/r/sites/IngegneriaETReMezziLeggeri-Trenitalia/Shared%20Documents/DB_ETR1000/DOC_FLOTTE/VZI-6_R1/CONFIG/FRS/FA020024537.pdf#page=6
    Pagina : '6' → 6
2026-10-05 11:37:52,889 [INFO]   [VZI-4_R1] nessun link — skip
2026-10-05 11:37:52,890 [INFO]   Doc 'FRS_Aux Electrical Supply' [cartella: CONFIG] (riga 113): 4/6 configurazioni con link
2026-10-05 11:37:52,893 [INFO] 
───────────────────────────────────────────────────────
  FUNZIONE    : AUX_Activation_and_Synchronisation_of_ACM — 
  DOCUMENTO   : FRS_Aux Electrical Supply
  DOC CARTELLA: CONFIG
  RIGA Doc    : 113 | RIGA AI: 115
───────────────────────────────────────────────────────
2026-10-05 11:37:52,895 [INFO]   [VZI_Base]
    URL    : https://gruppofsitaliane.sharepoint.com/:f:/r/sites/IngegneriaETReMezziLeggeri-Trenitalia/Shared%20Documents/DB_ETR1000/DOC_FLOTTE/VZI_Base/CONFIG/FRS/3EST000225-7914.pdf#page=7
    Pagina : '7' → 7
2026-10-05 11:37:52,896 [INFO]   [VZI_New14] nessun link — skip
2026-10-05 11:37:52,897 [INFO]   [VZ_FR]
    URL    : https://gruppofsitaliane.sharepoint.com/:f:/r/sites/IngegneriaETReMezziLeggeri-Trenitalia/Shared%20Documents/DB_ETR1000/DOC_FLOTTE/VZ_FR/CONFIG/FRS/3ECP413571-0601.pdf#page=7
    Pagina : '7' → 7
2026-10-05 11:37:52,898 [INFO]   [VZ_ES]
    URL    : https://gruppofsitaliane.sharepoint.com/:f:/r/sites/IngegneriaETReMezziLeggeri-Trenitalia/Shared%20Documents/DB_ETR1000/DOC_FLOTTE/VZ_ES/CONFIG/FRS/3EST000225-7914.pdf#page=7
    Pagina : '7' → 7
2026-10-05 11:37:52,898 [INFO]   [VZI-6_R1]
    URL    : https://gruppofsitaliane.sharepoint.com/:f:/r/sites/IngegneriaETReMezziLeggeri-Trenitalia/Shared%20Documents/DB_ETR1000/DOC_FLOTTE/VZI-6_R1/CONFIG/FRS/FA020024537.pdf#page=8
    Pagina : '8' → 8
2026-10-05 11:37:52,899 [INFO]   [VZI-4_R1] nessun link — skip
2026-10-05 11:37:52,899 [INFO]   Doc 'FRS_Aux Electrical Supply' [cartella: CONFIG] (riga 117): 4/6 configurazioni con link
2026-10-05 11:37:52,901 [INFO] 
───────────────────────────────────────────────────────
  FUNZIONE    : AUX_ACM_reset — 
  DOCUMENTO   : FRS_Aux Electrical Supply
  DOC CARTELLA: CONFIG
  RIGA Doc    : 117 | RIGA AI: 119
───────────────────────────────────────────────────────
2026-10-05 11:37:52,902 [INFO]   [VZI_Base]
    URL    : https://gruppofsitaliane.sharepoint.com/:f:/r/sites/IngegneriaETReMezziLeggeri-Trenitalia/Shared%20Documents/DB_ETR1000/DOC_FLOTTE/VZI_Base/CONFIG/FRS/3EST000225-7914.pdf#page=9
    Pagina : '9' → 9
2026-10-05 11:37:52,903 [INFO]   [VZI_New14] nessun link — skip
2026-10-05 11:37:52,903 [INFO]   [VZ_FR]
    URL    : https://gruppofsitaliane.sharepoint.com/:f:/r/sites/IngegneriaETReMezziLeggeri-Trenitalia/Shared%20Documents/DB_ETR1000/DOC_FLOTTE/VZ_FR/CONFIG/FRS/3ECP413571-0601.pdf#page=9
    Pagina : '9' → 9
2026-10-05 11:37:52,904 [INFO]   [VZ_ES]
    URL    : https://gruppofsitaliane.sharepoint.com/:f:/r/sites/IngegneriaETReMezziLeggeri-Trenitalia/Shared%20Documents/DB_ETR1000/DOC_FLOTTE/VZ_ES/CONFIG/FRS/3EST000225-7914.pdf#page=9
    Pagina : '9' → 9
2026-10-05 11:37:52,904 [INFO]   [VZI-6_R1]
    URL    : https://gruppofsitaliane.sharepoint.com/:f:/r/sites/IngegneriaETReMezziLeggeri-Trenitalia/Shared%20Documents/DB_ETR1000/DOC_FLOTTE/VZI-6_R1/CONFIG/FRS/FA020024537.pdf#page=9
    Pagina : '9' → 9
2026-10-05 11:37:52,906 [INFO]   [VZI-4_R1] nessun link — skip
2026-10-05 11:37:52,906 [INFO]   Doc 'FRS_Aux Electrical Supply' [cartella: CONFIG] (riga 121): 4/6 configurazioni con link
2026-10-05 11:37:52,907 [INFO] 
───────────────────────────────────────────────────────
  FUNZIONE    : AUX_AC_on_Board_Supply_System — 
  DOCUMENTO   : FRS_Aux Electrical Supply
  DOC CARTELLA: CONFIG
  RIGA Doc    : 121 | RIGA AI: 123
───────────────────────────────────────────────────────
2026-10-05 11:37:52,911 [INFO]   [VZI_Base]
    URL    : https://gruppofsitaliane.sharepoint.com/:f:/r/sites/IngegneriaETReMezziLeggeri-Trenitalia/Shared%20Documents/DB_ETR1000/DOC_FLOTTE/VZI_Base/CONFIG/FRS/3EST000225-7914.pdf#page=10
    Pagina : '10' → 10
2026-10-05 11:37:52,912 [INFO]   [VZI_New14] nessun link — skip
2026-10-05 11:37:52,913 [INFO]   [VZ_FR]
    URL    : https://gruppofsitaliane.sharepoint.com/:f:/r/sites/IngegneriaETReMezziLeggeri-Trenitalia/Shared%20Documents/DB_ETR1000/DOC_FLOTTE/VZ_FR/CONFIG/FRS/3ECP413571-0601.pdf#page=10
    Pagina : '10' → 10
2026-10-05 11:37:52,914 [INFO]   [VZ_ES]
    URL    : https://gruppofsitaliane.sharepoint.com/:f:/r/sites/IngegneriaETReMezziLeggeri-Trenitalia/Shared%20Documents/DB_ETR1000/DOC_FLOTTE/VZ_ES/CONFIG/FRS/3EST000225-7914.pdf#page=10
    Pagina : '10' → 10
2026-10-05 11:37:52,915 [INFO]   [VZI-6_R1]
    URL    : https://gruppofsitaliane.sharepoint.com/:f:/r/sites/IngegneriaETReMezziLeggeri-Trenitalia/Shared%20Documents/DB_ETR1000/DOC_FLOTTE/VZI-6_R1/CONFIG/FRS/FA020024537.pdf#page=10
    Pagina : '10' → 10
2026-10-05 11:37:52,916 [INFO]   [VZI-4_R1] nessun link — skip
2026-10-05 11:37:52,917 [INFO]   Doc 'FRS_Aux Electrical Supply' [cartella: CONFIG] (riga 125): 4/6 configurazioni con link
2026-10-05 11:37:52,919 [INFO] 
───────────────────────────────────────────────────────
  FUNZIONE    : AUX_External_Power_Supply — 
  DOCUMENTO   : FRS_Aux Electrical Supply
  DOC CARTELLA: CONFIG
  RIGA Doc    : 125 | RIGA AI: 127
───────────────────────────────────────────────────────
2026-10-05 11:37:52,921 [INFO]   [VZI_Base]
    URL    : https://gruppofsitaliane.sharepoint.com/:f:/r/sites/IngegneriaETReMezziLeggeri-Trenitalia/Shared%20Documents/DB_ETR1000/DOC_FLOTTE/VZI_Base/CONFIG/FRS/3EST000225-7914.pdf#page=18
    Pagina : '18' → 18
2026-10-05 11:37:52,921 [INFO]   [VZI_New14] nessun link — skip
2026-10-05 11:37:52,922 [INFO]   [VZ_FR]
    URL    : https://gruppofsitaliane.sharepoint.com/:f:/r/sites/IngegneriaETReMezziLeggeri-Trenitalia/Shared%20Documents/DB_ETR1000/DOC_FLOTTE/VZ_FR/CONFIG/FRS/3ECP413571-0601.pdf#page=19
    Pagina : '19' → 19
2026-10-05 11:37:52,923 [INFO]   [VZ_ES]
    URL    : https://gruppofsitaliane.sharepoint.com/:f:/r/sites/IngegneriaETReMezziLeggeri-Trenitalia/Shared%20Documents/DB_ETR1000/DOC_FLOTTE/VZ_ES/CONFIG/FRS/3EST000225-7914.pdf#page=18
    Pagina : '18' → 18
2026-10-05 11:37:52,926 [INFO]   [VZI-6_R1]
    URL    : https://gruppofsitaliane.sharepoint.com/:f:/r/sites/IngegneriaETReMezziLeggeri-Trenitalia/Shared%20Documents/DB_ETR1000/DOC_FLOTTE/VZI-6_R1/CONFIG/FRS/FA020024537.pdf#page=18
    Pagina : '18' → 18
2026-10-05 11:37:52,928 [INFO]   [VZI-4_R1] nessun link — skip
2026-10-05 11:37:52,929 [INFO]   Doc 'FRS_Aux Electrical Supply' [cartella: CONFIG] (riga 129): 4/6 configurazioni con link
2026-10-05 11:37:52,929 [INFO] 
───────────────────────────────────────────────────────
  FUNZIONE    : AUX_Earthing_switch — 
  DOCUMENTO   : FRS_Aux Electrical Supply
  DOC CARTELLA: CONFIG
  RIGA Doc    : 129 | RIGA AI: 131
───────────────────────────────────────────────────────
2026-10-05 11:37:52,930 [INFO]   [VZI_Base]
    URL    : https://gruppofsitaliane.sharepoint.com/:f:/r/sites/IngegneriaETReMezziLeggeri-Trenitalia/Shared%20Documents/DB_ETR1000/DOC_FLOTTE/VZI_Base/CONFIG/FRS/3EST000225-7914.pdf#page=22
    Pagina : '22' → 22
2026-10-05 11:37:52,931 [INFO]   [VZI_New14] nessun link — skip
2026-10-05 11:37:52,932 [INFO]   [VZ_FR]
    URL    : https://gruppofsitaliane.sharepoint.com/:f:/r/sites/IngegneriaETReMezziLeggeri-Trenitalia/Shared%20Documents/DB_ETR1000/DOC_FLOTTE/VZ_FR/CONFIG/FRS/3ECP413571-0601.pdf#page=23
    Pagina : '23' → 23
2026-10-05 11:37:52,933 [INFO]   [VZ_ES]
    URL    : https://gruppofsitaliane.sharepoint.com/:f:/r/sites/IngegneriaETReMezziLeggeri-Trenitalia/Shared%20Documents/DB_ETR1000/DOC_FLOTTE/VZ_ES/CONFIG/FRS/3EST000225-7914.pdf#page=22
    Pagina : '22' → 22
2026-10-05 11:37:52,934 [INFO]   [VZI-6_R1]
    URL    : https://gruppofsitaliane.sharepoint.com/:f:/r/sites/IngegneriaETReMezziLeggeri-Trenitalia/Shared%20Documents/DB_ETR1000/DOC_FLOTTE/VZI-6_R1/CONFIG/FRS/FA020024537.pdf#page=22
    Pagina : '22' → 22
2026-10-05 11:37:52,935 [INFO]   [VZI-4_R1] nessun link — skip
2026-10-05 11:37:52,937 [INFO]   Doc 'FRS_Aux Electrical Supply' [cartella: CONFIG] (riga 133): 4/6 configurazioni con link
2026-10-05 11:37:52,938 [INFO] 
───────────────────────────────────────────────────────
  FUNZIONE    : AUX_230V,_50Hz_Sockets — 
  DOCUMENTO   : FRS_Aux Electrical Supply
  DOC CARTELLA: CONFIG
  RIGA Doc    : 133 | RIGA AI: 135
───────────────────────────────────────────────────────
2026-10-05 11:37:52,939 [INFO]   [VZI_Base]
    URL    : https://gruppofsitaliane.sharepoint.com/:f:/r/sites/IngegneriaETReMezziLeggeri-Trenitalia/Shared%20Documents/DB_ETR1000/DOC_FLOTTE/VZI_Base/CONFIG/FRS/3EST000225-7914.pdf#page=23
    Pagina : '23' → 23
2026-10-05 11:37:52,940 [INFO]   [VZI_New14] nessun link — skip
2026-10-05 11:37:52,941 [INFO]   [VZ_FR]
    URL    : https://gruppofsitaliane.sharepoint.com/:f:/r/sites/IngegneriaETReMezziLeggeri-Trenitalia/Shared%20Documents/DB_ETR1000/DOC_FLOTTE/VZ_FR/CONFIG/FRS/3ECP413571-0601.pdf#page=24
    Pagina : '24' → 24
2026-10-05 11:37:52,943 [INFO]   [VZ_ES]
    URL    : https://gruppofsitaliane.sharepoint.com/:f:/r/sites/IngegneriaETReMezziLeggeri-Trenitalia/Shared%20Documents/DB_ETR1000/DOC_FLOTTE/VZ_ES/CONFIG/FRS/3EST000225-7914.pdf#page=23
    Pagina : '23' → 23
2026-10-05 11:37:52,944 [INFO]   [VZI-6_R1]
    URL    : https://gruppofsitaliane.sharepoint.com/:f:/r/sites/IngegneriaETReMezziLeggeri-Trenitalia/Shared%20Documents/DB_ETR1000/DOC_FLOTTE/VZI-6_R1/CONFIG/FRS/FA020024537.pdf#page=23
    Pagina : '23' → 23
2026-10-05 11:37:52,946 [INFO]   [VZI-4_R1] nessun link — skip
2026-10-05 11:37:52,947 [INFO]   Doc 'FRS_Aux Electrical Supply' [cartella: CONFIG] (riga 137): 4/6 configurazioni con link
2026-10-05 11:37:52,948 [INFO] 
───────────────────────────────────────────────────────
  FUNZIONE    : AUX_Mini_Circuit_Breaker_Supervision — 
  DOCUMENTO   : FRS_Aux Electrical Supply
  DOC CARTELLA: CONFIG
  RIGA Doc    : 137 | RIGA AI: 139
───────────────────────────────────────────────────────
2026-10-05 11:37:52,949 [INFO]   [VZI_Base]
    URL    : https://gruppofsitaliane.sharepoint.com/:f:/r/sites/IngegneriaETReMezziLeggeri-Trenitalia/Shared%20Documents/DB_ETR1000/DOC_FLOTTE/VZI_Base/CONFIG/FRS/3EST000225-7914.pdf#page=24
    Pagina : '24' → 24
2026-10-05 11:37:52,949 [INFO]   [VZI_New14] nessun link — skip
2026-10-05 11:37:52,950 [INFO]   [VZ_FR]
    URL    : https://gruppofsitaliane.sharepoint.com/:f:/r/sites/IngegneriaETReMezziLeggeri-Trenitalia/Shared%20Documents/DB_ETR1000/DOC_FLOTTE/VZ_FR/CONFIG/FRS/3ECP413571-0601.pdf#page=25
    Pagina : '25' → 25
2026-10-05 11:37:52,951 [INFO]   [VZ_ES]
    URL    : https://gruppofsitaliane.sharepoint.com/:f:/r/sites/IngegneriaETReMezziLeggeri-Trenitalia/Shared%20Documents/DB_ETR1000/DOC_FLOTTE/VZ_ES/CONFIG/FRS/3EST000225-7914.pdf#page=24
    Pagina : '24' → 24
2026-10-05 11:37:52,951 [INFO]   [VZI-6_R1]
    URL    : https://gruppofsitaliane.sharepoint.com/:f:/r/sites/IngegneriaETReMezziLeggeri-Trenitalia/Shared%20Documents/DB_ETR1000/DOC_FLOTTE/VZI-6_R1/CONFIG/FRS/FA020024537.pdf#page=24
    Pagina : '24' → 24
2026-10-05 11:37:52,952 [INFO]   [VZI-4_R1] nessun link — skip
2026-10-05 11:37:52,953 [INFO]   Doc 'FRS_Battery' [cartella: CONFIG] (riga 141): 2/6 configurazioni con link
2026-10-05 11:37:52,953 [INFO] 
───────────────────────────────────────────────────────
  FUNZIONE    : BAT_Failure_cases_battery_system — 
  DOCUMENTO   : FRS_Battery
  DOC CARTELLA: CONFIG
  RIGA Doc    : 141 | RIGA AI: 143
───────────────────────────────────────────────────────
2026-10-05 11:37:52,956 [INFO]   [VZI_Base]
    URL    : https://gruppofsitaliane.sharepoint.com/:f:/r/sites/IngegneriaETReMezziLeggeri-Trenitalia/Shared%20Documents/DB_ETR1000/DOC_FLOTTE/VZI_Base/CONFIG/FRS/3EST000225-7908.pdf#page=8
    Pagina : '8' → 8
2026-10-05 11:37:52,956 [INFO]   [VZI_New14] nessun link — skip
2026-10-05 11:37:52,957 [INFO]   [VZ_FR] nessun link — skip
2026-10-05 11:37:52,962 [INFO]   [VZ_ES] nessun link — skip
2026-10-05 11:37:52,963 [INFO]   [VZI-6_R1]
    URL    : https://gruppofsitaliane.sharepoint.com/:f:/r/sites/IngegneriaETReMezziLeggeri-Trenitalia/Shared%20Documents/DB_ETR1000/DOC_FLOTTE/VZI-6_R1/CONFIG/FRS/FA020024538.pdf#page=8
    Pagina : '8' → 8
2026-10-05 11:37:52,964 [INFO]   [VZI-4_R1] nessun link — skip
2026-10-05 11:37:52,965 [INFO]   Doc 'FRS_Battery' [cartella: CONFIG] (riga 145): 2/6 configurazioni con link
2026-10-05 11:37:52,966 [INFO] 
───────────────────────────────────────────────────────
  FUNZIONE    : BAT_Function_Battery_Isolation — 
  DOCUMENTO   : FRS_Battery
  DOC CARTELLA: CONFIG
  RIGA Doc    : 145 | RIGA AI: 147
───────────────────────────────────────────────────────
2026-10-05 11:37:52,967 [INFO]   [VZI_Base]
    URL    : https://gruppofsitaliane.sharepoint.com/:f:/r/sites/IngegneriaETReMezziLeggeri-Trenitalia/Shared%20Documents/DB_ETR1000/DOC_FLOTTE/VZI_Base/CONFIG/FRS/3EST000225-7908.pdf#page=9
    Pagina : '9' → 9
2026-10-05 11:37:52,968 [INFO]   [VZI_New14] nessun link — skip
2026-10-05 11:37:52,969 [INFO]   [VZ_FR] nessun link — skip
2026-10-05 11:37:52,970 [INFO]   [VZ_ES] nessun link — skip
2026-10-05 11:37:52,970 [INFO]   [VZI-6_R1]
    URL    : https://gruppofsitaliane.sharepoint.com/:f:/r/sites/IngegneriaETReMezziLeggeri-Trenitalia/Shared%20Documents/DB_ETR1000/DOC_FLOTTE/VZI-6_R1/CONFIG/FRS/FA020024538.pdf#page=9
    Pagina : '9' → 9
2026-10-05 11:37:52,971 [INFO]   [VZI-4_R1] nessun link — skip
2026-10-05 11:37:52,971 [INFO]   Doc 'FRS_Battery' [cartella: CONFIG] (riga 149): 2/6 configurazioni con link
2026-10-05 11:37:52,973 [INFO] 
───────────────────────────────────────────────────────
  FUNZIONE    : BAT_Battery_Contactors — 
  DOCUMENTO   : FRS_Battery
  DOC CARTELLA: CONFIG
  RIGA Doc    : 149 | RIGA AI: 151
───────────────────────────────────────────────────────
2026-10-05 11:37:52,974 [INFO]   [VZI_Base]
    URL    : https://gruppofsitaliane.sharepoint.com/:f:/r/sites/IngegneriaETReMezziLeggeri-Trenitalia/Shared%20Documents/DB_ETR1000/DOC_FLOTTE/VZI_Base/CONFIG/FRS/3EST000225-7908.pdf#page=11
    Pagina : '11' → 11
2026-10-05 11:37:52,976 [INFO]   [VZI_New14] nessun link — skip
2026-10-05 11:37:52,977 [INFO]   [VZ_FR] nessun link — skip
2026-10-05 11:37:52,981 [INFO]   [VZ_ES] nessun link — skip
2026-10-05 11:37:52,981 [INFO]   [VZI-6_R1]
    URL    : https://gruppofsitaliane.sharepoint.com/:f:/r/sites/IngegneriaETReMezziLeggeri-Trenitalia/Shared%20Documents/DB_ETR1000/DOC_FLOTTE/VZI-6_R1/CONFIG/FRS/FA020024538.pdf#page=11
    Pagina : '11' → 11
2026-10-05 11:37:52,982 [INFO]   [VZI-4_R1] nessun link — skip
2026-10-05 11:37:52,982 [INFO]   Doc 'FRS_Battery' [cartella: CONFIG] (riga 153): 2/6 configurazioni con link
2026-10-05 11:37:52,983 [INFO] 
───────────────────────────────────────────────────────
  FUNZIONE    : BAT_Load_Shed_Contactors — 
  DOCUMENTO   : FRS_Battery
  DOC CARTELLA: CONFIG
  RIGA Doc    : 153 | RIGA AI: 155
───────────────────────────────────────────────────────
2026-10-05 11:37:52,984 [INFO]   [VZI_Base]
    URL    : https://gruppofsitaliane.sharepoint.com/:f:/r/sites/IngegneriaETReMezziLeggeri-Trenitalia/Shared%20Documents/DB_ETR1000/DOC_FLOTTE/VZI_Base/CONFIG/FRS/3EST000225-7908.pdf#page=16
    Pagina : '16' → 16
2026-10-05 11:37:52,984 [INFO]   [VZI_New14] nessun link — skip
2026-10-05 11:37:52,986 [INFO]   [VZ_FR] nessun link — skip
2026-10-05 11:37:52,987 [INFO]   [VZ_ES] nessun link — skip
2026-10-05 11:37:52,988 [INFO]   [VZI-6_R1]
    URL    : https://gruppofsitaliane.sharepoint.com/:f:/r/sites/IngegneriaETReMezziLeggeri-Trenitalia/Shared%20Documents/DB_ETR1000/DOC_FLOTTE/VZI-6_R1/CONFIG/FRS/FA020024538.pdf#page=16
    Pagina : '16' → 16
2026-10-05 11:37:52,988 [INFO]   [VZI-4_R1] nessun link — skip
2026-10-05 11:37:52,989 [INFO]   Doc 'FRS_Battery' [cartella: CONFIG] (riga 157): 2/6 configurazioni con link
2026-10-05 11:37:53,032 [INFO] 
───────────────────────────────────────────────────────
  FUNZIONE    : BAT_DC_Busline_Distribution — 
  DOCUMENTO   : FRS_Battery
  DOC CARTELLA: CONFIG
  RIGA Doc    : 157 | RIGA AI: 159
───────────────────────────────────────────────────────
2026-10-05 11:37:53,091 [INFO]   [VZI_Base]
    URL    : https://gruppofsitaliane.sharepoint.com/:f:/r/sites/IngegneriaETReMezziLeggeri-Trenitalia/Shared%20Documents/DB_ETR1000/DOC_FLOTTE/VZI_Base/CONFIG/FRS/3EST000225-7908.pdf#page=19
    Pagina : '19' → 19
2026-10-05 11:37:53,110 [INFO]   [VZI_New14] nessun link — skip
2026-10-05 11:37:53,113 [INFO]   [VZ_FR] nessun link — skip
2026-10-05 11:37:53,114 [INFO]   [VZ_ES] nessun link — skip
2026-10-05 11:37:53,114 [INFO]   [VZI-6_R1]
    URL    : https://gruppofsitaliane.sharepoint.com/:f:/r/sites/IngegneriaETReMezziLeggeri-Trenitalia/Shared%20Documents/DB_ETR1000/DOC_FLOTTE/VZI-6_R1/CONFIG/FRS/FA020024538.pdf#page=19
    Pagina : '19' → 19
2026-10-05 11:37:53,115 [INFO]   [VZI-4_R1] nessun link — skip
2026-10-05 11:37:53,116 [INFO]   Doc 'FRS_Battery' [cartella: CONFIG] (riga 161): 2/6 configurazioni con link
2026-10-05 11:37:53,117 [INFO] 
───────────────────────────────────────────────────────
  FUNZIONE    : BAT_Battery_Charging — 
  DOCUMENTO   : FRS_Battery
  DOC CARTELLA: CONFIG
  RIGA Doc    : 161 | RIGA AI: 163
───────────────────────────────────────────────────────
2026-10-05 11:37:53,117 [INFO]   [VZI_Base]
    URL    : https://gruppofsitaliane.sharepoint.com/:f:/r/sites/IngegneriaETReMezziLeggeri-Trenitalia/Shared%20Documents/DB_ETR1000/DOC_FLOTTE/VZI_Base/CONFIG/FRS/3EST000225-7908.pdf#page=21
    Pagina : '21' → 21
2026-10-05 11:37:53,118 [INFO]   [VZI_New14] nessun link — skip
2026-10-05 11:37:53,118 [INFO]   [VZ_FR] nessun link — skip
2026-10-05 11:37:53,119 [INFO]   [VZ_ES] nessun link — skip
2026-10-05 11:37:53,119 [INFO]   [VZI-6_R1]
    URL    : https://gruppofsitaliane.sharepoint.com/:f:/r/sites/IngegneriaETReMezziLeggeri-Trenitalia/Shared%20Documents/DB_ETR1000/DOC_FLOTTE/VZI-6_R1/CONFIG/FRS/FA020024538.pdf#page=21
    Pagina : '21' → 21
2026-10-05 11:37:53,120 [INFO]   [VZI-4_R1] nessun link — skip
2026-10-05 11:37:53,121 [INFO]   Doc 'FRS_Air Supply' [cartella: CONFIG] (riga 165): 3/6 configurazioni con link
2026-10-05 11:37:53,122 [INFO] 
───────────────────────────────────────────────────────
  FUNZIONE    : AIR_Control_of_Main_Compressor — 
  DOCUMENTO   : FRS_Air Supply
  DOC CARTELLA: CONFIG
  RIGA Doc    : 165 | RIGA AI: 167
───────────────────────────────────────────────────────
2026-10-05 11:37:53,122 [INFO]   [VZI_Base]
    URL    : https://gruppofsitaliane.sharepoint.com/:f:/r/sites/IngegneriaETReMezziLeggeri-Trenitalia/Shared%20Documents/DB_ETR1000/DOC_FLOTTE/VZI_Base/CONFIG/FRS/3EST000225-7915.pdf#page=6
    Pagina : '6' → 6
2026-10-05 11:37:53,123 [INFO]   [VZI_New14]
    URL    : https://gruppofsitaliane.sharepoint.com/:f:/r/sites/IngegneriaETReMezziLeggeri-Trenitalia/Shared%20Documents/DB_ETR1000/DOC_FLOTTE/VZI_New14/CONFIG/FRS/3ECP413719-0603.pdf#page=6
    Pagina : '6' → 6
2026-10-05 11:37:53,123 [INFO]   [VZ_FR] nessun link — skip
2026-10-05 11:37:53,124 [INFO]   [VZ_ES] nessun link — skip
2026-10-05 11:37:53,125 [INFO]   [VZI-6_R1]
    URL    : https://gruppofsitaliane.sharepoint.com/:f:/r/sites/IngegneriaETReMezziLeggeri-Trenitalia/Shared%20Documents/DB_ETR1000/DOC_FLOTTE/VZI-6_R1/CONFIG/FRS/FA020024531.pdf#page=6
    Pagina : '6' → 6
2026-10-05 11:37:53,125 [INFO]   [VZI-4_R1] nessun link — skip
2026-10-05 11:37:53,126 [INFO]   Doc 'FRS_Air Supply' [cartella: CONFIG] (riga 169): 3/6 configurazioni con link
2026-10-05 11:37:53,127 [INFO] 
───────────────────────────────────────────────────────
  FUNZIONE    : AIR_Monitoring_of_Main_Compressor — 
  DOCUMENTO   : FRS_Air Supply
  DOC CARTELLA: CONFIG
  RIGA Doc    : 169 | RIGA AI: 171
───────────────────────────────────────────────────────
2026-10-05 11:37:53,152 [INFO]   [VZI_Base]
    URL    : https://gruppofsitaliane.sharepoint.com/:f:/r/sites/IngegneriaETReMezziLeggeri-Trenitalia/Shared%20Documents/DB_ETR1000/DOC_FLOTTE/VZI_Base/CONFIG/FRS/3EST000225-7915.pdf#page=11
    Pagina : '11' → 11
2026-10-05 11:37:53,152 [INFO]   [VZI_New14]
    URL    : https://gruppofsitaliane.sharepoint.com/:f:/r/sites/IngegneriaETReMezziLeggeri-Trenitalia/Shared%20Documents/DB_ETR1000/DOC_FLOTTE/VZI_New14/CONFIG/FRS/3ECP413719-0603.pdf#page=12
    Pagina : '12' → 12
2026-10-05 11:37:53,153 [INFO]   [VZ_FR] nessun link — skip
2026-10-05 11:37:53,154 [INFO]   [VZ_ES] nessun link — skip
2026-10-05 11:37:53,155 [INFO]   [VZI-6_R1]
    URL    : https://gruppofsitaliane.sharepoint.com/:f:/r/sites/IngegneriaETReMezziLeggeri-Trenitalia/Shared%20Documents/DB_ETR1000/DOC_FLOTTE/VZI-6_R1/CONFIG/FRS/FA020024531.pdf#page=11
    Pagina : '11' → 11
2026-10-05 11:37:53,155 [INFO]   [VZI-4_R1] nessun link — skip
2026-10-05 11:37:53,156 [INFO]   Doc 'FRS_Air Supply' [cartella: CONFIG] (riga 173): 3/6 configurazioni con link
2026-10-05 11:37:53,158 [INFO] 
───────────────────────────────────────────────────────
  FUNZIONE    : AIR_Forcing_of_Main_compressor — 
  DOCUMENTO   : FRS_Air Supply
  DOC CARTELLA: CONFIG
  RIGA Doc    : 173 | RIGA AI: 175
───────────────────────────────────────────────────────
2026-10-05 11:37:53,158 [INFO]   [VZI_Base]
    URL    : https://gruppofsitaliane.sharepoint.com/:f:/r/sites/IngegneriaETReMezziLeggeri-Trenitalia/Shared%20Documents/DB_ETR1000/DOC_FLOTTE/VZI_Base/CONFIG/FRS/3EST000225-7915.pdf#page=14
    Pagina : '14' → 14
2026-10-05 11:37:53,159 [INFO]   [VZI_New14]
    URL    : https://gruppofsitaliane.sharepoint.com/:f:/r/sites/IngegneriaETReMezziLeggeri-Trenitalia/Shared%20Documents/DB_ETR1000/DOC_FLOTTE/VZI_New14/CONFIG/FRS/3ECP413719-0603.pdf#page=14
    Pagina : '14' → 14
2026-10-05 11:37:53,160 [INFO]   [VZ_FR] nessun link — skip
2026-10-05 11:37:53,160 [INFO]   [VZ_ES] nessun link — skip
2026-10-05 11:37:53,161 [INFO]   [VZI-6_R1]
    URL    : https://gruppofsitaliane.sharepoint.com/:f:/r/sites/IngegneriaETReMezziLeggeri-Trenitalia/Shared%20Documents/DB_ETR1000/DOC_FLOTTE/VZI-6_R1/CONFIG/FRS/FA020024531.pdf#page=14
    Pagina : '14' → 14
2026-10-05 11:37:53,162 [INFO]   [VZI-4_R1] nessun link — skip
2026-10-05 11:37:53,163 [INFO]   Doc 'FRS_Air Supply' [cartella: CONFIG] (riga 177): 3/6 configurazioni con link
2026-10-05 11:37:53,164 [INFO] 
───────────────────────────────────────────────────────
  FUNZIONE    : AIR_Air_Dryer — 
  DOCUMENTO   : FRS_Air Supply
  DOC CARTELLA: CONFIG
  RIGA Doc    : 177 | RIGA AI: 179
───────────────────────────────────────────────────────
2026-10-05 11:37:53,164 [INFO]   [VZI_Base]
    URL    : https://gruppofsitaliane.sharepoint.com/:f:/r/sites/IngegneriaETReMezziLeggeri-Trenitalia/Shared%20Documents/DB_ETR1000/DOC_FLOTTE/VZI_Base/CONFIG/FRS/3EST000225-7915.pdf#page=18
    Pagina : '18' → 18
2026-10-05 11:37:53,165 [INFO]   [VZI_New14]
    URL    : https://gruppofsitaliane.sharepoint.com/:f:/r/sites/IngegneriaETReMezziLeggeri-Trenitalia/Shared%20Documents/DB_ETR1000/DOC_FLOTTE/VZI_New14/CONFIG/FRS/3ECP413719-0603.pdf#page=16
    Pagina : '16' → 16
2026-10-05 11:37:53,166 [INFO]   [VZ_FR] nessun link — skip
2026-10-05 11:37:53,166 [INFO]   [VZ_ES] nessun link — skip
2026-10-05 11:37:53,167 [INFO]   [VZI-6_R1]
    URL    : https://gruppofsitaliane.sharepoint.com/:f:/r/sites/IngegneriaETReMezziLeggeri-Trenitalia/Shared%20Documents/DB_ETR1000/DOC_FLOTTE/VZI-6_R1/CONFIG/FRS/FA020024531.pdf#page=16
    Pagina : '16' → 16
2026-10-05 11:37:53,167 [INFO]   [VZI-4_R1] nessun link — skip
2026-10-05 11:37:53,168 [INFO]   Doc 'FRS_Air Supply' [cartella: CONFIG] (riga 181): 3/6 configurazioni con link
2026-10-05 11:37:53,169 [INFO] 
───────────────────────────────────────────────────────
  FUNZIONE    : AIR_External_Air_Supply — 
  DOCUMENTO   : FRS_Air Supply
  DOC CARTELLA: CONFIG
  RIGA Doc    : 181 | RIGA AI: 183
───────────────────────────────────────────────────────
2026-10-05 11:37:53,170 [INFO]   [VZI_Base]
    URL    : https://gruppofsitaliane.sharepoint.com/:f:/r/sites/IngegneriaETReMezziLeggeri-Trenitalia/Shared%20Documents/DB_ETR1000/DOC_FLOTTE/VZI_Base/CONFIG/FRS/3EST000225-7915.pdf#page=20
    Pagina : '20' → 20
2026-10-05 11:37:53,171 [INFO]   [VZI_New14]
    URL    : https://gruppofsitaliane.sharepoint.com/:f:/r/sites/IngegneriaETReMezziLeggeri-Trenitalia/Shared%20Documents/DB_ETR1000/DOC_FLOTTE/VZI_New14/CONFIG/FRS/3ECP413719-0603.pdf#page=18
    Pagina : '18' → 18
2026-10-05 11:37:53,172 [INFO]   [VZ_FR] nessun link — skip
2026-10-05 11:37:53,173 [INFO]   [VZ_ES] nessun link — skip
2026-10-05 11:37:53,173 [INFO]   [VZI-6_R1]
    URL    : https://gruppofsitaliane.sharepoint.com/:f:/r/sites/IngegneriaETReMezziLeggeri-Trenitalia/Shared%20Documents/DB_ETR1000/DOC_FLOTTE/VZI-6_R1/CONFIG/FRS/FA020024531.pdf#page=17
    Pagina : '17' → 17
2026-10-05 11:37:53,174 [INFO]   [VZI-4_R1] nessun link — skip
2026-10-05 11:37:53,176 [INFO]   Doc 'FRS_Air Supply' [cartella: CONFIG] (riga 185): 3/6 configurazioni con link
2026-10-05 11:37:53,176 [INFO] 
───────────────────────────────────────────────────────
  FUNZIONE    : AIR_Control_of_Auxiliary_Compressor — 
  DOCUMENTO   : FRS_Air Supply
  DOC CARTELLA: CONFIG
  RIGA Doc    : 185 | RIGA AI: 187
───────────────────────────────────────────────────────
2026-10-05 11:37:53,178 [INFO]   [VZI_Base]
    URL    : https://gruppofsitaliane.sharepoint.com/:f:/r/sites/IngegneriaETReMezziLeggeri-Trenitalia/Shared%20Documents/DB_ETR1000/DOC_FLOTTE/VZI_Base/CONFIG/FRS/3EST000225-7915.pdf#page=22
    Pagina : '22' → 22
2026-10-05 11:37:53,181 [INFO]   [VZI_New14]
    URL    : https://gruppofsitaliane.sharepoint.com/:f:/r/sites/IngegneriaETReMezziLeggeri-Trenitalia/Shared%20Documents/DB_ETR1000/DOC_FLOTTE/VZI_New14/CONFIG/FRS/3ECP413719-0603.pdf#page=19
    Pagina : '19' → 19
2026-10-05 11:37:53,182 [INFO]   [VZ_FR] nessun link — skip
2026-10-05 11:37:53,183 [INFO]   [VZ_ES] nessun link — skip
2026-10-05 11:37:53,183 [INFO]   [VZI-6_R1]
    URL    : https://gruppofsitaliane.sharepoint.com/:f:/r/sites/IngegneriaETReMezziLeggeri-Trenitalia/Shared%20Documents/DB_ETR1000/DOC_FLOTTE/VZI-6_R1/CONFIG/FRS/FA020024531.pdf#page=18
    Pagina : '18' → 18
2026-10-05 11:37:53,185 [INFO]   [VZI-4_R1] nessun link — skip
2026-10-05 11:37:53,186 [INFO]   Doc 'FRS_Air Supply' [cartella: CONFIG] (riga 189): 3/6 configurazioni con link
2026-10-05 11:37:53,188 [INFO] 
───────────────────────────────────────────────────────
  FUNZIONE    : AIR_Suspension_Supervision — 
  DOCUMENTO   : FRS_Air Supply
  DOC CARTELLA: CONFIG
  RIGA Doc    : 189 | RIGA AI: 191
───────────────────────────────────────────────────────
2026-10-05 11:37:53,188 [INFO]   [VZI_Base]
    URL    : https://gruppofsitaliane.sharepoint.com/:f:/r/sites/IngegneriaETReMezziLeggeri-Trenitalia/Shared%20Documents/DB_ETR1000/DOC_FLOTTE/VZI_Base/CONFIG/FRS/3EST000225-7915.pdf#page=26
    Pagina : '26' → 26
2026-10-05 11:37:53,189 [INFO]   [VZI_New14]
    URL    : https://gruppofsitaliane.sharepoint.com/:f:/r/sites/IngegneriaETReMezziLeggeri-Trenitalia/Shared%20Documents/DB_ETR1000/DOC_FLOTTE/VZI_New14/CONFIG/FRS/3ECP413719-0603.pdf#page=22
    Pagina : '22' → 22
2026-10-05 11:37:53,190 [INFO]   [VZ_FR] nessun link — skip
2026-10-05 11:37:53,191 [INFO]   [VZ_ES] nessun link — skip
2026-10-05 11:37:53,192 [INFO]   [VZI-6_R1]
    URL    : https://gruppofsitaliane.sharepoint.com/:f:/r/sites/IngegneriaETReMezziLeggeri-Trenitalia/Shared%20Documents/DB_ETR1000/DOC_FLOTTE/VZI-6_R1/CONFIG/FRS/FA020024531.pdf#page=21
    Pagina : '21' → 21
2026-10-05 11:37:53,192 [INFO]   [VZI-4_R1] nessun link — skip
2026-10-05 11:37:53,195 [INFO]   Doc 'FRS_Air Supply' [cartella: CONFIG] (riga 193): 3/6 configurazioni con link
2026-10-05 11:37:53,196 [INFO] 
───────────────────────────────────────────────────────
  FUNZIONE    : AIR_Provision_for_Tilt_system — 
  DOCUMENTO   : FRS_Air Supply
  DOC CARTELLA: CONFIG
  RIGA Doc    : 193 | RIGA AI: 195
───────────────────────────────────────────────────────
2026-10-05 11:37:53,197 [INFO]   [VZI_Base]
    URL    : https://gruppofsitaliane.sharepoint.com/:f:/r/sites/IngegneriaETReMezziLeggeri-Trenitalia/Shared%20Documents/DB_ETR1000/DOC_FLOTTE/VZI_Base/CONFIG/FRS/3EST000225-7915.pdf#page=28
    Pagina : '28' → 28
2026-10-05 11:37:53,198 [INFO]   [VZI_New14]
    URL    : https://gruppofsitaliane.sharepoint.com/:f:/r/sites/IngegneriaETReMezziLeggeri-Trenitalia/Shared%20Documents/DB_ETR1000/DOC_FLOTTE/VZI_New14/CONFIG/FRS/3ECP413719-0603.pdf#page=23
    Pagina : '23' → 23
2026-10-05 11:37:53,198 [INFO]   [VZ_FR] nessun link — skip
2026-10-05 11:37:53,199 [INFO]   [VZ_ES] nessun link — skip
2026-10-05 11:37:53,200 [INFO]   [VZI-6_R1]
    URL    : https://gruppofsitaliane.sharepoint.com/:f:/r/sites/IngegneriaETReMezziLeggeri-Trenitalia/Shared%20Documents/DB_ETR1000/DOC_FLOTTE/VZI-6_R1/CONFIG/FRS/FA020024531.pdf#page=22
    Pagina : '22' → 22
2026-10-05 11:37:53,201 [INFO]   [VZI-4_R1] nessun link — skip
2026-10-05 11:37:53,202 [INFO]   Doc 'FRS_Brake Control' [cartella: CONFIG] (riga 197): 4/6 configurazioni con link
2026-10-05 11:37:53,203 [INFO] 
───────────────────────────────────────────────────────
  FUNZIONE    : BRK_Service_Brake_Direct_Electro-Pneumatic_Brake — 
  DOCUMENTO   : FRS_Brake Control
  DOC CARTELLA: CONFIG
  RIGA Doc    : 197 | RIGA AI: 199
───────────────────────────────────────────────────────
2026-10-05 11:37:53,204 [INFO]   [VZI_Base]
    URL    : https://gruppofsitaliane.sharepoint.com/:f:/r/sites/IngegneriaETReMezziLeggeri-Trenitalia/Shared%20Documents/DB_ETR1000/DOC_FLOTTE/VZI_Base/CONFIG/FRS/3EST000225-7910.pdf#page=14
    Pagina : '14' → 14
2026-10-05 11:37:53,204 [INFO]   [VZI_New14] nessun link — skip
2026-10-05 11:37:53,205 [INFO]   [VZ_FR]
    URL    : https://gruppofsitaliane.sharepoint.com/:f:/r/sites/IngegneriaETReMezziLeggeri-Trenitalia/Shared%20Documents/DB_ETR1000/DOC_FLOTTE/VZ_FR/CONFIG/FRS/3ECP413571-0502.pdf#page=14
    Pagina : '14' → 14
2026-10-05 11:37:53,205 [INFO]   [VZ_ES]
    URL    : https://gruppofsitaliane.sharepoint.com/:f:/r/sites/IngegneriaETReMezziLeggeri-Trenitalia/Shared%20Documents/DB_ETR1000/DOC_FLOTTE/VZ_ES/CONFIG/FRS/3ECP413922-0502.pdf#page=14
    Pagina : '14' → 14
2026-10-05 11:37:53,205 [INFO]   [VZI-6_R1]
    URL    : https://gruppofsitaliane.sharepoint.com/:f:/r/sites/IngegneriaETReMezziLeggeri-Trenitalia/Shared%20Documents/DB_ETR1000/DOC_FLOTTE/VZI-6_R1/CONFIG/FRS/FA020023100.pdf#page=19
    Pagina : '19' → 19
2026-10-05 11:37:53,206 [INFO]   [VZI-4_R1] nessun link — skip
2026-10-05 11:37:53,206 [INFO]   Doc 'FRS_Brake Control' [cartella: CONFIG] (riga 201): 4/6 configurazioni con link
2026-10-05 11:37:53,207 [INFO] 
───────────────────────────────────────────────────────
  FUNZIONE    : BRK_Service_Brake_Indirect_Brake — 
  DOCUMENTO   : FRS_Brake Control
  DOC CARTELLA: CONFIG
  RIGA Doc    : 201 | RIGA AI: 203
───────────────────────────────────────────────────────
2026-10-05 11:37:53,208 [INFO]   [VZI_Base]
    URL    : https://gruppofsitaliane.sharepoint.com/:f:/r/sites/IngegneriaETReMezziLeggeri-Trenitalia/Shared%20Documents/DB_ETR1000/DOC_FLOTTE/VZI_Base/CONFIG/FRS/3EST000225-7910.pdf#page=50
    Pagina : '50' → 50
2026-10-05 11:37:53,208 [INFO]   [VZI_New14] nessun link — skip
2026-10-05 11:37:53,209 [INFO]   [VZ_FR]
    URL    : https://gruppofsitaliane.sharepoint.com/:f:/r/sites/IngegneriaETReMezziLeggeri-Trenitalia/Shared%20Documents/DB_ETR1000/DOC_FLOTTE/VZ_FR/CONFIG/FRS/3ECP413571-0502.pdf#page=54
    Pagina : '54' → 54
2026-10-05 11:37:53,210 [INFO]   [VZ_ES]
    URL    : https://gruppofsitaliane.sharepoint.com/:f:/r/sites/IngegneriaETReMezziLeggeri-Trenitalia/Shared%20Documents/DB_ETR1000/DOC_FLOTTE/VZ_ES/CONFIG/FRS/3ECP413922-0502.pdf#page=50
    Pagina : '50' → 50
2026-10-05 11:37:53,212 [INFO]   [VZI-6_R1]
    URL    : https://gruppofsitaliane.sharepoint.com/:f:/r/sites/IngegneriaETReMezziLeggeri-Trenitalia/Shared%20Documents/DB_ETR1000/DOC_FLOTTE/VZI-6_R1/CONFIG/FRS/FA020023100.pdf#page=95
    Pagina : '95' → 95
2026-10-05 11:37:53,214 [INFO]   [VZI-4_R1] nessun link — skip
2026-10-05 11:37:53,215 [INFO]   Doc 'FRS_Brake Control' [cartella: CONFIG] (riga 205): 4/6 configurazioni con link
2026-10-05 11:37:53,217 [INFO] 
───────────────────────────────────────────────────────
  FUNZIONE    : BRK_Holding_Brake — 
  DOCUMENTO   : FRS_Brake Control
  DOC CARTELLA: CONFIG
  RIGA Doc    : 205 | RIGA AI: 207
───────────────────────────────────────────────────────
2026-10-05 11:37:53,219 [INFO]   [VZI_Base]
    URL    : https://gruppofsitaliane.sharepoint.com/:f:/r/sites/IngegneriaETReMezziLeggeri-Trenitalia/Shared%20Documents/DB_ETR1000/DOC_FLOTTE/VZI_Base/CONFIG/FRS/3EST000225-7910.pdf#page=87
    Pagina : '87' → 87
2026-10-05 11:37:53,220 [INFO]   [VZI_New14] nessun link — skip
2026-10-05 11:37:53,220 [INFO]   [VZ_FR]
    URL    : https://gruppofsitaliane.sharepoint.com/:f:/r/sites/IngegneriaETReMezziLeggeri-Trenitalia/Shared%20Documents/DB_ETR1000/DOC_FLOTTE/VZ_FR/CONFIG/FRS/3ECP413571-0502.pdf#page=94
    Pagina : '94' → 94
2026-10-05 11:37:53,222 [INFO]   [VZ_ES]
    URL    : https://gruppofsitaliane.sharepoint.com/:f:/r/sites/IngegneriaETReMezziLeggeri-Trenitalia/Shared%20Documents/DB_ETR1000/DOC_FLOTTE/VZ_ES/CONFIG/FRS/3ECP413922-0502.pdf#page=86
    Pagina : '86' → 86
2026-10-05 11:37:53,223 [INFO]   [VZI-6_R1]
    URL    : https://gruppofsitaliane.sharepoint.com/:f:/r/sites/IngegneriaETReMezziLeggeri-Trenitalia/Shared%20Documents/DB_ETR1000/DOC_FLOTTE/VZI-6_R1/CONFIG/FRS/FA020023100.pdf#page=129
    Pagina : '129' → 129
2026-10-05 11:37:53,223 [INFO]   [VZI-4_R1] nessun link — skip
2026-10-05 11:37:53,225 [INFO]   Doc 'FRS_Brake Control' [cartella: CONFIG] (riga 209): 4/6 configurazioni con link
2026-10-05 11:37:53,226 [INFO] 
───────────────────────────────────────────────────────
  FUNZIONE    : BRK_Urgency_Brake_(Optional) — 
  DOCUMENTO   : FRS_Brake Control
  DOC CARTELLA: CONFIG
  RIGA Doc    : 209 | RIGA AI: 211
───────────────────────────────────────────────────────
2026-10-05 11:37:53,227 [INFO]   [VZI_Base]
    URL    : https://gruppofsitaliane.sharepoint.com/:f:/r/sites/IngegneriaETReMezziLeggeri-Trenitalia/Shared%20Documents/DB_ETR1000/DOC_FLOTTE/VZI_Base/CONFIG/FRS/3EST000225-7910.pdf#page=91
    Pagina : '91' → 91
2026-10-05 11:37:53,228 [INFO]   [VZI_New14] nessun link — skip
2026-10-05 11:37:53,229 [INFO]   [VZ_FR]
    URL    : https://gruppofsitaliane.sharepoint.com/:f:/r/sites/IngegneriaETReMezziLeggeri-Trenitalia/Shared%20Documents/DB_ETR1000/DOC_FLOTTE/VZ_FR/CONFIG/FRS/3ECP413571-0502.pdf#page=99
    Pagina : '99' → 99
2026-10-05 11:37:53,230 [INFO]   [VZ_ES]
    URL    : https://gruppofsitaliane.sharepoint.com/:f:/r/sites/IngegneriaETReMezziLeggeri-Trenitalia/Shared%20Documents/DB_ETR1000/DOC_FLOTTE/VZ_ES/CONFIG/FRS/3ECP413922-0502.pdf#page=90
    Pagina : '90' → 90
2026-10-05 11:37:53,231 [INFO]   [VZI-6_R1]
    URL    : https://gruppofsitaliane.sharepoint.com/:f:/r/sites/IngegneriaETReMezziLeggeri-Trenitalia/Shared%20Documents/DB_ETR1000/DOC_FLOTTE/VZI-6_R1/CONFIG/FRS/FA020023100.pdf#page=133
    Pagina : '133' → 133
2026-10-05 11:37:53,231 [INFO]   [VZI-4_R1] nessun link — skip
2026-10-05 11:37:53,232 [INFO]   Doc 'FRS_Brake Control' [cartella: CONFIG] (riga 213): 4/6 configurazioni con link
2026-10-05 11:37:53,233 [INFO] 
───────────────────────────────────────────────────────
  FUNZIONE    : BRK_Emergency_Brake — 
  DOCUMENTO   : FRS_Brake Control
  DOC CARTELLA: CONFIG
  RIGA Doc    : 213 | RIGA AI: 215
───────────────────────────────────────────────────────
2026-10-05 11:37:53,233 [INFO]   [VZI_Base]
    URL    : https://gruppofsitaliane.sharepoint.com/:f:/r/sites/IngegneriaETReMezziLeggeri-Trenitalia/Shared%20Documents/DB_ETR1000/DOC_FLOTTE/VZI_Base/CONFIG/FRS/3EST000225-7910.pdf#page=97
    Pagina : '97' → 97
2026-10-05 11:37:53,234 [INFO]   [VZI_New14] nessun link — skip
2026-10-05 11:37:53,235 [INFO]   [VZ_FR]
    URL    : https://gruppofsitaliane.sharepoint.com/:f:/r/sites/IngegneriaETReMezziLeggeri-Trenitalia/Shared%20Documents/DB_ETR1000/DOC_FLOTTE/VZ_FR/CONFIG/FRS/3ECP413571-0502.pdf#page=102
    Pagina : '102' → 102
2026-10-05 11:37:53,235 [INFO]   [VZ_ES]
    URL    : https://gruppofsitaliane.sharepoint.com/:f:/r/sites/IngegneriaETReMezziLeggeri-Trenitalia/Shared%20Documents/DB_ETR1000/DOC_FLOTTE/VZ_ES/CONFIG/FRS/3ECP413922-0502.pdf#page=93
    Pagina : '93' → 93
2026-10-05 11:37:53,236 [INFO]   [VZI-6_R1]
    URL    : https://gruppofsitaliane.sharepoint.com/:f:/r/sites/IngegneriaETReMezziLeggeri-Trenitalia/Shared%20Documents/DB_ETR1000/DOC_FLOTTE/VZI-6_R1/CONFIG/FRS/FA020023100.pdf#page=136
    Pagina : '136' → 136
2026-10-05 11:37:53,236 [INFO]   [VZI-4_R1] nessun link — skip
2026-10-05 11:37:53,237 [INFO]   Doc 'FRS_Brake Control' [cartella: CONFIG] (riga 217): 4/6 configurazioni con link
2026-10-05 11:37:53,238 [INFO] 
───────────────────────────────────────────────────────
  FUNZIONE    : BRK_Parking_Brake — 
  DOCUMENTO   : FRS_Brake Control
  DOC CARTELLA: CONFIG
  RIGA Doc    : 217 | RIGA AI: 219
───────────────────────────────────────────────────────
2026-10-05 11:37:53,238 [INFO]   [VZI_Base]
    URL    : https://gruppofsitaliane.sharepoint.com/:f:/r/sites/IngegneriaETReMezziLeggeri-Trenitalia/Shared%20Documents/DB_ETR1000/DOC_FLOTTE/VZI_Base/CONFIG/FRS/3EST000225-7910.pdf#page=117
    Pagina : '117' → 117
2026-10-05 11:37:53,239 [INFO]   [VZI_New14] nessun link — skip
2026-10-05 11:37:53,239 [INFO]   [VZ_FR]
    URL    : https://gruppofsitaliane.sharepoint.com/:f:/r/sites/IngegneriaETReMezziLeggeri-Trenitalia/Shared%20Documents/DB_ETR1000/DOC_FLOTTE/VZ_FR/CONFIG/FRS/3ECP413571-0502.pdf#page=127
    Pagina : '127' → 127
2026-10-05 11:37:53,240 [INFO]   [VZ_ES]
    URL    : https://gruppofsitaliane.sharepoint.com/:f:/r/sites/IngegneriaETReMezziLeggeri-Trenitalia/Shared%20Documents/DB_ETR1000/DOC_FLOTTE/VZ_ES/CONFIG/FRS/3ECP413922-0502.pdf#page=113
    Pagina : '113' → 113
2026-10-05 11:37:53,241 [INFO]   [VZI-6_R1]
    URL    : https://gruppofsitaliane.sharepoint.com/:f:/r/sites/IngegneriaETReMezziLeggeri-Trenitalia/Shared%20Documents/DB_ETR1000/DOC_FLOTTE/VZI-6_R1/CONFIG/FRS/FA020023100.pdf#page=154
    Pagina : '154' → 154
2026-10-05 11:37:53,242 [INFO]   [VZI-4_R1] nessun link — skip
2026-10-05 11:37:53,243 [INFO]   Doc 'FS_DM1' [cartella: CONFIG] (riga 221): 2/6 configurazioni con link
2026-10-05 11:37:53,245 [INFO]   Doc 'FS_TT2' [cartella: CONFIG] (riga 225): 2/6 configurazioni con link
2026-10-05 11:37:53,246 [INFO]   Doc 'FRS_Brake Control' [cartella: CONFIG] (riga 230): 4/6 configurazioni con link
2026-10-05 11:37:53,248 [INFO] 
───────────────────────────────────────────────────────
  FUNZIONE    : BRK_Wheel_Slide_Protection — 
  DOCUMENTO   : FRS_Brake Control
  DOC CARTELLA: CONFIG
  RIGA Doc    : 230 | RIGA AI: 232
───────────────────────────────────────────────────────
2026-10-05 11:37:53,250 [INFO]   [VZI_Base]
    URL    : https://gruppofsitaliane.sharepoint.com/:f:/r/sites/IngegneriaETReMezziLeggeri-Trenitalia/Shared%20Documents/DB_ETR1000/DOC_FLOTTE/VZI_Base/CONFIG/FRS/3EST000225-7910.pdf#page=131
    Pagina : '131' → 131
2026-10-05 11:37:53,250 [INFO]   [VZI_New14] nessun link — skip
2026-10-05 11:37:53,251 [INFO]   [VZ_FR]
    URL    : https://gruppofsitaliane.sharepoint.com/:f:/r/sites/IngegneriaETReMezziLeggeri-Trenitalia/Shared%20Documents/DB_ETR1000/DOC_FLOTTE/VZ_FR/CONFIG/FRS/3ECP413571-0502.pdf#page=142
    Pagina : '142' → 142
2026-10-05 11:37:53,252 [INFO]   [VZ_ES]
    URL    : https://gruppofsitaliane.sharepoint.com/:f:/r/sites/IngegneriaETReMezziLeggeri-Trenitalia/Shared%20Documents/DB_ETR1000/DOC_FLOTTE/VZ_ES/CONFIG/FRS/3ECP413922-0502.pdf#page=131
    Pagina : '131' → 131
2026-10-05 11:37:53,253 [INFO]   [VZI-6_R1]
    URL    : https://gruppofsitaliane.sharepoint.com/:f:/r/sites/IngegneriaETReMezziLeggeri-Trenitalia/Shared%20Documents/DB_ETR1000/DOC_FLOTTE/VZI-6_R1/CONFIG/FRS/FA020023100.pdf#page=171
    Pagina : '171' → 171
2026-10-05 11:37:53,257 [INFO]   [VZI-4_R1] nessun link — skip
2026-10-05 11:37:53,258 [INFO]   Doc 'FRS_Brake Control' [cartella: CONFIG] (riga 234): 4/6 configurazioni con link
2026-10-05 11:37:53,261 [INFO] 
───────────────────────────────────────────────────────
  FUNZIONE    : BRK_Detection_of_Non-Rotating_Axle_(DNRA) — 
  DOCUMENTO   : FRS_Brake Control
  DOC CARTELLA: CONFIG
  RIGA Doc    : 234 | RIGA AI: 236
───────────────────────────────────────────────────────
2026-10-05 11:37:53,263 [INFO]   [VZI_Base]
    URL    : https://gruppofsitaliane.sharepoint.com/:f:/r/sites/IngegneriaETReMezziLeggeri-Trenitalia/Shared%20Documents/DB_ETR1000/DOC_FLOTTE/VZI_Base/CONFIG/FRS/3EST000225-7910.pdf#page=145
    Pagina : '145' → 145
2026-10-05 11:37:53,263 [INFO]   [VZI_New14] nessun link — skip
2026-10-05 11:37:53,264 [INFO]   [VZ_FR]
    URL    : https://gruppofsitaliane.sharepoint.com/:f:/r/sites/IngegneriaETReMezziLeggeri-Trenitalia/Shared%20Documents/DB_ETR1000/DOC_FLOTTE/VZ_FR/CONFIG/FRS/3ECP413571-0502.pdf#page=157
    Pagina : '157' → 157
2026-10-05 11:37:53,264 [INFO]   [VZ_ES]
    URL    : https://gruppofsitaliane.sharepoint.com/:f:/r/sites/IngegneriaETReMezziLeggeri-Trenitalia/Shared%20Documents/DB_ETR1000/DOC_FLOTTE/VZ_ES/CONFIG/FRS/3ECP413922-0502.pdf#page=144
    Pagina : '144' → 144
2026-10-05 11:37:53,266 [INFO]   [VZI-6_R1]
    URL    : https://gruppofsitaliane.sharepoint.com/:f:/r/sites/IngegneriaETReMezziLeggeri-Trenitalia/Shared%20Documents/DB_ETR1000/DOC_FLOTTE/VZI-6_R1/CONFIG/FRS/FA020023100.pdf#page=189
    Pagina : '189' → 189
2026-10-05 11:37:53,266 [INFO]   [VZI-4_R1] nessun link — skip
2026-10-05 11:37:53,267 [INFO]   Doc 'FRS_Brake Control' [cartella: CONFIG] (riga 238): 4/6 configurazioni con link
2026-10-05 11:37:53,267 [INFO] 
───────────────────────────────────────────────────────
  FUNZIONE    : BRK_Passenger_Emergency_Brake — 
  DOCUMENTO   : FRS_Brake Control
  DOC CARTELLA: CONFIG
  RIGA Doc    : 238 | RIGA AI: 240
───────────────────────────────────────────────────────
2026-10-05 11:37:53,268 [INFO]   [VZI_Base]
    URL    : https://gruppofsitaliane.sharepoint.com/:f:/r/sites/IngegneriaETReMezziLeggeri-Trenitalia/Shared%20Documents/DB_ETR1000/DOC_FLOTTE/VZI_Base/CONFIG/FRS/3EST000225-7910.pdf#page=153
    Pagina : '153' → 153
2026-10-05 11:37:53,269 [INFO]   [VZI_New14] nessun link — skip
2026-10-05 11:37:53,271 [INFO]   [VZ_FR]
    URL    : https://gruppofsitaliane.sharepoint.com/:f:/r/sites/IngegneriaETReMezziLeggeri-Trenitalia/Shared%20Documents/DB_ETR1000/DOC_FLOTTE/VZ_FR/CONFIG/FRS/3ECP413571-0502.pdf#page=165
    Pagina : '165' → 165
2026-10-05 11:37:53,271 [INFO]   [VZ_ES]
    URL    : https://gruppofsitaliane.sharepoint.com/:f:/r/sites/IngegneriaETReMezziLeggeri-Trenitalia/Shared%20Documents/DB_ETR1000/DOC_FLOTTE/VZ_ES/CONFIG/FRS/3ECP413922-0502.pdf#page=166
    Pagina : '166' → 166
2026-10-05 11:37:53,272 [INFO]   [VZI-6_R1]
    URL    : https://gruppofsitaliane.sharepoint.com/:f:/r/sites/IngegneriaETReMezziLeggeri-Trenitalia/Shared%20Documents/DB_ETR1000/DOC_FLOTTE/VZI-6_R1/CONFIG/FRS/FA020023100.pdf#page=192
    Pagina : '192' → 192
2026-10-05 11:37:53,272 [INFO]   [VZI-4_R1] nessun link — skip
2026-10-05 11:37:53,273 [INFO]   Doc 'FRS_Brake Control' [cartella: CONFIG] (riga 242): 4/6 configurazioni con link
2026-10-05 11:37:53,274 [INFO] 
───────────────────────────────────────────────────────
  FUNZIONE    : BRK_Sanding — 
  DOCUMENTO   : FRS_Brake Control
  DOC CARTELLA: CONFIG
  RIGA Doc    : 242 | RIGA AI: 244
───────────────────────────────────────────────────────
2026-10-05 11:37:53,274 [INFO]   [VZI_Base]
    URL    : https://gruppofsitaliane.sharepoint.com/:f:/r/sites/IngegneriaETReMezziLeggeri-Trenitalia/Shared%20Documents/DB_ETR1000/DOC_FLOTTE/VZI_Base/CONFIG/FRS/3EST000225-7910.pdf#page=163
    Pagina : '163' → 163
2026-10-05 11:37:53,275 [INFO]   [VZI_New14] nessun link — skip
2026-10-05 11:37:53,276 [INFO]   [VZ_FR]
    URL    : https://gruppofsitaliane.sharepoint.com/:f:/r/sites/IngegneriaETReMezziLeggeri-Trenitalia/Shared%20Documents/DB_ETR1000/DOC_FLOTTE/VZ_FR/CONFIG/FRS/3ECP413571-0502.pdf#page=173
    Pagina : '173' → 173
2026-10-05 11:37:53,277 [INFO]   [VZ_ES]
    URL    : https://gruppofsitaliane.sharepoint.com/:f:/r/sites/IngegneriaETReMezziLeggeri-Trenitalia/Shared%20Documents/DB_ETR1000/DOC_FLOTTE/VZ_ES/CONFIG/FRS/3ECP413922-0502.pdf#page=177
    Pagina : '177' → 177
2026-10-05 11:37:53,279 [INFO]   [VZI-6_R1]
    URL    : https://gruppofsitaliane.sharepoint.com/:f:/r/sites/IngegneriaETReMezziLeggeri-Trenitalia/Shared%20Documents/DB_ETR1000/DOC_FLOTTE/VZI-6_R1/CONFIG/FRS/FA020023100.pdf#page=204
    Pagina : '204' → 204
2026-10-05 11:37:53,280 [INFO]   [VZI-4_R1] nessun link — skip
2026-10-05 11:37:53,281 [INFO]   Doc 'FRS_Brake Control' [cartella: CONFIG] (riga 246): 4/6 configurazioni con link
2026-10-05 11:37:53,282 [INFO] 
───────────────────────────────────────────────────────
  FUNZIONE    : BRK_Brake_Test — 
  DOCUMENTO   : FRS_Brake Control
  DOC CARTELLA: CONFIG
  RIGA Doc    : 246 | RIGA AI: 248
───────────────────────────────────────────────────────
2026-10-05 11:37:53,283 [INFO]   [VZI_Base]
    URL    : https://gruppofsitaliane.sharepoint.com/:f:/r/sites/IngegneriaETReMezziLeggeri-Trenitalia/Shared%20Documents/DB_ETR1000/DOC_FLOTTE/VZI_Base/CONFIG/FRS/3EST000225-7910.pdf#page=172
    Pagina : '172' → 172
2026-10-05 11:37:53,283 [INFO]   [VZI_New14] nessun link — skip
2026-10-05 11:37:53,285 [INFO]   [VZ_FR]
    URL    : https://gruppofsitaliane.sharepoint.com/:f:/r/sites/IngegneriaETReMezziLeggeri-Trenitalia/Shared%20Documents/DB_ETR1000/DOC_FLOTTE/VZ_FR/CONFIG/FRS/3ECP413571-0502.pdf#page=184
    Pagina : '184' → 184
2026-10-05 11:37:53,286 [INFO]   [VZ_ES]
    URL    : https://gruppofsitaliane.sharepoint.com/:f:/r/sites/IngegneriaETReMezziLeggeri-Trenitalia/Shared%20Documents/DB_ETR1000/DOC_FLOTTE/VZ_ES/CONFIG/FRS/3ECP413922-0502.pdf#page=186
    Pagina : '186' → 186
2026-10-05 11:37:53,288 [INFO]   [VZI-6_R1]
    URL    : https://gruppofsitaliane.sharepoint.com/:f:/r/sites/IngegneriaETReMezziLeggeri-Trenitalia/Shared%20Documents/DB_ETR1000/DOC_FLOTTE/VZI-6_R1/CONFIG/FRS/FA020023100.pdf#page=213
    Pagina : '213' → 213
2026-10-05 11:37:53,288 [INFO]   [VZI-4_R1] nessun link — skip
2026-10-05 11:37:53,289 [INFO]   Doc 'FRS_Brake Control' [cartella: CONFIG] (riga 250): 4/6 configurazioni con link
2026-10-05 11:37:53,290 [INFO] 
───────────────────────────────────────────────────────
  FUNZIONE    : BRK_Towing — 
  DOCUMENTO   : FRS_Brake Control
  DOC CARTELLA: CONFIG
  RIGA Doc    : 250 | RIGA AI: 252
───────────────────────────────────────────────────────
2026-10-05 11:37:53,291 [INFO]   [VZI_Base]
    URL    : https://gruppofsitaliane.sharepoint.com/:f:/r/sites/IngegneriaETReMezziLeggeri-Trenitalia/Shared%20Documents/DB_ETR1000/DOC_FLOTTE/VZI_Base/CONFIG/FRS/3EST000225-7910.pdf#page=224
    Pagina : '224' → 224
2026-10-05 11:37:53,292 [INFO]   [VZI_New14] nessun link — skip
2026-10-05 11:37:53,295 [INFO]   [VZ_FR]
    URL    : https://gruppofsitaliane.sharepoint.com/:f:/r/sites/IngegneriaETReMezziLeggeri-Trenitalia/Shared%20Documents/DB_ETR1000/DOC_FLOTTE/VZ_FR/CONFIG/FRS/3ECP413571-0502.pdf#page=238
    Pagina : '238' → 238
2026-10-05 11:37:53,296 [INFO]   [VZ_ES]
    URL    : https://gruppofsitaliane.sharepoint.com/:f:/r/sites/IngegneriaETReMezziLeggeri-Trenitalia/Shared%20Documents/DB_ETR1000/DOC_FLOTTE/VZ_ES/CONFIG/FRS/3ECP413922-0502.pdf#page=234
    Pagina : '234' → 234
2026-10-05 11:37:53,297 [INFO]   [VZI-6_R1]
    URL    : https://gruppofsitaliane.sharepoint.com/:f:/r/sites/IngegneriaETReMezziLeggeri-Trenitalia/Shared%20Documents/DB_ETR1000/DOC_FLOTTE/VZI-6_R1/CONFIG/FRS/FA020023100.pdf#page=262
    Pagina : '262' → 262
2026-10-05 11:37:53,298 [INFO]   [VZI-4_R1] nessun link — skip
2026-10-05 11:37:53,299 [INFO]   Doc 'FRS_Brake Control' [cartella: CONFIG] (riga 254): 4/6 configurazioni con link
2026-10-05 11:37:53,300 [INFO] 
───────────────────────────────────────────────────────
  FUNZIONE    : BRK_Fire_Safety_&_Running_Capability — 
  DOCUMENTO   : FRS_Brake Control
  DOC CARTELLA: CONFIG
  RIGA Doc    : 254 | RIGA AI: 256
───────────────────────────────────────────────────────
2026-10-05 11:37:53,301 [INFO]   [VZI_Base]
    URL    : https://gruppofsitaliane.sharepoint.com/:f:/r/sites/IngegneriaETReMezziLeggeri-Trenitalia/Shared%20Documents/DB_ETR1000/DOC_FLOTTE/VZI_Base/CONFIG/FRS/3EST000225-7910.pdf#page=233
    Pagina : '233' → 233
2026-10-05 11:37:53,301 [INFO]   [VZI_New14] nessun link — skip
2026-10-05 11:37:53,302 [INFO]   [VZ_FR]
    URL    : https://gruppofsitaliane.sharepoint.com/:f:/r/sites/IngegneriaETReMezziLeggeri-Trenitalia/Shared%20Documents/DB_ETR1000/DOC_FLOTTE/VZ_FR/CONFIG/FRS/3ECP413571-0502.pdf#page=246
    Pagina : '246' → 246
2026-10-05 11:37:53,303 [INFO]   [VZ_ES]
    URL    : https://gruppofsitaliane.sharepoint.com/:f:/r/sites/IngegneriaETReMezziLeggeri-Trenitalia/Shared%20Documents/DB_ETR1000/DOC_FLOTTE/VZ_ES/CONFIG/FRS/3ECP413922-0502.pdf#page=242
    Pagina : '242' → 242
2026-10-05 11:37:53,303 [INFO]   [VZI-6_R1]
    URL    : https://gruppofsitaliane.sharepoint.com/:f:/r/sites/IngegneriaETReMezziLeggeri-Trenitalia/Shared%20Documents/DB_ETR1000/DOC_FLOTTE/VZI-6_R1/CONFIG/FRS/FA020023100.pdf#page=270
    Pagina : '270' → 270
2026-10-05 11:37:53,304 [INFO]   [VZI-4_R1] nessun link — skip
2026-10-05 11:37:53,306 [INFO]   Doc 'FRS_Brake Control' [cartella: CONFIG] (riga 258): 4/6 configurazioni con link
2026-10-05 11:37:53,306 [INFO] 
───────────────────────────────────────────────────────
  FUNZIONE    : BRK_Magnetic_Track_Brake_Optional — 
  DOCUMENTO   : FRS_Brake Control
  DOC CARTELLA: CONFIG
  RIGA Doc    : 258 | RIGA AI: 260
───────────────────────────────────────────────────────
2026-10-05 11:37:53,306 [INFO]   [VZI_Base]
    URL    : https://gruppofsitaliane.sharepoint.com/:f:/r/sites/IngegneriaETReMezziLeggeri-Trenitalia/Shared%20Documents/DB_ETR1000/DOC_FLOTTE/VZI_Base/CONFIG/FRS/3EST000225-7910.pdf#page=234
    Pagina : '234' → 234
2026-10-05 11:37:53,308 [INFO]   [VZI_New14] nessun link — skip
2026-10-05 11:37:53,309 [INFO]   [VZ_FR]
    URL    : https://gruppofsitaliane.sharepoint.com/:f:/r/sites/IngegneriaETReMezziLeggeri-Trenitalia/Shared%20Documents/DB_ETR1000/DOC_FLOTTE/VZ_FR/CONFIG/FRS/3ECP413571-0502.pdf#page=247
    Pagina : '247' → 247
2026-10-05 11:37:53,310 [INFO]   [VZ_ES]
    URL    : https://gruppofsitaliane.sharepoint.com/:f:/r/sites/IngegneriaETReMezziLeggeri-Trenitalia/Shared%20Documents/DB_ETR1000/DOC_FLOTTE/VZ_ES/CONFIG/FRS/3ECP413922-0502.pdf
    Pagina : '' → 0
2026-10-05 11:37:53,311 [INFO]   [VZI-6_R1]
    URL    : https://gruppofsitaliane.sharepoint.com/:f:/r/sites/IngegneriaETReMezziLeggeri-Trenitalia/Shared%20Documents/DB_ETR1000/DOC_FLOTTE/VZI-6_R1/CONFIG/FRS/FA020023100.pdf
    Pagina : '' → 0
2026-10-05 11:37:53,312 [INFO]   [VZI-4_R1] nessun link — skip
2026-10-05 11:37:53,313 [INFO]   Doc 'FRS_Bogies' [cartella: CONFIG] (riga 262): 3/6 configurazioni con link
2026-10-05 11:37:53,314 [INFO] 
───────────────────────────────────────────────────────
  FUNZIONE    : BOG_Flange_Lubrication — 
  DOCUMENTO   : FRS_Bogies
  DOC CARTELLA: CONFIG
  RIGA Doc    : 262 | RIGA AI: 264
───────────────────────────────────────────────────────
2026-10-05 11:37:53,314 [INFO]   [VZI_Base]
    URL    : https://gruppofsitaliane.sharepoint.com/:f:/r/sites/IngegneriaETReMezziLeggeri-Trenitalia/Shared%20Documents/DB_ETR1000/DOC_FLOTTE/VZI_Base/CONFIG/FRS/3EST000225-7906.pdf#page=11
    Pagina : '11' → 11
2026-10-05 11:37:53,315 [INFO]   [VZI_New14]
    URL    : https://gruppofsitaliane.sharepoint.com/:f:/r/sites/IngegneriaETReMezziLeggeri-Trenitalia/Shared%20Documents/DB_ETR1000/DOC_FLOTTE/VZI_New14/CONFIG/FRS/3ECP413719-0300.pdf#page=10
    Pagina : '10' → 10
2026-10-05 11:37:53,316 [INFO]   [VZ_FR] nessun link — skip
2026-10-05 11:37:53,316 [INFO]   [VZ_ES] nessun link — skip
2026-10-05 11:37:53,317 [INFO]   [VZI-6_R1]
    URL    : https://gruppofsitaliane.sharepoint.com/:f:/r/sites/IngegneriaETReMezziLeggeri-Trenitalia/Shared%20Documents/DB_ETR1000/DOC_FLOTTE/VZI-6_R1/CONFIG/FRS/FA020030729.pdf#page=11
    Pagina : '11' → 11
2026-10-05 11:37:53,317 [INFO]   [VZI-4_R1] nessun link — skip
2026-10-05 11:37:53,318 [INFO]   Doc 'FRS_Bogies' [cartella: CONFIG] (riga 266): 3/6 configurazioni con link
2026-10-05 11:37:53,319 [INFO] 
───────────────────────────────────────────────────────
  FUNZIONE    : BOG_Hotbox_Detection — 
  DOCUMENTO   : FRS_Bogies
  DOC CARTELLA: CONFIG
  RIGA Doc    : 266 | RIGA AI: 268
───────────────────────────────────────────────────────
2026-10-05 11:37:53,320 [INFO]   [VZI_Base]
    URL    : https://gruppofsitaliane.sharepoint.com/:f:/r/sites/IngegneriaETReMezziLeggeri-Trenitalia/Shared%20Documents/DB_ETR1000/DOC_FLOTTE/VZI_Base/CONFIG/FRS/3EST000225-7906.pdf#page=14
    Pagina : '14' → 14
2026-10-05 11:37:53,320 [INFO]   [VZI_New14]
    URL    : https://gruppofsitaliane.sharepoint.com/:f:/r/sites/IngegneriaETReMezziLeggeri-Trenitalia/Shared%20Documents/DB_ETR1000/DOC_FLOTTE/VZI_New14/CONFIG/FRS/3ECP413719-0300.pdf#page=12
    Pagina : '12' → 12
2026-10-05 11:37:53,321 [INFO]   [VZ_FR] nessun link — skip
2026-10-05 11:37:53,321 [INFO]   [VZ_ES] nessun link — skip
2026-10-05 11:37:53,323 [INFO]   [VZI-6_R1]
    URL    : https://gruppofsitaliane.sharepoint.com/:f:/r/sites/IngegneriaETReMezziLeggeri-Trenitalia/Shared%20Documents/DB_ETR1000/DOC_FLOTTE/VZI-6_R1/CONFIG/FRS/FA020030729.pdf#page=14
    Pagina : '14' → 14
2026-10-05 11:37:53,323 [INFO]   [VZI-4_R1] nessun link — skip
2026-10-05 11:37:53,325 [INFO]   Doc 'FS_DM1' [cartella: CONFIG] (riga 270): 2/6 configurazioni con link
2026-10-05 11:37:53,326 [INFO]   Doc 'FRS_Bogies' [cartella: CONFIG] (riga 275): 3/6 configurazioni con link
2026-10-05 11:37:53,330 [INFO] 
───────────────────────────────────────────────────────
  FUNZIONE    : BOG_Instability_Monitoring — 
  DOCUMENTO   : FRS_Bogies
  DOC CARTELLA: CONFIG
  RIGA Doc    : 275 | RIGA AI: 277
───────────────────────────────────────────────────────
2026-10-05 11:37:53,331 [INFO]   [VZI_Base]
    URL    : https://gruppofsitaliane.sharepoint.com/:f:/r/sites/IngegneriaETReMezziLeggeri-Trenitalia/Shared%20Documents/DB_ETR1000/DOC_FLOTTE/VZI_Base/CONFIG/FRS/3EST000225-7906.pdf#page=20
    Pagina : '20' → 20
2026-10-05 11:37:53,332 [INFO]   [VZI_New14]
    URL    : https://gruppofsitaliane.sharepoint.com/:f:/r/sites/IngegneriaETReMezziLeggeri-Trenitalia/Shared%20Documents/DB_ETR1000/DOC_FLOTTE/VZI_New14/CONFIG/FRS/3ECP413719-0300.pdf#page=20
    Pagina : '20' → 20
2026-10-05 11:37:53,333 [INFO]   [VZ_FR] nessun link — skip
2026-10-05 11:37:53,334 [INFO]   [VZ_ES] nessun link — skip
2026-10-05 11:37:53,334 [INFO]   [VZI-6_R1]
    URL    : https://gruppofsitaliane.sharepoint.com/:f:/r/sites/IngegneriaETReMezziLeggeri-Trenitalia/Shared%20Documents/DB_ETR1000/DOC_FLOTTE/VZI-6_R1/CONFIG/FRS/FA020030729.pdf#page=36
    Pagina : '36' → 36
2026-10-05 11:37:53,335 [INFO]   [VZI-4_R1] nessun link — skip
2026-10-05 11:37:53,336 [INFO]   Doc 'FRS_Bogies' [cartella: CONFIG] (riga 279): 3/6 configurazioni con link
2026-10-05 11:37:53,337 [INFO] 
───────────────────────────────────────────────────────
  FUNZIONE    : BOG_Active_Lateral_Suspension_(ALS) — 
  DOCUMENTO   : FRS_Bogies
  DOC CARTELLA: CONFIG
  RIGA Doc    : 279 | RIGA AI: 281
───────────────────────────────────────────────────────
2026-10-05 11:37:53,338 [INFO]   [VZI_Base]
    URL    : https://gruppofsitaliane.sharepoint.com/:f:/r/sites/IngegneriaETReMezziLeggeri-Trenitalia/Shared%20Documents/DB_ETR1000/DOC_FLOTTE/VZI_Base/CONFIG/FRS/3EST000225-7906.pdf#page=29
    Pagina : '29' → 29
2026-10-05 11:37:53,338 [INFO]   [VZI_New14]
    URL    : https://gruppofsitaliane.sharepoint.com/:f:/r/sites/IngegneriaETReMezziLeggeri-Trenitalia/Shared%20Documents/DB_ETR1000/DOC_FLOTTE/VZI_New14/CONFIG/FRS/3ECP413719-0300.pdf#page=28
    Pagina : '28' → 28
2026-10-05 11:37:53,339 [INFO]   [VZ_FR] nessun link — skip
2026-10-05 11:37:53,340 [INFO]   [VZ_ES] nessun link — skip
2026-10-05 11:37:53,340 [INFO]   [VZI-6_R1]
    URL    : https://gruppofsitaliane.sharepoint.com/:f:/r/sites/IngegneriaETReMezziLeggeri-Trenitalia/Shared%20Documents/DB_ETR1000/DOC_FLOTTE/VZI-6_R1/CONFIG/FRS/FA020030729.pdf#page=43
    Pagina : '43' → 43
2026-10-05 11:37:53,341 [INFO]   [VZI-4_R1] nessun link — skip
2026-10-05 11:37:53,342 [INFO]   Doc 'FRS_Bogies' [cartella: CONFIG] (riga 283): 3/6 configurazioni con link
2026-10-05 11:37:53,343 [INFO] 
───────────────────────────────────────────────────────
  FUNZIONE    : BOG_Diagnostics_&_CBM — 
  DOCUMENTO   : FRS_Bogies
  DOC CARTELLA: CONFIG
  RIGA Doc    : 283 | RIGA AI: 285
───────────────────────────────────────────────────────
2026-10-05 11:37:53,344 [INFO]   [VZI_Base]
    URL    : https://gruppofsitaliane.sharepoint.com/:f:/r/sites/IngegneriaETReMezziLeggeri-Trenitalia/Shared%20Documents/DB_ETR1000/DOC_FLOTTE/VZI_Base/CONFIG/FRS/3EST000225-7906.pdf#page=31
    Pagina : '31' → 31
2026-10-05 11:37:53,346 [INFO]   [VZI_New14]
    URL    : https://gruppofsitaliane.sharepoint.com/:f:/r/sites/IngegneriaETReMezziLeggeri-Trenitalia/Shared%20Documents/DB_ETR1000/DOC_FLOTTE/VZI_New14/CONFIG/FRS/3ECP413719-0300.pdf#page=29
    Pagina : '29' → 29
2026-10-05 11:37:53,346 [INFO]   [VZ_FR] nessun link — skip
2026-10-05 11:37:53,346 [INFO]   [VZ_ES] nessun link — skip
2026-10-05 11:37:53,348 [INFO]   [VZI-6_R1]
    URL    : https://gruppofsitaliane.sharepoint.com/:f:/r/sites/IngegneriaETReMezziLeggeri-Trenitalia/Shared%20Documents/DB_ETR1000/DOC_FLOTTE/VZI-6_R1/CONFIG/FRS/FA020030729.pdf#page=44
    Pagina : '44' → 44
2026-10-05 11:37:53,349 [INFO]   [VZI-4_R1] nessun link — skip
2026-10-05 11:37:53,351 [INFO] 
FillTarget: 224 celle in 64 gruppi
2026-10-05 11:37:53,355 [INFO]   [Requisiti] Colonne: {'func_id': 1, 'requisito': 3, 'appartenenza': 4} | config: ['VZI_Base', 'VZI_New14', 'VZ_FR', 'VZ_ES', 'VZI-6_R1', 'VZI-4_R1'] | righe esistenti: 0
2026-10-05 11:37:53,356 [INFO] 
═══════════════════════════════════════════════════════
  LV_Country_code_selection / FRS_Line Voltage (4 config)
═══════════════════════════════════════════════════════
2026-10-05 11:37:53,363 [INFO]   [VZI_Base] Estrazione pag.7...
2026-10-05 11:37:53,365 [INFO]   🔍 Ricerca locale per: https://gruppofsitaliane.sharepoint.com/:f:/r/sites/IngegneriaETReMezziLeggeri-T...
2026-10-05 11:37:53,370 [INFO]   📁 File trovato (percorso esatto): C:\Users\2954534.UTENTI\OneDrive - Gruppo Ferrovie Dello Stato\Documenti - Ingegneria ETR - Trenitalia\DB_ETR1000\DOC_FLOTTE\VZI_Base\CONFIG\FRS\3EST000225-7907.pdf
2026-10-05 11:37:53,966 [INFO]   🎯 Indice funzione: '3.1' (score=3, func_id='LV_Country_code_selection')
2026-10-05 11:37:53,967 [INFO]   📑 Strategia A — indice funzione: '3.1' su pag.7
2026-10-05 11:37:53,972 [INFO]   ✂ Pagina iniziale parziale: testo prima di '3.1' escluso (offset=533)
2026-10-05 11:37:53,988 [INFO]   ✂ Testo troncato: indice estraneo '3.2 Pantograph Control' trovato a offset 507 — pagina parziale
2026-10-05 11:37:53,989 [INFO]   ✅✂ Pag.8: testo precedente a '3.2' incluso — poi STOP
2026-10-05 11:37:53,991 [INFO]   📖 Estratte pagine 7–8 (parziale inizio, parziale fine) da '3EST000225-7907.pdf'
2026-10-05 11:37:54,008 [INFO]     [Requisiti/VZI_Base] 3 ID estratti (es. ['2F_04.01.Zefiro-Europe.TRS.772', '2F_04.01.Zefiro-', '4S_09.03.05.-.TCMS'])
2026-10-05 11:37:54,009 [INFO]   [VZ_FR] Estrazione pag.7...
2026-10-05 11:37:54,010 [INFO]   🔍 Ricerca locale per: https://gruppofsitaliane.sharepoint.com/:f:/r/sites/IngegneriaETReMezziLeggeri-T...
2026-10-05 11:37:54,012 [INFO]   📁 File trovato (percorso esatto): C:\Users\2954534.UTENTI\OneDrive - Gruppo Ferrovie Dello Stato\Documenti - Ingegneria ETR - Trenitalia\DB_ETR1000\DOC_FLOTTE\VZ_FR\CONFIG\FRS\3ECP413571-0401.pdf
2026-10-05 11:37:54,066 [INFO]   🎯 Indice funzione: '3.1' (score=3, func_id='LV_Country_code_selection')
2026-10-05 11:37:54,067 [INFO]   📑 Strategia A — indice funzione: '3.1' su pag.7
2026-10-05 11:37:54,070 [INFO]   ✂ Pagina iniziale parziale: testo prima di '3.1' escluso (offset=533)
2026-10-05 11:37:54,084 [INFO]   ✂ Testo troncato: indice estraneo '3.2 Pantograph Control' trovato a offset 507 — pagina parziale
2026-10-05 11:37:54,084 [INFO]   ✅✂ Pag.8: testo precedente a '3.2' incluso — poi STOP
2026-10-05 11:37:54,086 [INFO]   📖 Estratte pagine 7–8 (parziale inizio, parziale fine) da '3ECP413571-0401.pdf'
2026-10-05 11:37:54,099 [INFO]     [Requisiti/VZ_FR] 3 ID estratti (es. ['2F_04.01.Zefiro-Europe.TRS.772', '2F_04.01.Zefiro-', '4S_09.03.05.-.TCMS'])
2026-10-05 11:37:54,099 [INFO]   [VZ_ES] Estrazione pag.7...
2026-10-05 11:37:54,101 [INFO]   🔍 Ricerca locale per: https://gruppofsitaliane.sharepoint.com/:f:/r/sites/IngegneriaETReMezziLeggeri-T...
2026-10-05 11:37:54,102 [INFO]   📁 File trovato (percorso esatto): C:\Users\2954534.UTENTI\OneDrive - Gruppo Ferrovie Dello Stato\Documenti - Ingegneria ETR - Trenitalia\DB_ETR1000\DOC_FLOTTE\VZ_ES\CONFIG\FRS\3EGH489028-2358.pdf
2026-10-05 11:37:54,271 [INFO]   🎯 Indice funzione: '3.1' (score=3, func_id='LV_Country_code_selection')
2026-10-05 11:37:54,272 [INFO]   📑 Strategia A — indice funzione: '3.1' su pag.7
2026-10-05 11:37:54,277 [INFO]   ✂ Pagina iniziale parziale: testo prima di '3.1' escluso (offset=556)
2026-10-05 11:37:54,289 [INFO]   ✂ Testo troncato: indice estraneo '3.2 Pantograph Control' trovato a offset 528 — pagina parziale
2026-10-05 11:37:54,290 [INFO]   ✅✂ Pag.8: testo precedente a '3.2' incluso — poi STOP
2026-10-05 11:37:54,291 [INFO]   📖 Estratte pagine 7–8 (parziale inizio, parziale fine) da '3EGH489028-2358.pdf'
2026-10-05 11:37:54,308 [INFO]     [Requisiti/VZ_ES] 3 ID estratti (es. ['2F_04.01.Zefiro-Europe.TRS.772', '2F_04.01.Zefiro-', '4S_09.03.05.-.TCMS'])
2026-10-05 11:37:54,308 [INFO]   [VZI-6_R1] Estrazione pag.12...
2026-10-05 11:37:54,309 [INFO]   🔍 Ricerca locale per: https://gruppofsitaliane.sharepoint.com/:f:/r/sites/IngegneriaETReMezziLeggeri-T...
2026-10-05 11:37:54,312 [INFO]   📁 File trovato (percorso esatto): C:\Users\2954534.UTENTI\OneDrive - Gruppo Ferrovie Dello Stato\Documenti - Ingegneria ETR - Trenitalia\DB_ETR1000\DOC_FLOTTE\VZI-6_R1\CONFIG\FRS\FA020022045.pdf
2026-10-05 11:37:54,468 [INFO]   🎯 Indice funzione: '3.1' (score=3, func_id='LV_Country_code_selection')
2026-10-05 11:37:54,468 [INFO]   📑 Strategia A — indice funzione: '3.1' su pag.12
2026-10-05 11:37:54,471 [INFO]   ✂ Pagina iniziale parziale: testo prima di '3.1' escluso (offset=186)
2026-10-05 11:37:54,494 [INFO]   ✂ Testo troncato: indice estraneo '3.2 Pantograph Control' trovato a offset 1599 — pagina parziale
2026-10-05 11:37:54,495 [INFO]   ✅✂ Pag.13: testo precedente a '3.2' incluso — poi STOP
2026-10-05 11:37:54,504 [INFO]   📖 Estratte pagine 12–13 (parziale inizio, parziale fine) da 'FA020022045.pdf'
2026-10-05 11:37:54,533 [INFO]     [Requisiti/VZI-6_R1] 4 ID estratti (es. ['2F_04.01.Zefiro-Europe.TRS.772', '2F_04.01.Zefiro-', '4S_09.03.05.-.TCMS'])
2026-10-05 11:37:54,534 [INFO]   Testi: 4/4
2026-10-05 11:37:54,565 [INFO]   [Requisiti] LV_Country_code_selection: 4 requisiti scritti/aggiornati
2026-10-05 11:37:54,568 [INFO]   [parse] [VZI_Base] ✅ Parsing regex OK — campi valorizzati: 3/16
2026-10-05 11:37:54,571 [INFO]   [parse] [VZ_FR] ✅ Parsing regex OK — campi valorizzati: 3/16
2026-10-05 11:37:54,579 [INFO]   [parse] [VZ_ES] ✅ Parsing regex OK — campi valorizzati: 3/16
2026-10-05 11:37:54,584 [INFO]   [parse] [VZI-6_R1] ✅ Parsing regex OK — campi valorizzati: 3/16
2026-10-05 11:37:54,585 [INFO]   [det] VZI_Base vs VZ_FR: nessun valore numerico diverso
2026-10-05 11:37:54,586 [INFO]   [det] VZI_Base vs VZ_ES: nessun valore numerico diverso
2026-10-05 11:37:54,587 [INFO]   [det] VZI_Base vs VZI-6_R1: nessun valore numerico diverso
2026-10-05 11:37:54,587 [INFO]   [det] VZ_FR vs VZ_ES: nessun valore numerico diverso
2026-10-05 11:37:54,588 [INFO]   [det] VZ_FR vs VZI-6_R1: nessun valore numerico diverso
2026-10-05 11:37:54,588 [INFO]   [det] VZ_ES vs VZI-6_R1: nessun valore numerico diverso
2026-10-05 11:37:54,589 [INFO]   ✅ Nessun hint parametrico
2026-10-05 11:37:54,590 [INFO]   ✅ Nessuna diff. oggettiva
2026-10-05 11:37:54,590 [INFO]   Chiamata Ollama (unica per questo gruppo, 4 config in parallelo nel prompt)...
2026-10-05 11:37:54,592 [INFO]   Ollama: analisi 'LV_Country_code_selection' (4 config)...
2026-10-05 11:44:31,931 [INFO] HTTP Request: POST http://127.0.0.1:11434/api/chat "HTTP/1.1 200 OK"
2026-10-05 11:44:31,934 [INFO]   ✅ Cache — score=85 diff=4
2026-10-05 11:44:31,935 [INFO]   [VZI_Base] 🟢 VERDE | score=85 | diff=4
2026-10-05 11:44:31,936 [INFO]   [VZI_Base] 🟢 VERDE | Score: 85
2026-10-05 11:44:32,937 [INFO]   [VZ_FR] Da cache (score=85)
2026-10-05 11:44:32,938 [INFO]   [VZ_FR] 🟢 VERDE | score=85 | diff=4
2026-10-05 11:44:32,938 [INFO]   [VZ_FR] 🟢 VERDE | Score: 85
2026-10-05 11:44:32,938 [INFO]   [VZ_ES] Da cache (score=85)
2026-10-05 11:44:32,939 [INFO]   [VZ_ES] 🟢 VERDE | score=85 | diff=4
2026-10-05 11:44:32,940 [INFO]   [VZ_ES] 🟢 VERDE | Score: 85
2026-10-05 11:44:32,940 [INFO]   [VZI-6_R1] Da cache (score=85)
2026-10-05 11:44:32,941 [INFO]   [VZI-6_R1] 🟢 VERDE | score=85 | diff=4
2026-10-05 11:44:32,941 [INFO]   [VZI-6_R1] 🟢 VERDE | Score: 85
2026-10-05 11:44:32,942 [INFO] Limite MAX_CELLS_PER_RUN raggiunto (4).
2026-10-05 11:44:34,058 [INFO] ✅ File Excel salvato: C:\__SCRIPTS\AskTrainMind\DB Flotte ETR1000 Ver_1.8_PROVA.xlsx
2026-10-05 11:44:34,059 [INFO] Fine.
